{"type":"FeatureCollection","features":[{"type":"Feature","geometry":{"type":"Point","coordinates":[38.7274124,56.3967619]},"properties":{"name":"Сатурн","cat":"cultural","kind":"Культура","website":null}},{"type":"Feature","geometry":{"type":"Point","coordinates":[40.677792,55.6213321]},"properties":{"name":"Вулкан","cat":"cultural","kind":"Культура","website":null}},{"type":"Feature","geometry":{"type":"Point","coordinates":[40.6653303,55.6168418]},"properties":{"name":"Алмаз","cat":"cultural","kind":"Культура","website":null}},{"type":"Feature","geometry":{"type":"Point","coordinates":[40.0263287,56.1292604]},"properties":{"name":"Юность","cat":"cultural","kind":"Культура","website":null}},{"type":"Feature","geometry":{"type":"Point","coordinates":[40.012695,56.1299273]},"properties":{"name":"Дом творчества","cat":"cultural","kind":"Культура","website":null}},{"type":"Feature","geometry":{"type":"Point","coordinates":[42.1547874,56.2456594]},"properties":{"name":"Ярополье","cat":"cultural","kind":"Культура","website":null}},{"type":"Feature","geometry":{"type":"Point","coordinates":[40.4684483,56.1655977]},"properties":{"name":"РусьКино","cat":"cultural","kind":"Культура","website":"http://www.ruskino33.ru/"}},{"type":"Feature","geometry":{"type":"Point","coordinates":[41.2825671,56.3497848]},"properties":{"name":"Родина","cat":"cultural","kind":"Культура","website":null}},{"type":"Feature","geometry":{"type":"Point","coordinates":[42.0493216,55.5760639]},"properties":{"name":"Дворец культуры","cat":"cultural","kind":"Культура","website":"https://teatr-murom.ru/"}},{"type":"Feature","geometry":{"type":"Point","coordinates":[42.0538401,55.5777698]},"properties":{"name":"Октябрь","cat":"cultural","kind":"Культура","website":null}},{"type":"Feature","geometry":{"type":"Point","coordinates":[40.0235236,55.9879844]},"properties":{"name":"Восход","cat":"cultural","kind":"Культура","website":null}},{"type":"Feature","geometry":{"type":"Point","coordinates":[40.4033772,56.1300154]},"properties":{"name":"Владимирский областной театр кукол","cat":"cultural","kind":"Культура","website":"http://votk33.ru/"}},{"type":"Feature","geometry":{"type":"Point","coordinates":[40.458692,56.1528243]},"properties":{"name":"Милосердие и порядок","cat":"cultural","kind":"Культура","website":null}},{"type":"Feature","geometry":{"type":"Point","coordinates":[40.3662144,56.1192059]},"properties":{"name":"Киномакс Буревестник","cat":"cultural","kind":"Культура","website":null}},{"type":"Feature","geometry":{"type":"Point","coordinates":[40.3929358,56.1409983]},"properties":{"name":"Новая Сцена","cat":"cultural","kind":"Культура","website":null}},{"type":"Feature","geometry":{"type":"Point","coordinates":[40.4864985,56.1681403]},"properties":{"name":"Театр фольклора «Разгуляй»","cat":"cultural","kind":"Культура","website":"www.razgulyai33.ru"}},{"type":"Feature","geometry":{"type":"Point","coordinates":[40.4012716,56.12752]},"properties":{"name":"Фавор","cat":"cultural","kind":"Культура","website":null}},{"type":"Feature","geometry":{"type":"Point","coordinates":[40.4103158,56.1284794]},"properties":{"name":"Картинная галерея","cat":"cultural","kind":"Культура","website":null}},{"type":"Feature","geometry":{"type":"Point","coordinates":[40.4023021,56.1281253]},"properties":{"name":"Галерея Владимирской школы живописи","cat":"cultural","kind":"Культура","website":null}},{"type":"Feature","geometry":{"type":"Point","coordinates":[40.4034217,56.1290326]},"properties":{"name":"Кино 9D","cat":"cultural","kind":"Культура","website":null}},{"type":"Feature","geometry":{"type":"Point","coordinates":[40.4021675,56.1265119]},"properties":{"name":"Арт-галерея авторских кукол и мишек Teddy Чирковых Марины и Василисы","cat":"cultural","kind":"Культура","website":null}},{"type":"Feature","geometry":{"type":"Point","coordinates":[41.303978,56.3647412]},"properties":{"name":"Синема Парк","cat":"cultural","kind":"Культура","website":null}},{"type":"Feature","geometry":{"type":"Point","coordinates":[41.9657957,55.5248521]},"properties":{"name":"Вербовский","cat":"cultural","kind":"Культура","website":"https://dk-verba.ru/"}},{"type":"Feature","geometry":{"type":"Point","coordinates":[41.6264228,55.3355522]},"properties":{"name":"Кинотеатр Мельница","cat":"cultural","kind":"Культура","website":null}},{"type":"Feature","geometry":{"type":"Point","coordinates":[40.424834,56.1358613]},"properties":{"name":"Maxtone Concert Hall","cat":"cultural","kind":"Культура","website":null}},{"type":"Feature","geometry":{"type":"Point","coordinates":[38.7193769,56.3752711]},"properties":{"name":"Южный","cat":"cultural","kind":"Культура","website":null}},{"type":"Feature","geometry":{"type":"Point","coordinates":[38.7112498,56.3949739]},"properties":{"name":"Александровский муниципальный театр драмы","cat":"cultural","kind":"Культура","website":"http://mbugamtd.ru/"}},{"type":"Feature","geometry":{"type":"Point","coordinates":[38.8735127,56.163517]},"properties":{"name":"Кинозал VIVAT","cat":"cultural","kind":"Культура","website":null}},{"type":"Feature","geometry":{"type":"Point","coordinates":[38.8730367,56.1617464]},"properties":{"name":"Детский театр \"Совёнок\"","cat":"cultural","kind":"Культура","website":"http://teatr.sovenok33.ru"}},{"type":"Feature","geometry":{"type":"Point","coordinates":[41.3113541,56.3497897]},"properties":{"name":"ковров","cat":"cultural","kind":"Культура","website":null}},{"type":"Feature","geometry":{"type":"Point","coordinates":[42.0645698,55.5720663]},"properties":{"name":"Дом Народного Творчества","cat":"cultural","kind":"Культура","website":null}},{"type":"Feature","geometry":{"type":"Point","coordinates":[39.3762363,56.3063294]},"properties":{"name":"Адамант-Синема","cat":"cultural","kind":"Культура","website":"http://adamant-cinema.ru"}},{"type":"Feature","geometry":{"type":"Point","coordinates":[40.4336728,56.4293775]},"properties":{"name":"Театральный Агроленд","cat":"cultural","kind":"Культура","website":null}},{"type":"Feature","geometry":{"type":"Point","coordinates":[42.0560213,55.5798438]},"properties":{"name":"Художественная галерея Муромского историко-художественного музея","cat":"cultural","kind":"Культура","website":null}},{"type":"Feature","geometry":{"type":"Point","coordinates":[40.3960455,56.1256318]},"properties":{"name":"Владимирский академический областной драматический театр","cat":"cultural","kind":"Культура","website":"https://dramavladimir.ru/"}},{"type":"Feature","geometry":{"type":"Point","coordinates":[39.1656032,55.9164644]},"properties":{"name":"Покровский мельник","cat":"gastronomic","kind":"Где поесть","website":null}},{"type":"Feature","geometry":{"type":"Point","coordinates":[39.0763524,55.9013508]},"properties":{"name":"Теремок","cat":"gastronomic","kind":"Где поесть","website":null}},{"type":"Feature","geometry":{"type":"Point","coordinates":[40.9592494,55.9583914]},"properties":{"name":"Шашлычная","cat":"gastronomic","kind":"Где поесть","website":null}},{"type":"Feature","geometry":{"type":"Point","coordinates":[40.866517,55.9530185]},"properties":{"name":"Лунный камень","cat":"gastronomic","kind":"Где поесть","website":null}},{"type":"Feature","geometry":{"type":"Point","coordinates":[40.8662962,55.9521239]},"properties":{"name":"Каретный двор","cat":"gastronomic","kind":"Где поесть","website":null}},{"type":"Feature","geometry":{"type":"Point","coordinates":[40.4540627,56.156491]},"properties":{"name":"Бархан","cat":"gastronomic","kind":"Где поесть","website":null}},{"type":"Feature","geometry":{"type":"Point","coordinates":[40.4591043,56.4575315]},"properties":{"name":"Кафе","cat":"gastronomic","kind":"Где поесть","website":null}},{"type":"Feature","geometry":{"type":"Point","coordinates":[40.4178652,56.4302397]},"properties":{"name":"Кабак","cat":"gastronomic","kind":"Где поесть","website":null}},{"type":"Feature","geometry":{"type":"Point","coordinates":[40.4448969,56.4131763]},"properties":{"name":"На Пинаихе","cat":"gastronomic","kind":"Где поесть","website":null}},{"type":"Feature","geometry":{"type":"Point","coordinates":[40.4469683,56.4184786]},"properties":{"name":"Славянский бар","cat":"gastronomic","kind":"Где поесть","website":null}},{"type":"Feature","geometry":{"type":"Point","coordinates":[40.4481371,56.4190182]},"properties":{"name":"Гостиный двор","cat":"gastronomic","kind":"Где поесть","website":"http://suzdal-dvor.ru/"}},{"type":"Feature","geometry":{"type":"Point","coordinates":[40.4494598,56.4187883]},"properties":{"name":"Сокол","cat":"gastronomic","kind":"Где поесть","website":null}},{"type":"Feature","geometry":{"type":"Point","coordinates":[40.4504718,56.4178281]},"properties":{"name":"Кафе","cat":"gastronomic","kind":"Где поесть","website":null}},{"type":"Feature","geometry":{"type":"Point","coordinates":[40.4012063,56.1281381]},"properties":{"name":"БурБон","cat":"gastronomic","kind":"Где поесть","website":null}},{"type":"Feature","geometry":{"type":"Point","coordinates":[38.5847956,56.3738208]},"properties":{"name":"Фортуна","cat":"gastronomic","kind":"Где поесть","website":null}},{"type":"Feature","geometry":{"type":"Point","coordinates":[40.0109518,55.9912798]},"properties":{"name":"Рожков","cat":"gastronomic","kind":"Где поесть","website":null}},{"type":"Feature","geometry":{"type":"Point","coordinates":[39.446467,55.936679]},"properties":{"name":"Сарай","cat":"gastronomic","kind":"Где поесть","website":"Saray33.ru"}},{"type":"Feature","geometry":{"type":"Point","coordinates":[41.3056208,56.3704123]},"properties":{"name":"Ретро","cat":"gastronomic","kind":"Где поесть","website":null}},{"type":"Feature","geometry":{"type":"Point","coordinates":[40.6754028,55.6088125]},"properties":{"name":"Самовар","cat":"gastronomic","kind":"Где поесть","website":null}},{"type":"Feature","geometry":{"type":"Point","coordinates":[40.6561978,55.6214793]},"properties":{"name":"Шабада","cat":"gastronomic","kind":"Где поесть","website":null}},{"type":"Feature","geometry":{"type":"Point","coordinates":[40.670044,55.6149355]},"properties":{"name":"Мальцов","cat":"gastronomic","kind":"Где поесть","website":null}},{"type":"Feature","geometry":{"type":"Point","coordinates":[40.6653962,55.616817]},"properties":{"name":"Пиццерия","cat":"gastronomic","kind":"Где поесть","website":null}},{"type":"Feature","geometry":{"type":"Point","coordinates":[40.6772753,55.6093661]},"properties":{"name":"Гладиатор","cat":"gastronomic","kind":"Где поесть","website":null}},{"type":"Feature","geometry":{"type":"Point","coordinates":[40.6732282,55.615966]},"properties":{"name":"Мещера","cat":"gastronomic","kind":"Где поесть","website":null}},{"type":"Feature","geometry":{"type":"Point","coordinates":[40.6551183,55.6046131]},"properties":{"name":"20","cat":"gastronomic","kind":"Где поесть","website":null}},{"type":"Feature","geometry":{"type":"Point","coordinates":[39.6825854,56.4989809]},"properties":{"name":"Золотое Кольцо","cat":"gastronomic","kind":"Где поесть","website":null}},{"type":"Feature","geometry":{"type":"Point","coordinates":[40.6723298,55.6151133]},"properties":{"name":"Услади друзей","cat":"gastronomic","kind":"Где поесть","website":null}},{"type":"Feature","geometry":{"type":"Point","coordinates":[38.8660303,56.1569188]},"properties":{"name":"Спутник","cat":"gastronomic","kind":"Где поесть","website":null}},{"type":"Feature","geometry":{"type":"Point","coordinates":[40.4020689,56.1280671]},"properties":{"name":"Пятый элемент","cat":"gastronomic","kind":"Где поесть","website":null}},{"type":"Feature","geometry":{"type":"Point","coordinates":[39.1890469,55.9187384]},"properties":{"name":"Славянка","cat":"gastronomic","kind":"Где поесть","website":null}},{"type":"Feature","geometry":{"type":"Point","coordinates":[42.1883733,56.2194628]},"properties":{"name":"Клаксон","cat":"gastronomic","kind":"Где поесть","website":null}},{"type":"Feature","geometry":{"type":"Point","coordinates":[42.1871104,56.2202287]},"properties":{"name":"Юлия","cat":"gastronomic","kind":"Где поесть","website":null}},{"type":"Feature","geometry":{"type":"Point","coordinates":[42.1640673,56.1988065]},"properties":{"name":"Кафе","cat":"gastronomic","kind":"Где поесть","website":null}},{"type":"Feature","geometry":{"type":"Point","coordinates":[39.0693013,55.8999817]},"properties":{"name":"Русская изба","cat":"gastronomic","kind":"Где поесть","website":null}},{"type":"Feature","geometry":{"type":"Point","coordinates":[40.3968753,56.1206976]},"properties":{"name":"Круча","cat":"gastronomic","kind":"Где поесть","website":null}},{"type":"Feature","geometry":{"type":"Point","coordinates":[40.6766458,55.6050503]},"properties":{"name":"Ольга","cat":"gastronomic","kind":"Где поесть","website":null}},{"type":"Feature","geometry":{"type":"Point","coordinates":[40.6863125,55.6271467]},"properties":{"name":"Долина","cat":"gastronomic","kind":"Где поесть","website":null}},{"type":"Feature","geometry":{"type":"Point","coordinates":[40.0204693,56.1321676]},"properties":{"name":"Кафе","cat":"gastronomic","kind":"Где поесть","website":null}},{"type":"Feature","geometry":{"type":"Point","coordinates":[40.0161041,56.1325967]},"properties":{"name":"Мечта","cat":"gastronomic","kind":"Где поесть","website":null}},{"type":"Feature","geometry":{"type":"Point","coordinates":[40.4426672,56.416121]},"properties":{"name":"Трапезная","cat":"gastronomic","kind":"Где поесть","website":null}},{"type":"Feature","geometry":{"type":"Point","coordinates":[40.4484109,56.423635]},"properties":{"name":"Ландыш","cat":"gastronomic","kind":"Где поесть","website":null}},{"type":"Feature","geometry":{"type":"Point","coordinates":[40.4442717,56.4175847]},"properties":{"name":"Русская ресторация","cat":"gastronomic","kind":"Где поесть","website":null}},{"type":"Feature","geometry":{"type":"Point","coordinates":[40.4406234,56.4316017]},"properties":{"name":"На Яру","cat":"gastronomic","kind":"Где поесть","website":null}},{"type":"Feature","geometry":{"type":"Point","coordinates":[40.4448626,56.4316212]},"properties":{"name":"На Пожарского","cat":"gastronomic","kind":"Где поесть","website":null}},{"type":"Feature","geometry":{"type":"Point","coordinates":[40.4474134,56.4205208]},"properties":{"name":"Град","cat":"gastronomic","kind":"Где поесть","website":null}},{"type":"Feature","geometry":{"type":"Point","coordinates":[38.666981,56.0982361]},"properties":{"name":"Кошкин дом","cat":"gastronomic","kind":"Где поесть","website":null}},{"type":"Feature","geometry":{"type":"Point","coordinates":[42.694643,56.1961587]},"properties":{"name":"Дорожное","cat":"gastronomic","kind":"Где поесть","website":null}},{"type":"Feature","geometry":{"type":"Point","coordinates":[39.6720309,56.4939699]},"properties":{"name":"Акварель","cat":"gastronomic","kind":"Где поесть","website":null}},{"type":"Feature","geometry":{"type":"Point","coordinates":[40.3996463,56.1267967]},"properties":{"name":"Каретный двор","cat":"gastronomic","kind":"Где поесть","website":null}},{"type":"Feature","geometry":{"type":"Point","coordinates":[42.0337797,56.1941536]},"properties":{"name":"Родник","cat":"gastronomic","kind":"Где поесть","website":null}},{"type":"Feature","geometry":{"type":"Point","coordinates":[40.3945876,56.1273308]},"properties":{"name":"Фламинго","cat":"gastronomic","kind":"Где поесть","website":null}},{"type":"Feature","geometry":{"type":"Point","coordinates":[40.3622653,56.1225232]},"properties":{"name":"Покушай","cat":"gastronomic","kind":"Где поесть","website":null}},{"type":"Feature","geometry":{"type":"Point","coordinates":[40.3958284,56.1401324]},"properties":{"name":"Бочка","cat":"gastronomic","kind":"Где поесть","website":null}},{"type":"Feature","geometry":{"type":"Point","coordinates":[42.4212055,56.1728452]},"properties":{"name":"24 OPEN","cat":"gastronomic","kind":"Где поесть","website":null}},{"type":"Feature","geometry":{"type":"Point","coordinates":[40.3343741,56.1133207]},"properties":{"name":"KFC","cat":"gastronomic","kind":"Где поесть","website":null}},{"type":"Feature","geometry":{"type":"Point","coordinates":[40.3017773,56.1061465]},"properties":{"name":"Дубрава","cat":"gastronomic","kind":"Где поесть","website":null}},{"type":"Feature","geometry":{"type":"Point","coordinates":[40.3928764,56.1417946]},"properties":{"name":"Пельменная","cat":"gastronomic","kind":"Где поесть","website":null}},{"type":"Feature","geometry":{"type":"Point","coordinates":[39.8953257,55.9962798]},"properties":{"name":"Столовая №2 \"Рожков\"","cat":"gastronomic","kind":"Где поесть","website":null}},{"type":"Feature","geometry":{"type":"Point","coordinates":[39.954315,56.0142976]},"properties":{"name":"Восточный рай","cat":"gastronomic","kind":"Где поесть","website":null}},{"type":"Feature","geometry":{"type":"Point","coordinates":[40.4475413,56.4195656]},"properties":{"name":"Суздальская медовуха","cat":"gastronomic","kind":"Где поесть","website":null}},{"type":"Feature","geometry":{"type":"Point","coordinates":[39.1757696,55.9183893]},"properties":{"name":"Гурман","cat":"gastronomic","kind":"Где поесть","website":null}},{"type":"Feature","geometry":{"type":"Point","coordinates":[40.661317,55.6156782]},"properties":{"name":"Фонарик","cat":"gastronomic","kind":"Где поесть","website":null}},{"type":"Feature","geometry":{"type":"Point","coordinates":[40.394139,56.1401554]},"properties":{"name":"Лунное сияние","cat":"gastronomic","kind":"Где поесть","website":null}},{"type":"Feature","geometry":{"type":"Point","coordinates":[40.3938631,56.1402568]},"properties":{"name":"Лунный камень","cat":"gastronomic","kind":"Где поесть","website":null}},{"type":"Feature","geometry":{"type":"Point","coordinates":[40.3965759,56.1397876]},"properties":{"name":"Шаверма хаус","cat":"gastronomic","kind":"Где поесть","website":null}},{"type":"Feature","geometry":{"type":"Point","coordinates":[40.3820894,56.1480915]},"properties":{"name":"Ника","cat":"gastronomic","kind":"Где поесть","website":null}},{"type":"Feature","geometry":{"type":"Point","coordinates":[40.3904963,56.1431083]},"properties":{"name":"Закусочная","cat":"gastronomic","kind":"Где поесть","website":null}},{"type":"Feature","geometry":{"type":"Point","coordinates":[39.6433861,56.2058793]},"properties":{"name":"Очаг","cat":"gastronomic","kind":"Где поесть","website":null}},{"type":"Feature","geometry":{"type":"Point","coordinates":[39.672537,56.4939331]},"properties":{"name":"Фаворит","cat":"gastronomic","kind":"Где поесть","website":null}},{"type":"Feature","geometry":{"type":"Point","coordinates":[42.0585797,55.5781646]},"properties":{"name":"Капитан Крюк","cat":"gastronomic","kind":"Где поесть","website":null}},{"type":"Feature","geometry":{"type":"Point","coordinates":[40.4045594,56.1293848]},"properties":{"name":"Космополь","cat":"gastronomic","kind":"Где поесть","website":null}},{"type":"Feature","geometry":{"type":"Point","coordinates":[40.4052162,56.129009]},"properties":{"name":"Вкусно — и точка","cat":"gastronomic","kind":"Где поесть","website":null}},{"type":"Feature","geometry":{"type":"Point","coordinates":[41.3071999,56.3666061]},"properties":{"name":"Жар птица","cat":"gastronomic","kind":"Где поесть","website":null}},{"type":"Feature","geometry":{"type":"Point","coordinates":[41.3058591,56.3666751]},"properties":{"name":"Юность","cat":"gastronomic","kind":"Где поесть","website":null}},{"type":"Feature","geometry":{"type":"Point","coordinates":[40.3986485,56.1294267]},"properties":{"name":"Крендель","cat":"gastronomic","kind":"Где поесть","website":null}},{"type":"Feature","geometry":{"type":"Point","coordinates":[41.3102679,56.3673811]},"properties":{"name":"Канто","cat":"gastronomic","kind":"Где поесть","website":null}},{"type":"Feature","geometry":{"type":"Point","coordinates":[41.3102226,56.367323]},"properties":{"name":"Час пик","cat":"gastronomic","kind":"Где поесть","website":null}},{"type":"Feature","geometry":{"type":"Point","coordinates":[40.4008641,56.1285971]},"properties":{"name":"Метелица","cat":"gastronomic","kind":"Где поесть","website":null}},{"type":"Feature","geometry":{"type":"Point","coordinates":[40.3976192,56.1279293]},"properties":{"name":"Стрелецкая застава","cat":"gastronomic","kind":"Где поесть","website":null}},{"type":"Feature","geometry":{"type":"Point","coordinates":[39.4572367,55.936688]},"properties":{"name":"Вкусно — и точка","cat":"gastronomic","kind":"Где поесть","website":"https://mcdonalds.ru"}},{"type":"Feature","geometry":{"type":"Point","coordinates":[40.3966551,56.1244055]},"properties":{"name":"Мономах","cat":"gastronomic","kind":"Где поесть","website":null}},{"type":"Feature","geometry":{"type":"Point","coordinates":[40.3923548,56.1258462]},"properties":{"name":"Самурай","cat":"gastronomic","kind":"Где поесть","website":"http://www.samurai-vladimir.ru"}},{"type":"Feature","geometry":{"type":"Point","coordinates":[40.4369515,56.4138897]},"properties":{"name":"Гнездо пекаря","cat":"gastronomic","kind":"Где поесть","website":"http://bakernest.com/place.html"}},{"type":"Feature","geometry":{"type":"Point","coordinates":[40.3933713,56.1372014]},"properties":{"name":"Эгоист","cat":"gastronomic","kind":"Где поесть","website":"https://эгоист33.рф"}},{"type":"Feature","geometry":{"type":"Point","coordinates":[40.3851047,56.1230682]},"properties":{"name":"Империя пиццы","cat":"gastronomic","kind":"Где поесть","website":null}},{"type":"Feature","geometry":{"type":"Point","coordinates":[40.3808821,56.1213724]},"properties":{"name":"Барракуда","cat":"gastronomic","kind":"Где поесть","website":null}},{"type":"Feature","geometry":{"type":"Point","coordinates":[40.3833862,56.1226213]},"properties":{"name":"Чески Крумлов","cat":"gastronomic","kind":"Где поесть","website":null}},{"type":"Feature","geometry":{"type":"Point","coordinates":[38.5566102,56.0641129]},"properties":{"name":"Охотничий дворик","cat":"gastronomic","kind":"Где поесть","website":null}},{"type":"Feature","geometry":{"type":"Point","coordinates":[40.3987155,56.1256681]},"properties":{"name":"Блинчики","cat":"gastronomic","kind":"Где поесть","website":null}},{"type":"Feature","geometry":{"type":"Point","coordinates":[39.6776714,56.4950221]},"properties":{"name":"На Набережной","cat":"gastronomic","kind":"Где поесть","website":null}},{"type":"Feature","geometry":{"type":"Point","coordinates":[39.6777305,56.4986405]},"properties":{"name":"Столовая","cat":"gastronomic","kind":"Где поесть","website":null}},{"type":"Feature","geometry":{"type":"Point","coordinates":[41.3059293,56.3754582]},"properties":{"name":"Стартер","cat":"gastronomic","kind":"Где поесть","website":null}},{"type":"Feature","geometry":{"type":"Point","coordinates":[41.307756,56.3768706]},"properties":{"name":"Лель","cat":"gastronomic","kind":"Где поесть","website":null}},{"type":"Feature","geometry":{"type":"Point","coordinates":[41.3038414,56.3702274]},"properties":{"name":"То-То Пицца","cat":"gastronomic","kind":"Где поесть","website":"https://totopizza.ru"}},{"type":"Feature","geometry":{"type":"Point","coordinates":[40.0320744,55.9904269]},"properties":{"name":"Кристалл","cat":"gastronomic","kind":"Где поесть","website":null}},{"type":"Feature","geometry":{"type":"Point","coordinates":[40.0262165,55.991021]},"properties":{"name":"Каскад","cat":"gastronomic","kind":"Где поесть","website":null}},{"type":"Feature","geometry":{"type":"Point","coordinates":[38.8730995,56.1175849]},"properties":{"name":"Шахерезада","cat":"gastronomic","kind":"Где поесть","website":null}},{"type":"Feature","geometry":{"type":"Point","coordinates":[38.8481322,56.1484553]},"properties":{"name":"Глоб","cat":"gastronomic","kind":"Где поесть","website":"www.kafe-glob.ru"}},{"type":"Feature","geometry":{"type":"Point","coordinates":[39.6842507,56.5098128]},"properties":{"name":"Дискобар \"Скай\"","cat":"gastronomic","kind":"Где поесть","website":null}},{"type":"Feature","geometry":{"type":"Point","coordinates":[39.6845028,56.5097965]},"properties":{"name":"Ретроскай","cat":"gastronomic","kind":"Где поесть","website":null}},{"type":"Feature","geometry":{"type":"Point","coordinates":[40.0787905,56.1008872]},"properties":{"name":"Кафе Пирожки","cat":"gastronomic","kind":"Где поесть","website":null}},{"type":"Feature","geometry":{"type":"Point","coordinates":[40.4160356,56.1321612]},"properties":{"name":"Владимир","cat":"gastronomic","kind":"Где поесть","website":null}},{"type":"Feature","geometry":{"type":"Point","coordinates":[40.4138368,56.1322683]},"properties":{"name":"Жар-птица","cat":"gastronomic","kind":"Где поесть","website":null}},{"type":"Feature","geometry":{"type":"Point","coordinates":[40.4165566,56.1325061]},"properties":{"name":"Шеш-беш","cat":"gastronomic","kind":"Где поесть","website":"https://vl.shesh-besh37.ru"}},{"type":"Feature","geometry":{"type":"Point","coordinates":[40.4185402,56.1329998]},"properties":{"name":"Три пескаря","cat":"gastronomic","kind":"Где поесть","website":null}},{"type":"Feature","geometry":{"type":"Point","coordinates":[40.4210197,56.1313978]},"properties":{"name":"Мистер гамбургер","cat":"gastronomic","kind":"Где поесть","website":null}},{"type":"Feature","geometry":{"type":"Point","coordinates":[40.4223148,56.1315262]},"properties":{"name":"Ветерок","cat":"gastronomic","kind":"Где поесть","website":null}},{"type":"Feature","geometry":{"type":"Point","coordinates":[40.4164852,56.1425343]},"properties":{"name":"Поющий лосось","cat":"gastronomic","kind":"Где поесть","website":null}},{"type":"Feature","geometry":{"type":"Point","coordinates":[40.4117602,56.1423024]},"properties":{"name":"Полярис","cat":"gastronomic","kind":"Где поесть","website":null}},{"type":"Feature","geometry":{"type":"Point","coordinates":[40.4300456,56.1361652]},"properties":{"name":"Баринъ","cat":"gastronomic","kind":"Где поесть","website":null}},{"type":"Feature","geometry":{"type":"Point","coordinates":[40.4247222,56.1354208]},"properties":{"name":"Султан","cat":"gastronomic","kind":"Где поесть","website":null}},{"type":"Feature","geometry":{"type":"Point","coordinates":[40.4143276,56.1331477]},"properties":{"name":"Хачапурия","cat":"gastronomic","kind":"Где поесть","website":"http://xn--33-6kca4b2bhxov7g.xn--p1ai/"}},{"type":"Feature","geometry":{"type":"Point","coordinates":[40.4089537,56.1383033]},"properties":{"name":"Купеческий двор","cat":"gastronomic","kind":"Где поесть","website":null}},{"type":"Feature","geometry":{"type":"Point","coordinates":[40.4072227,56.1380025]},"properties":{"name":"Плов центр No1","cat":"gastronomic","kind":"Где поесть","website":null}},{"type":"Feature","geometry":{"type":"Point","coordinates":[40.424686,56.1455673]},"properties":{"name":"Времена года","cat":"gastronomic","kind":"Где поесть","website":null}},{"type":"Feature","geometry":{"type":"Point","coordinates":[40.4115247,56.1436993]},"properties":{"name":"Подсолнухи","cat":"gastronomic","kind":"Где поесть","website":null}},{"type":"Feature","geometry":{"type":"Point","coordinates":[40.3985937,56.1295211]},"properties":{"name":"Антикафе \"На чердаке\"","cat":"gastronomic","kind":"Где поесть","website":null}},{"type":"Feature","geometry":{"type":"Point","coordinates":[40.4024093,56.1302118]},"properties":{"name":"Свобода","cat":"gastronomic","kind":"Где поесть","website":null}},{"type":"Feature","geometry":{"type":"Point","coordinates":[40.3998659,56.1270452]},"properties":{"name":"Шанхай","cat":"gastronomic","kind":"Где поесть","website":null}},{"type":"Feature","geometry":{"type":"Point","coordinates":[40.3935116,56.1339524]},"properties":{"name":"Бюргер","cat":"gastronomic","kind":"Где поесть","website":null}},{"type":"Feature","geometry":{"type":"Point","coordinates":[40.4214704,56.1495123]},"properties":{"name":"Северянка","cat":"gastronomic","kind":"Где поесть","website":null}},{"type":"Feature","geometry":{"type":"Point","coordinates":[40.4006529,56.1285427]},"properties":{"name":"Вилки Нет","cat":"gastronomic","kind":"Где поесть","website":null}},{"type":"Feature","geometry":{"type":"Point","coordinates":[40.4557616,56.1524702]},"properties":{"name":"Надежда","cat":"gastronomic","kind":"Где поесть","website":null}},{"type":"Feature","geometry":{"type":"Point","coordinates":[40.4570119,56.152119]},"properties":{"name":"Авеню","cat":"gastronomic","kind":"Где поесть","website":null}},{"type":"Feature","geometry":{"type":"Point","coordinates":[40.4584367,56.1524531]},"properties":{"name":"Гжель","cat":"gastronomic","kind":"Где поесть","website":null}},{"type":"Feature","geometry":{"type":"Point","coordinates":[40.4360091,56.150223]},"properties":{"name":"Почайка","cat":"gastronomic","kind":"Где поесть","website":null}},{"type":"Feature","geometry":{"type":"Point","coordinates":[40.4031716,56.1432042]},"properties":{"name":"Лунная ночь","cat":"gastronomic","kind":"Где поесть","website":null}},{"type":"Feature","geometry":{"type":"Point","coordinates":[40.3965633,56.1403751]},"properties":{"name":"Лукоморье","cat":"gastronomic","kind":"Где поесть","website":null}},{"type":"Feature","geometry":{"type":"Point","coordinates":[38.8480574,56.1502464]},"properties":{"name":"Чикен Бургер","cat":"gastronomic","kind":"Где поесть","website":"chiken-burger33.ru"}},{"type":"Feature","geometry":{"type":"Point","coordinates":[40.3791579,56.1217921]},"properties":{"name":"Чайна-Я","cat":"gastronomic","kind":"Где поесть","website":null}},{"type":"Feature","geometry":{"type":"Point","coordinates":[40.4027104,56.1319297]},"properties":{"name":"Прованс","cat":"gastronomic","kind":"Где поесть","website":null}},{"type":"Feature","geometry":{"type":"Point","coordinates":[40.3672775,56.118383]},"properties":{"name":"Mon Plaisir","cat":"gastronomic","kind":"Где поесть","website":null}},{"type":"Feature","geometry":{"type":"Point","coordinates":[40.3666228,56.1194957]},"properties":{"name":"Картофельный Папа","cat":"gastronomic","kind":"Где поесть","website":null}},{"type":"Feature","geometry":{"type":"Point","coordinates":[40.3673178,56.1195425]},"properties":{"name":"Нива","cat":"gastronomic","kind":"Где поесть","website":null}},{"type":"Feature","geometry":{"type":"Point","coordinates":[40.3623737,56.121038]},"properties":{"name":"Дуэт","cat":"gastronomic","kind":"Где поесть","website":null}},{"type":"Feature","geometry":{"type":"Point","coordinates":[42.1480391,56.2483749]},"properties":{"name":"Колос","cat":"gastronomic","kind":"Где поесть","website":null}},{"type":"Feature","geometry":{"type":"Point","coordinates":[42.1336464,56.2465895]},"properties":{"name":"Вязники","cat":"gastronomic","kind":"Где поесть","website":null}},{"type":"Feature","geometry":{"type":"Point","coordinates":[42.1599562,56.2466745]},"properties":{"name":"\"На Соборной\"","cat":"gastronomic","kind":"Где поесть","website":null}},{"type":"Feature","geometry":{"type":"Point","coordinates":[38.7020418,56.3059879]},"properties":{"name":"Добряк","cat":"gastronomic","kind":"Где поесть","website":null}},{"type":"Feature","geometry":{"type":"Point","coordinates":[39.3713171,56.2977879]},"properties":{"name":"Перекрёсток","cat":"gastronomic","kind":"Где поесть","website":null}},{"type":"Feature","geometry":{"type":"Point","coordinates":[39.3651612,56.2923407]},"properties":{"name":"Встреча","cat":"gastronomic","kind":"Где поесть","website":null}},{"type":"Feature","geometry":{"type":"Point","coordinates":[39.3802315,56.2999523]},"properties":{"name":"Юность","cat":"gastronomic","kind":"Где поесть","website":null}},{"type":"Feature","geometry":{"type":"Point","coordinates":[39.357021,56.3085647]},"properties":{"name":"Дворик Гаваны","cat":"gastronomic","kind":"Где поесть","website":null}},{"type":"Feature","geometry":{"type":"Point","coordinates":[39.3868041,56.2991566]},"properties":{"name":"Ахтамар","cat":"gastronomic","kind":"Где поесть","website":null}},{"type":"Feature","geometry":{"type":"Point","coordinates":[40.3542347,56.117887]},"properties":{"name":"Гавань","cat":"gastronomic","kind":"Где поесть","website":null}},{"type":"Feature","geometry":{"type":"Point","coordinates":[40.3550557,56.1180152]},"properties":{"name":"Лагуна","cat":"gastronomic","kind":"Где поесть","website":null}},{"type":"Feature","geometry":{"type":"Point","coordinates":[40.3669606,56.1176871]},"properties":{"name":"Елки-палки","cat":"gastronomic","kind":"Где поесть","website":null}},{"type":"Feature","geometry":{"type":"Point","coordinates":[40.3531151,56.1121296]},"properties":{"name":"Жемчужина","cat":"gastronomic","kind":"Где поесть","website":null}},{"type":"Feature","geometry":{"type":"Point","coordinates":[40.3534118,56.1135057]},"properties":{"name":"Бистро","cat":"gastronomic","kind":"Где поесть","website":null}},{"type":"Feature","geometry":{"type":"Point","coordinates":[40.3412823,56.1092005]},"properties":{"name":"Автосуши Автопицца","cat":"gastronomic","kind":"Где поесть","website":"https://vl.avtosushi.ru/"}},{"type":"Feature","geometry":{"type":"Point","coordinates":[40.3408034,56.1089203]},"properties":{"name":"Ампир","cat":"gastronomic","kind":"Где поесть","website":null}},{"type":"Feature","geometry":{"type":"Point","coordinates":[40.3438405,56.1091734]},"properties":{"name":"Мастер Бургер","cat":"gastronomic","kind":"Где поесть","website":null}},{"type":"Feature","geometry":{"type":"Point","coordinates":[40.3397224,56.1089725]},"properties":{"name":"Рюмочная-Закусочная","cat":"gastronomic","kind":"Где поесть","website":null}},{"type":"Feature","geometry":{"type":"Point","coordinates":[40.3292051,56.1119759]},"properties":{"name":"Кафе-шашлычная","cat":"gastronomic","kind":"Где поесть","website":null}},{"type":"Feature","geometry":{"type":"Point","coordinates":[40.4036434,56.1288606]},"properties":{"name":"Coffee bean","cat":"gastronomic","kind":"Где поесть","website":null}},{"type":"Feature","geometry":{"type":"Point","coordinates":[40.4038049,56.1291226]},"properties":{"name":"Лосось и кофе","cat":"gastronomic","kind":"Где поесть","website":null}},{"type":"Feature","geometry":{"type":"Point","coordinates":[40.4018676,56.1287058]},"properties":{"name":"Пеперони","cat":"gastronomic","kind":"Где поесть","website":"https://vladimgroup.ru/"}},{"type":"Feature","geometry":{"type":"Point","coordinates":[40.3277145,56.1108132]},"properties":{"name":"Русская деревня","cat":"gastronomic","kind":"Где поесть","website":null}},{"type":"Feature","geometry":{"type":"Point","coordinates":[40.360942,56.1227304]},"properties":{"name":"Душечка","cat":"gastronomic","kind":"Где поесть","website":null}},{"type":"Feature","geometry":{"type":"Point","coordinates":[40.3566717,56.1274698]},"properties":{"name":"Лагуна","cat":"gastronomic","kind":"Где поесть","website":null}},{"type":"Feature","geometry":{"type":"Point","coordinates":[40.4369032,56.417711]},"properties":{"name":"Квасная Изба","cat":"gastronomic","kind":"Где поесть","website":null}},{"type":"Feature","geometry":{"type":"Point","coordinates":[40.4479612,56.4225002]},"properties":{"name":"Харчевня","cat":"gastronomic","kind":"Где поесть","website":null}},{"type":"Feature","geometry":{"type":"Point","coordinates":[40.349152,56.1316271]},"properties":{"name":"Максим","cat":"gastronomic","kind":"Где поесть","website":null}},{"type":"Feature","geometry":{"type":"Point","coordinates":[38.5856715,56.3737394]},"properties":{"name":"Cosa Nostra","cat":"gastronomic","kind":"Где поесть","website":null}},{"type":"Feature","geometry":{"type":"Point","coordinates":[40.3619078,56.1293067]},"properties":{"name":"Поющая Венеция","cat":"gastronomic","kind":"Где поесть","website":null}},{"type":"Feature","geometry":{"type":"Point","coordinates":[40.3611512,56.1304923]},"properties":{"name":"Танюша","cat":"gastronomic","kind":"Где поесть","website":null}},{"type":"Feature","geometry":{"type":"Point","coordinates":[40.4297607,56.4371198]},"properties":{"name":"Лапти","cat":"gastronomic","kind":"Где поесть","website":null}},{"type":"Feature","geometry":{"type":"Point","coordinates":[41.6274468,55.3348503]},"properties":{"name":"Кофейня","cat":"gastronomic","kind":"Где поесть","website":null}},{"type":"Feature","geometry":{"type":"Point","coordinates":[40.3998448,56.1361829]},"properties":{"name":"Ной","cat":"gastronomic","kind":"Где поесть","website":null}},{"type":"Feature","geometry":{"type":"Point","coordinates":[40.3525164,56.134597]},"properties":{"name":"Пивной бочонок","cat":"gastronomic","kind":"Где поесть","website":null}},{"type":"Feature","geometry":{"type":"Point","coordinates":[40.3887295,56.1419657]},"properties":{"name":"Дастархан","cat":"gastronomic","kind":"Где поесть","website":null}},{"type":"Feature","geometry":{"type":"Point","coordinates":[40.3800452,56.1433907]},"properties":{"name":"Столовая-кафе","cat":"gastronomic","kind":"Где поесть","website":null}},{"type":"Feature","geometry":{"type":"Point","coordinates":[40.3692255,56.1420726]},"properties":{"name":"ЗаRUли","cat":"gastronomic","kind":"Где поесть","website":null}},{"type":"Feature","geometry":{"type":"Point","coordinates":[39.1870475,55.9198087]},"properties":{"name":"Покровские Ворота","cat":"gastronomic","kind":"Где поесть","website":null}},{"type":"Feature","geometry":{"type":"Point","coordinates":[40.0798089,56.0482919]},"properties":{"name":"Тракт33","cat":"gastronomic","kind":"Где поесть","website":null}},{"type":"Feature","geometry":{"type":"Point","coordinates":[40.078618,56.0488312]},"properties":{"name":"Удача","cat":"gastronomic","kind":"Где поесть","website":null}},{"type":"Feature","geometry":{"type":"Point","coordinates":[40.1506809,56.0682625]},"properties":{"name":"Аладдин","cat":"gastronomic","kind":"Где поесть","website":null}},{"type":"Feature","geometry":{"type":"Point","coordinates":[40.3658173,56.1427418]},"properties":{"name":"Богатырь","cat":"gastronomic","kind":"Где поесть","website":null}},{"type":"Feature","geometry":{"type":"Point","coordinates":[40.3697695,56.1473405]},"properties":{"name":"Карусель","cat":"gastronomic","kind":"Где поесть","website":null}},{"type":"Feature","geometry":{"type":"Point","coordinates":[40.4002009,56.1273255]},"properties":{"name":"Ирландский бар","cat":"gastronomic","kind":"Где поесть","website":null}},{"type":"Feature","geometry":{"type":"Point","coordinates":[40.4002003,56.1272476]},"properties":{"name":"Дежавю","cat":"gastronomic","kind":"Где поесть","website":null}},{"type":"Feature","geometry":{"type":"Point","coordinates":[40.4014076,56.1275463]},"properties":{"name":"Сели да поели","cat":"gastronomic","kind":"Где поесть","website":null}},{"type":"Feature","geometry":{"type":"Point","coordinates":[40.4006518,56.1273566]},"properties":{"name":"Кристалл","cat":"gastronomic","kind":"Где поесть","website":null}},{"type":"Feature","geometry":{"type":"Point","coordinates":[40.4009547,56.1274887]},"properties":{"name":"Шаурма Хауз","cat":"gastronomic","kind":"Где поесть","website":null}},{"type":"Feature","geometry":{"type":"Point","coordinates":[40.4000122,56.1272756]},"properties":{"name":"Пицца","cat":"gastronomic","kind":"Где поесть","website":null}},{"type":"Feature","geometry":{"type":"Point","coordinates":[40.400859,56.1274153]},"properties":{"name":"FOG Hookah x GastroBar","cat":"gastronomic","kind":"Где поесть","website":"https://instagram.com/foghookahgastrobar"}},{"type":"Feature","geometry":{"type":"Point","coordinates":[40.4003871,56.127364]},"properties":{"name":"Токио","cat":"gastronomic","kind":"Где поесть","website":"https://sushi33.ru/"}},{"type":"Feature","geometry":{"type":"Point","coordinates":[40.3990081,56.1270235]},"properties":{"name":"Угли","cat":"gastronomic","kind":"Где поесть","website":null}},{"type":"Feature","geometry":{"type":"Point","coordinates":[40.3788292,56.1496313]},"properties":{"name":"Таллер","cat":"gastronomic","kind":"Где поесть","website":null}},{"type":"Feature","geometry":{"type":"Point","coordinates":[40.3873735,56.1490571]},"properties":{"name":"Азия","cat":"gastronomic","kind":"Где поесть","website":null}},{"type":"Feature","geometry":{"type":"Point","coordinates":[40.3869535,56.1493819]},"properties":{"name":"Баскин Роббинс","cat":"gastronomic","kind":"Где поесть","website":null}},{"type":"Feature","geometry":{"type":"Point","coordinates":[40.3922081,56.1475712]},"properties":{"name":"Буфет","cat":"gastronomic","kind":"Где поесть","website":null}},{"type":"Feature","geometry":{"type":"Point","coordinates":[40.3875577,56.148838]},"properties":{"name":"Гриль бар","cat":"gastronomic","kind":"Где поесть","website":null}},{"type":"Feature","geometry":{"type":"Point","coordinates":[40.3876675,56.1488077]},"properties":{"name":"Картофельный папа","cat":"gastronomic","kind":"Где поесть","website":null}},{"type":"Feature","geometry":{"type":"Point","coordinates":[40.3868989,56.1490201]},"properties":{"name":"Колобок","cat":"gastronomic","kind":"Где поесть","website":null}},{"type":"Feature","geometry":{"type":"Point","coordinates":[40.3874101,56.1492533]},"properties":{"name":"Пицца-паста","cat":"gastronomic","kind":"Где поесть","website":null}},{"type":"Feature","geometry":{"type":"Point","coordinates":[40.3867252,56.1494461]},"properties":{"name":"Ресторанный дворик","cat":"gastronomic","kind":"Где поесть","website":null}},{"type":"Feature","geometry":{"type":"Point","coordinates":[40.3891178,56.144034]},"properties":{"name":"Онегинъ","cat":"gastronomic","kind":"Где поесть","website":null}},{"type":"Feature","geometry":{"type":"Point","coordinates":[40.3851822,56.1231102]},"properties":{"name":"Почайка","cat":"gastronomic","kind":"Где поесть","website":null}},{"type":"Feature","geometry":{"type":"Point","coordinates":[40.4892816,56.1743843]},"properties":{"name":"Князь Владимир","cat":"gastronomic","kind":"Где поесть","website":"https://princevladimir.net/"}},{"type":"Feature","geometry":{"type":"Point","coordinates":[40.4113142,56.1712801]},"properties":{"name":"Прайм","cat":"gastronomic","kind":"Где поесть","website":null}},{"type":"Feature","geometry":{"type":"Point","coordinates":[40.4046107,56.170093]},"properties":{"name":"АвтоТрек","cat":"gastronomic","kind":"Где поесть","website":null}},{"type":"Feature","geometry":{"type":"Point","coordinates":[40.4148249,56.171194]},"properties":{"name":"Мечта","cat":"gastronomic","kind":"Где поесть","website":null}},{"type":"Feature","geometry":{"type":"Point","coordinates":[40.4015905,56.128313]},"properties":{"name":"Обломов","cat":"gastronomic","kind":"Где поесть","website":null}},{"type":"Feature","geometry":{"type":"Point","coordinates":[40.4036697,56.1289031]},"properties":{"name":"Шоколад","cat":"gastronomic","kind":"Где поесть","website":null}},{"type":"Feature","geometry":{"type":"Point","coordinates":[40.4007167,56.1277431]},"properties":{"name":"Франки Фэп","cat":"gastronomic","kind":"Где поесть","website":null}},{"type":"Feature","geometry":{"type":"Point","coordinates":[40.3946486,56.128339]},"properties":{"name":"Виванда","cat":"gastronomic","kind":"Где поесть","website":null}},{"type":"Feature","geometry":{"type":"Point","coordinates":[40.393148,56.1287374]},"properties":{"name":"Полли","cat":"gastronomic","kind":"Где поесть","website":null}},{"type":"Feature","geometry":{"type":"Point","coordinates":[40.4006741,56.1307013]},"properties":{"name":"Abajour","cat":"gastronomic","kind":"Где поесть","website":null}},{"type":"Feature","geometry":{"type":"Point","coordinates":[40.4003619,56.1292265]},"properties":{"name":"Lucky Duck","cat":"gastronomic","kind":"Где поесть","website":"https://luckyduck-bistro.ru/"}},{"type":"Feature","geometry":{"type":"Point","coordinates":[38.7367847,56.1364333]},"properties":{"name":"Подкова","cat":"gastronomic","kind":"Где поесть","website":null}},{"type":"Feature","geometry":{"type":"Point","coordinates":[38.7354436,56.1368996]},"properties":{"name":"Мираж","cat":"gastronomic","kind":"Где поесть","website":null}},{"type":"Feature","geometry":{"type":"Point","coordinates":[38.833709,56.1692819]},"properties":{"name":"Катушка","cat":"gastronomic","kind":"Где поесть","website":null}},{"type":"Feature","geometry":{"type":"Point","coordinates":[40.3976414,56.1279572]},"properties":{"name":"Не последняя рюмка","cat":"gastronomic","kind":"Где поесть","website":null}},{"type":"Feature","geometry":{"type":"Point","coordinates":[40.3736755,56.1151712]},"properties":{"name":"Сима+","cat":"gastronomic","kind":"Где поесть","website":null}},{"type":"Feature","geometry":{"type":"Point","coordinates":[40.3937696,56.1257994]},"properties":{"name":"Баранка","cat":"gastronomic","kind":"Где поесть","website":null}},{"type":"Feature","geometry":{"type":"Point","coordinates":[40.3928885,56.1256482]},"properties":{"name":"Мастер Бургер","cat":"gastronomic","kind":"Где поесть","website":null}},{"type":"Feature","geometry":{"type":"Point","coordinates":[40.3938615,56.125687]},"properties":{"name":"Нори","cat":"gastronomic","kind":"Где поесть","website":null}},{"type":"Feature","geometry":{"type":"Point","coordinates":[40.3931076,56.1257456]},"properties":{"name":"Столовая","cat":"gastronomic","kind":"Где поесть","website":null}},{"type":"Feature","geometry":{"type":"Point","coordinates":[40.3939823,56.1262358]},"properties":{"name":"Театральное кафе","cat":"gastronomic","kind":"Где поесть","website":null}},{"type":"Feature","geometry":{"type":"Point","coordinates":[40.3932757,56.1257138]},"properties":{"name":"Трюфель","cat":"gastronomic","kind":"Где поесть","website":null}},{"type":"Feature","geometry":{"type":"Point","coordinates":[40.3933581,56.1255654]},"properties":{"name":"Шаурмания","cat":"gastronomic","kind":"Где поесть","website":null}},{"type":"Feature","geometry":{"type":"Point","coordinates":[40.4249764,56.1598075]},"properties":{"name":"Столовая","cat":"gastronomic","kind":"Где поесть","website":null}},{"type":"Feature","geometry":{"type":"Point","coordinates":[40.4030173,56.1276776]},"properties":{"name":"Траттория","cat":"gastronomic","kind":"Где поесть","website":null}},{"type":"Feature","geometry":{"type":"Point","coordinates":[41.3108254,56.3644607]},"properties":{"name":"Апресто","cat":"gastronomic","kind":"Где поесть","website":null}},{"type":"Feature","geometry":{"type":"Point","coordinates":[40.4562914,56.1557929]},"properties":{"name":"Восток","cat":"gastronomic","kind":"Где поесть","website":null}},{"type":"Feature","geometry":{"type":"Point","coordinates":[41.3224977,56.3594318]},"properties":{"name":"The Веранда","cat":"gastronomic","kind":"Где поесть","website":null}},{"type":"Feature","geometry":{"type":"Point","coordinates":[40.4783566,56.1679217]},"properties":{"name":"Закусочная","cat":"gastronomic","kind":"Где поесть","website":null}},{"type":"Feature","geometry":{"type":"Point","coordinates":[40.453515,56.159968]},"properties":{"name":"Вирсавия","cat":"gastronomic","kind":"Где поесть","website":null}},{"type":"Feature","geometry":{"type":"Point","coordinates":[40.45116,56.1645887]},"properties":{"name":"Угли","cat":"gastronomic","kind":"Где поесть","website":null}},{"type":"Feature","geometry":{"type":"Point","coordinates":[40.4596549,56.1660713]},"properties":{"name":"Il Gusto","cat":"gastronomic","kind":"Где поесть","website":null}},{"type":"Feature","geometry":{"type":"Point","coordinates":[40.4575716,56.1653967]},"properties":{"name":"Астра","cat":"gastronomic","kind":"Где поесть","website":null}},{"type":"Feature","geometry":{"type":"Point","coordinates":[40.4594245,56.1659974]},"properties":{"name":"Лунный свет","cat":"gastronomic","kind":"Где поесть","website":null}},{"type":"Feature","geometry":{"type":"Point","coordinates":[40.4654298,56.1659263]},"properties":{"name":"Эрмитаж","cat":"gastronomic","kind":"Где поесть","website":null}},{"type":"Feature","geometry":{"type":"Point","coordinates":[40.4384437,56.1419618]},"properties":{"name":"ЗАRUЛИ","cat":"gastronomic","kind":"Где поесть","website":null}},{"type":"Feature","geometry":{"type":"Point","coordinates":[40.4393118,56.1726275]},"properties":{"name":"Восток","cat":"gastronomic","kind":"Где поесть","website":null}},{"type":"Feature","geometry":{"type":"Point","coordinates":[40.4632141,56.1698439]},"properties":{"name":"Восторг","cat":"gastronomic","kind":"Где поесть","website":null}},{"type":"Feature","geometry":{"type":"Point","coordinates":[40.4689125,56.1736468]},"properties":{"name":"Аристократ","cat":"gastronomic","kind":"Где поесть","website":null}},{"type":"Feature","geometry":{"type":"Point","coordinates":[40.4643671,56.1734031]},"properties":{"name":"Сунгирь","cat":"gastronomic","kind":"Где поесть","website":null}},{"type":"Feature","geometry":{"type":"Point","coordinates":[40.470319,56.173607]},"properties":{"name":"Эпатаж","cat":"gastronomic","kind":"Где поесть","website":null}},{"type":"Feature","geometry":{"type":"Point","coordinates":[40.4777765,56.1718518]},"properties":{"name":"Бистро","cat":"gastronomic","kind":"Где поесть","website":null}},{"type":"Feature","geometry":{"type":"Point","coordinates":[40.4920616,56.1733723]},"properties":{"name":"Доброе","cat":"gastronomic","kind":"Где поесть","website":null}},{"type":"Feature","geometry":{"type":"Point","coordinates":[40.4970326,56.1754576]},"properties":{"name":"Гуси-Лебеди","cat":"gastronomic","kind":"Где поесть","website":null}},{"type":"Feature","geometry":{"type":"Point","coordinates":[40.4959533,56.1752005]},"properties":{"name":"Шашлычная","cat":"gastronomic","kind":"Где поесть","website":null}},{"type":"Feature","geometry":{"type":"Point","coordinates":[40.4822607,56.167179]},"properties":{"name":"Закусочная","cat":"gastronomic","kind":"Где поесть","website":null}},{"type":"Feature","geometry":{"type":"Point","coordinates":[41.3290568,56.3434174]},"properties":{"name":"Рассвет","cat":"gastronomic","kind":"Где поесть","website":"http://kafe-Rassvet.ru/"}},{"type":"Feature","geometry":{"type":"Point","coordinates":[41.3212736,56.35914]},"properties":{"name":"Манифест","cat":"gastronomic","kind":"Где поесть","website":null}},{"type":"Feature","geometry":{"type":"Point","coordinates":[40.3271868,56.1125328]},"properties":{"name":"Кафе","cat":"gastronomic","kind":"Где поесть","website":null}},{"type":"Feature","geometry":{"type":"Point","coordinates":[41.3199984,56.3323645]},"properties":{"name":"Топча","cat":"gastronomic","kind":"Где поесть","website":null}},{"type":"Feature","geometry":{"type":"Point","coordinates":[40.3716212,56.1445522]},"properties":{"name":"Столовая","cat":"gastronomic","kind":"Где поесть","website":null}},{"type":"Feature","geometry":{"type":"Point","coordinates":[40.4583898,56.1727353]},"properties":{"name":"Бургер Кинг","cat":"gastronomic","kind":"Где поесть","website":"https://burgerkingrus.ru/"}},{"type":"Feature","geometry":{"type":"Point","coordinates":[40.4201228,56.1447528]},"properties":{"name":"Столовая","cat":"gastronomic","kind":"Где поесть","website":null}},{"type":"Feature","geometry":{"type":"Point","coordinates":[39.1966219,55.9194678]},"properties":{"name":"У Наташи","cat":"gastronomic","kind":"Где поесть","website":null}},{"type":"Feature","geometry":{"type":"Point","coordinates":[40.4005814,56.1273962]},"properties":{"name":"Вилла","cat":"gastronomic","kind":"Где поесть","website":null}},{"type":"Feature","geometry":{"type":"Point","coordinates":[40.4014006,56.1278723]},"properties":{"name":"Сохо","cat":"gastronomic","kind":"Где поесть","website":null}},{"type":"Feature","geometry":{"type":"Point","coordinates":[42.7161391,56.2026766]},"properties":{"name":"Уют","cat":"gastronomic","kind":"Где поесть","website":null}},{"type":"Feature","geometry":{"type":"Point","coordinates":[42.3132344,56.2035338]},"properties":{"name":"Илевники","cat":"gastronomic","kind":"Где поесть","website":null}},{"type":"Feature","geometry":{"type":"Point","coordinates":[39.4976959,55.9432123]},"properties":{"name":"Prague","cat":"gastronomic","kind":"Где поесть","website":"https://prague33.ru/"}},{"type":"Feature","geometry":{"type":"Point","coordinates":[39.7673786,55.9649382]},"properties":{"name":"Закусочная","cat":"gastronomic","kind":"Где поесть","website":null}},{"type":"Feature","geometry":{"type":"Point","coordinates":[40.5370372,56.1975493]},"properties":{"name":"Дача","cat":"gastronomic","kind":"Где поесть","website":null}},{"type":"Feature","geometry":{"type":"Point","coordinates":[40.4630046,56.257588]},"properties":{"name":"Печки лавочки","cat":"gastronomic","kind":"Где поесть","website":null}},{"type":"Feature","geometry":{"type":"Point","coordinates":[40.4721033,56.1755547]},"properties":{"name":"Аиша","cat":"gastronomic","kind":"Где поесть","website":null}},{"type":"Feature","geometry":{"type":"Point","coordinates":[40.4170555,56.1330276]},"properties":{"name":"На Чехова","cat":"gastronomic","kind":"Где поесть","website":null}},{"type":"Feature","geometry":{"type":"Point","coordinates":[40.2641409,56.0980708]},"properties":{"name":"Ямская застава","cat":"gastronomic","kind":"Где поесть","website":null}},{"type":"Feature","geometry":{"type":"Point","coordinates":[40.1527925,56.0679117]},"properties":{"name":"Золотая подкова","cat":"gastronomic","kind":"Где поесть","website":null}},{"type":"Feature","geometry":{"type":"Point","coordinates":[40.0091756,56.0292093]},"properties":{"name":"Рожков","cat":"gastronomic","kind":"Где поесть","website":null}},{"type":"Feature","geometry":{"type":"Point","coordinates":[40.6025734,56.1841269]},"properties":{"name":"Закусочная","cat":"gastronomic","kind":"Где поесть","website":null}},{"type":"Feature","geometry":{"type":"Point","coordinates":[39.6097964,55.9551771]},"properties":{"name":"ВЗС","cat":"gastronomic","kind":"Где поесть","website":null}},{"type":"Feature","geometry":{"type":"Point","coordinates":[40.3245829,56.1118969]},"properties":{"name":"Караван","cat":"gastronomic","kind":"Где поесть","website":null}},{"type":"Feature","geometry":{"type":"Point","coordinates":[39.9755782,56.0201897]},"properties":{"name":"Матрица","cat":"gastronomic","kind":"Где поесть","website":null}},{"type":"Feature","geometry":{"type":"Point","coordinates":[39.8926661,55.9964303]},"properties":{"name":"Столовая \"Рожков\"","cat":"gastronomic","kind":"Где поесть","website":null}},{"type":"Feature","geometry":{"type":"Point","coordinates":[40.2264933,56.0888706]},"properties":{"name":"Столовая \"Привал\"","cat":"gastronomic","kind":"Где поесть","website":null}},{"type":"Feature","geometry":{"type":"Point","coordinates":[39.6343692,55.9571058]},"properties":{"name":"Фортуна","cat":"gastronomic","kind":"Где поесть","website":null}},{"type":"Feature","geometry":{"type":"Point","coordinates":[40.3496138,56.1056328]},"properties":{"name":"Бухта","cat":"gastronomic","kind":"Где поесть","website":null}},{"type":"Feature","geometry":{"type":"Point","coordinates":[40.7531231,56.103013]},"properties":{"name":"Ширван","cat":"gastronomic","kind":"Где поесть","website":null}},{"type":"Feature","geometry":{"type":"Point","coordinates":[40.5988295,56.2094815]},"properties":{"name":"Комета","cat":"gastronomic","kind":"Где поесть","website":null}},{"type":"Feature","geometry":{"type":"Point","coordinates":[40.4081538,56.1353726]},"properties":{"name":"На Воскресенской","cat":"gastronomic","kind":"Где поесть","website":null}},{"type":"Feature","geometry":{"type":"Point","coordinates":[40.4189167,56.1328801]},"properties":{"name":"Пельмешки и кофе","cat":"gastronomic","kind":"Где поесть","website":null}},{"type":"Feature","geometry":{"type":"Point","coordinates":[40.4191218,56.1329564]},"properties":{"name":"Ювента","cat":"gastronomic","kind":"Где поесть","website":null}},{"type":"Feature","geometry":{"type":"Point","coordinates":[40.3487835,56.0991218]},"properties":{"name":"Родник","cat":"gastronomic","kind":"Где поесть","website":null}},{"type":"Feature","geometry":{"type":"Point","coordinates":[40.4603516,56.4211005]},"properties":{"name":"Ярус","cat":"gastronomic","kind":"Где поесть","website":null}},{"type":"Feature","geometry":{"type":"Point","coordinates":[39.4578159,55.9318046]},"properties":{"name":"Ладушка","cat":"gastronomic","kind":"Где поесть","website":null}},{"type":"Feature","geometry":{"type":"Point","coordinates":[40.4208,56.1315701]},"properties":{"name":"Некафе \"Баркарола\"","cat":"gastronomic","kind":"Где поесть","website":null}},{"type":"Feature","geometry":{"type":"Point","coordinates":[38.8593714,56.1547847]},"properties":{"name":"Золотая Сова","cat":"gastronomic","kind":"Где поесть","website":null}},{"type":"Feature","geometry":{"type":"Point","coordinates":[38.8728146,56.1615826]},"properties":{"name":"Аида","cat":"gastronomic","kind":"Где поесть","website":null}},{"type":"Feature","geometry":{"type":"Point","coordinates":[41.3127609,56.3543341]},"properties":{"name":"ТоХаус","cat":"gastronomic","kind":"Где поесть","website":null}},{"type":"Feature","geometry":{"type":"Point","coordinates":[41.3247274,56.3641571]},"properties":{"name":"Закусочная","cat":"gastronomic","kind":"Где поесть","website":null}},{"type":"Feature","geometry":{"type":"Point","coordinates":[40.4458797,56.4110897]},"properties":{"name":"Улей","cat":"gastronomic","kind":"Где поесть","website":null}},{"type":"Feature","geometry":{"type":"Point","coordinates":[38.6183803,56.1110802]},"properties":{"name":"Восточная кухня","cat":"gastronomic","kind":"Где поесть","website":null}},{"type":"Feature","geometry":{"type":"Point","coordinates":[40.021784,55.9888522]},"properties":{"name":"Визит","cat":"gastronomic","kind":"Где поесть","website":null}},{"type":"Feature","geometry":{"type":"Point","coordinates":[41.7653764,55.8665793]},"properties":{"name":"Аркада","cat":"gastronomic","kind":"Где поесть","website":null}},{"type":"Feature","geometry":{"type":"Point","coordinates":[41.7606449,55.8688752]},"properties":{"name":"Жемчужина","cat":"gastronomic","kind":"Где поесть","website":null}},{"type":"Feature","geometry":{"type":"Point","coordinates":[41.7607506,55.8686578]},"properties":{"name":"Манго","cat":"gastronomic","kind":"Где поесть","website":null}},{"type":"Feature","geometry":{"type":"Point","coordinates":[39.9810223,56.022647]},"properties":{"name":"Колокшанка","cat":"gastronomic","kind":"Где поесть","website":null}},{"type":"Feature","geometry":{"type":"Point","coordinates":[40.4008492,56.1298607]},"properties":{"name":"Кафе-Мини","cat":"gastronomic","kind":"Где поесть","website":null}},{"type":"Feature","geometry":{"type":"Point","coordinates":[40.4047976,56.128226]},"properties":{"name":"Coffeeshop Company","cat":"gastronomic","kind":"Где поесть","website":"http://www.coffeeshopcompany.ru"}},{"type":"Feature","geometry":{"type":"Point","coordinates":[40.4043968,56.1287391]},"properties":{"name":"Кофеин","cat":"gastronomic","kind":"Где поесть","website":"http://www.koffein.ru"}},{"type":"Feature","geometry":{"type":"Point","coordinates":[41.1200494,55.9282955]},"properties":{"name":"Удача","cat":"gastronomic","kind":"Где поесть","website":null}},{"type":"Feature","geometry":{"type":"Point","coordinates":[41.7672918,55.8646577]},"properties":{"name":"Пена","cat":"gastronomic","kind":"Где поесть","website":null}},{"type":"Feature","geometry":{"type":"Point","coordinates":[40.350838,56.1179797]},"properties":{"name":"Вилки Нет","cat":"gastronomic","kind":"Где поесть","website":null}},{"type":"Feature","geometry":{"type":"Point","coordinates":[41.7373042,55.8874837]},"properties":{"name":"Столовая Интерлес","cat":"gastronomic","kind":"Где поесть","website":null}},{"type":"Feature","geometry":{"type":"Point","coordinates":[40.4143168,56.132518]},"properties":{"name":"То-То Пицца","cat":"gastronomic","kind":"Где поесть","website":"https://totopizza.ru"}},{"type":"Feature","geometry":{"type":"Point","coordinates":[40.3581726,56.1318109]},"properties":{"name":"Master Doner","cat":"gastronomic","kind":"Где поесть","website":null}},{"type":"Feature","geometry":{"type":"Point","coordinates":[40.4098715,56.1315749]},"properties":{"name":"Диетическая столовая","cat":"gastronomic","kind":"Где поесть","website":null}},{"type":"Feature","geometry":{"type":"Point","coordinates":[40.834829,56.1992256]},"properties":{"name":"Смак","cat":"gastronomic","kind":"Где поесть","website":null}},{"type":"Feature","geometry":{"type":"Point","coordinates":[42.0669393,56.2552967]},"properties":{"name":"Визит","cat":"gastronomic","kind":"Где поесть","website":null}},{"type":"Feature","geometry":{"type":"Point","coordinates":[40.3999847,56.1276029]},"properties":{"name":"Бургер Кинг","cat":"gastronomic","kind":"Где поесть","website":"https://burgerkingrus.ru/"}},{"type":"Feature","geometry":{"type":"Point","coordinates":[40.407313,56.1294653]},"properties":{"name":"Пятница","cat":"gastronomic","kind":"Где поесть","website":null}},{"type":"Feature","geometry":{"type":"Point","coordinates":[40.403589,56.1292453]},"properties":{"name":"Бутчер","cat":"gastronomic","kind":"Где поесть","website":null}},{"type":"Feature","geometry":{"type":"Point","coordinates":[40.149642,56.0679729]},"properties":{"name":"Вкус мира","cat":"gastronomic","kind":"Где поесть","website":null}},{"type":"Feature","geometry":{"type":"Point","coordinates":[40.389475,56.128234]},"properties":{"name":"Max Brau","cat":"gastronomic","kind":"Где поесть","website":null}},{"type":"Feature","geometry":{"type":"Point","coordinates":[40.3516837,56.1184785]},"properties":{"name":"Пиццерия То-То","cat":"gastronomic","kind":"Где поесть","website":null}},{"type":"Feature","geometry":{"type":"Point","coordinates":[40.3718411,56.1576543]},"properties":{"name":"Столовая","cat":"gastronomic","kind":"Где поесть","website":null}},{"type":"Feature","geometry":{"type":"Point","coordinates":[40.3885054,56.1270479]},"properties":{"name":"Брют клуб","cat":"gastronomic","kind":"Где поесть","website":null}},{"type":"Feature","geometry":{"type":"Point","coordinates":[39.4087911,56.2817551]},"properties":{"name":"Кафешка","cat":"gastronomic","kind":"Где поесть","website":null}},{"type":"Feature","geometry":{"type":"Point","coordinates":[40.3995382,56.127166]},"properties":{"name":"Четыре пивовара","cat":"gastronomic","kind":"Где поесть","website":"https://vk.com/4brewers"}},{"type":"Feature","geometry":{"type":"Point","coordinates":[38.6913717,56.4027262]},"properties":{"name":"Двориковское шоссе","cat":"gastronomic","kind":"Где поесть","website":null}},{"type":"Feature","geometry":{"type":"Point","coordinates":[40.3828765,56.1597906]},"properties":{"name":"Столовая","cat":"gastronomic","kind":"Где поесть","website":null}},{"type":"Feature","geometry":{"type":"Point","coordinates":[40.4300682,56.1109206]},"properties":{"name":"Лоза","cat":"gastronomic","kind":"Где поесть","website":null}},{"type":"Feature","geometry":{"type":"Point","coordinates":[40.4395806,56.1071585]},"properties":{"name":"Отель для двоих","cat":"gastronomic","kind":"Где поесть","website":null}},{"type":"Feature","geometry":{"type":"Point","coordinates":[40.4788564,56.1674707]},"properties":{"name":"Гурман","cat":"gastronomic","kind":"Где поесть","website":null}},{"type":"Feature","geometry":{"type":"Point","coordinates":[40.4234157,56.1350576]},"properties":{"name":"Блэквуд","cat":"gastronomic","kind":"Где поесть","website":null}},{"type":"Feature","geometry":{"type":"Point","coordinates":[40.4573443,56.1652161]},"properties":{"name":"Поющий Лосось","cat":"gastronomic","kind":"Где поесть","website":null}},{"type":"Feature","geometry":{"type":"Point","coordinates":[40.4162963,56.1322738]},"properties":{"name":"То-То","cat":"gastronomic","kind":"Где поесть","website":null}},{"type":"Feature","geometry":{"type":"Point","coordinates":[40.4405991,56.2212729]},"properties":{"name":"Терем","cat":"gastronomic","kind":"Где поесть","website":"https://www.restterem.ru/"}},{"type":"Feature","geometry":{"type":"Point","coordinates":[40.608053,55.9165923]},"properties":{"name":"Роса","cat":"gastronomic","kind":"Где поесть","website":null}},{"type":"Feature","geometry":{"type":"Point","coordinates":[40.3995832,56.2144317]},"properties":{"name":"Зайбургер","cat":"gastronomic","kind":"Где поесть","website":null}},{"type":"Feature","geometry":{"type":"Point","coordinates":[40.472844,56.3191281]},"properties":{"name":"Богатырское","cat":"gastronomic","kind":"Где поесть","website":null}},{"type":"Feature","geometry":{"type":"Point","coordinates":[40.4721496,56.32238]},"properties":{"name":"Кафе бистро","cat":"gastronomic","kind":"Где поесть","website":null}},{"type":"Feature","geometry":{"type":"Point","coordinates":[40.4560222,56.3828707]},"properties":{"name":"Красная шапочка","cat":"gastronomic","kind":"Где поесть","website":null}},{"type":"Feature","geometry":{"type":"Point","coordinates":[40.4565117,56.3822246]},"properties":{"name":"Матрешки","cat":"gastronomic","kind":"Где поесть","website":null}},{"type":"Feature","geometry":{"type":"Point","coordinates":[40.4492519,56.4180251]},"properties":{"name":"Золотой ручей","cat":"gastronomic","kind":"Где поесть","website":null}},{"type":"Feature","geometry":{"type":"Point","coordinates":[40.4494344,56.4187488]},"properties":{"name":"Чайная","cat":"gastronomic","kind":"Где поесть","website":null}},{"type":"Feature","geometry":{"type":"Point","coordinates":[40.4484987,56.4224184]},"properties":{"name":"Суздальская сказка","cat":"gastronomic","kind":"Где поесть","website":null}},{"type":"Feature","geometry":{"type":"Point","coordinates":[40.4367653,56.1057972]},"properties":{"name":"VANIA","cat":"gastronomic","kind":"Где поесть","website":null}},{"type":"Feature","geometry":{"type":"Point","coordinates":[40.4045821,56.1282517]},"properties":{"name":"Вилки Нет","cat":"gastronomic","kind":"Где поесть","website":null}},{"type":"Feature","geometry":{"type":"Point","coordinates":[40.3938708,56.1400178]},"properties":{"name":"Сима","cat":"gastronomic","kind":"Где поесть","website":null}},{"type":"Feature","geometry":{"type":"Point","coordinates":[40.436647,56.4157822]},"properties":{"name":"Кабак Берлога","cat":"gastronomic","kind":"Где поесть","website":null}},{"type":"Feature","geometry":{"type":"Point","coordinates":[40.4444203,56.4170429]},"properties":{"name":"Клюква","cat":"gastronomic","kind":"Где поесть","website":null}},{"type":"Feature","geometry":{"type":"Point","coordinates":[40.6508931,56.2100099]},"properties":{"name":"Транзит","cat":"gastronomic","kind":"Где поесть","website":null}},{"type":"Feature","geometry":{"type":"Point","coordinates":[40.3754307,56.1261548]},"properties":{"name":"Теремок","cat":"gastronomic","kind":"Где поесть","website":null}},{"type":"Feature","geometry":{"type":"Point","coordinates":[40.0820831,56.0489705]},"properties":{"name":"Первая столовая","cat":"gastronomic","kind":"Где поесть","website":null}},{"type":"Feature","geometry":{"type":"Point","coordinates":[40.0301841,56.1277331]},"properties":{"name":"Кафе","cat":"gastronomic","kind":"Где поесть","website":null}},{"type":"Feature","geometry":{"type":"Point","coordinates":[40.2035231,56.0428571]},"properties":{"name":"Ё.П.Р.С.Т.","cat":"gastronomic","kind":"Где поесть","website":null}},{"type":"Feature","geometry":{"type":"Point","coordinates":[41.2325264,56.2072653]},"properties":{"name":"Пестово","cat":"gastronomic","kind":"Где поесть","website":null}},{"type":"Feature","geometry":{"type":"Point","coordinates":[40.5231262,56.2115209]},"properties":{"name":"Островок","cat":"gastronomic","kind":"Где поесть","website":null}},{"type":"Feature","geometry":{"type":"Point","coordinates":[40.4048826,56.1364164]},"properties":{"name":"Столовая","cat":"gastronomic","kind":"Где поесть","website":null}},{"type":"Feature","geometry":{"type":"Point","coordinates":[40.3812492,56.1400074]},"properties":{"name":"Чудная долина","cat":"gastronomic","kind":"Где поесть","website":null}},{"type":"Feature","geometry":{"type":"Point","coordinates":[40.4054555,56.1273579]},"properties":{"name":"Панорама","cat":"gastronomic","kind":"Где поесть","website":null}},{"type":"Feature","geometry":{"type":"Point","coordinates":[40.4010201,56.1274901]},"properties":{"name":"Чайхана","cat":"gastronomic","kind":"Где поесть","website":null}},{"type":"Feature","geometry":{"type":"Point","coordinates":[40.4592269,56.4576256]},"properties":{"name":"Столовая 24 часа","cat":"gastronomic","kind":"Где поесть","website":null}},{"type":"Feature","geometry":{"type":"Point","coordinates":[40.4223116,56.172582]},"properties":{"name":"Бархат","cat":"gastronomic","kind":"Где поесть","website":null}},{"type":"Feature","geometry":{"type":"Point","coordinates":[42.053376,55.578548]},"properties":{"name":"Дворянский клуб","cat":"gastronomic","kind":"Где поесть","website":null}},{"type":"Feature","geometry":{"type":"Point","coordinates":[40.4043737,56.1297495]},"properties":{"name":"Dream Lounge","cat":"gastronomic","kind":"Где поесть","website":null}},{"type":"Feature","geometry":{"type":"Point","coordinates":[40.4084951,56.1381898]},"properties":{"name":"Столовая","cat":"gastronomic","kind":"Где поесть","website":null}},{"type":"Feature","geometry":{"type":"Point","coordinates":[42.7017405,56.1993]},"properties":{"name":"Жемчужина","cat":"gastronomic","kind":"Где поесть","website":null}},{"type":"Feature","geometry":{"type":"Point","coordinates":[40.4300802,56.1498429]},"properties":{"name":"Засада","cat":"gastronomic","kind":"Где поесть","website":null}},{"type":"Feature","geometry":{"type":"Point","coordinates":[40.2035785,56.0982301]},"properties":{"name":"Камин","cat":"gastronomic","kind":"Где поесть","website":null}},{"type":"Feature","geometry":{"type":"Point","coordinates":[40.2694707,56.0989515]},"properties":{"name":"Пекин","cat":"gastronomic","kind":"Где поесть","website":null}},{"type":"Feature","geometry":{"type":"Point","coordinates":[40.3551807,56.1180263]},"properties":{"name":"Столовая","cat":"gastronomic","kind":"Где поесть","website":null}},{"type":"Feature","geometry":{"type":"Point","coordinates":[40.3663213,56.1192814]},"properties":{"name":"Киномакс","cat":"gastronomic","kind":"Где поесть","website":null}},{"type":"Feature","geometry":{"type":"Point","coordinates":[40.3678153,56.1196709]},"properties":{"name":"Янтарная кружка","cat":"gastronomic","kind":"Где поесть","website":null}},{"type":"Feature","geometry":{"type":"Point","coordinates":[40.4849245,56.1686891]},"properties":{"name":"Черное&Белое","cat":"gastronomic","kind":"Где поесть","website":null}},{"type":"Feature","geometry":{"type":"Point","coordinates":[40.3317104,56.1143503]},"properties":{"name":"Тарелка","cat":"gastronomic","kind":"Где поесть","website":null}},{"type":"Feature","geometry":{"type":"Point","coordinates":[40.4287758,56.1462682]},"properties":{"name":"Бистро","cat":"gastronomic","kind":"Где поесть","website":null}},{"type":"Feature","geometry":{"type":"Point","coordinates":[40.4267168,56.1459302]},"properties":{"name":"Пицца Микс","cat":"gastronomic","kind":"Где поесть","website":null}},{"type":"Feature","geometry":{"type":"Point","coordinates":[40.4229509,56.145279]},"properties":{"name":"Рюмочная","cat":"gastronomic","kind":"Где поесть","website":null}},{"type":"Feature","geometry":{"type":"Point","coordinates":[40.4465234,56.1652447]},"properties":{"name":"Автопицца","cat":"gastronomic","kind":"Где поесть","website":null}},{"type":"Feature","geometry":{"type":"Point","coordinates":[40.4464003,56.1653081]},"properties":{"name":"Автосуши Автопицца","cat":"gastronomic","kind":"Где поесть","website":"https://vl.avtosushi.ru/"}},{"type":"Feature","geometry":{"type":"Point","coordinates":[40.4002883,56.1273485]},"properties":{"name":"Питейный дом купца Андреева","cat":"gastronomic","kind":"Где поесть","website":null}},{"type":"Feature","geometry":{"type":"Point","coordinates":[40.3709065,56.1208056]},"properties":{"name":"Африка","cat":"gastronomic","kind":"Где поесть","website":null}},{"type":"Feature","geometry":{"type":"Point","coordinates":[42.0604353,55.5525062]},"properties":{"name":"Южные зори","cat":"gastronomic","kind":"Где поесть","website":null}},{"type":"Feature","geometry":{"type":"Point","coordinates":[40.4043061,56.1285594]},"properties":{"name":"Пшеничный Кот","cat":"gastronomic","kind":"Где поесть","website":null}},{"type":"Feature","geometry":{"type":"Point","coordinates":[40.4040773,56.1284721]},"properties":{"name":"Пельмень","cat":"gastronomic","kind":"Где поесть","website":null}},{"type":"Feature","geometry":{"type":"Point","coordinates":[40.4275139,56.1556023]},"properties":{"name":"Мэтр Вкуса","cat":"gastronomic","kind":"Где поесть","website":null}},{"type":"Feature","geometry":{"type":"Point","coordinates":[40.4032089,56.1304239]},"properties":{"name":"Brew Barry More Pub","cat":"gastronomic","kind":"Где поесть","website":null}},{"type":"Feature","geometry":{"type":"Point","coordinates":[40.3998794,56.127246]},"properties":{"name":"Мятная сова","cat":"gastronomic","kind":"Где поесть","website":null}},{"type":"Feature","geometry":{"type":"Point","coordinates":[40.3988432,56.127434]},"properties":{"name":"Планета караоке","cat":"gastronomic","kind":"Где поесть","website":null}},{"type":"Feature","geometry":{"type":"Point","coordinates":[40.3995169,56.1271862]},"properties":{"name":"Ром Рум бар","cat":"gastronomic","kind":"Где поесть","website":null}},{"type":"Feature","geometry":{"type":"Point","coordinates":[40.4001726,56.1293879]},"properties":{"name":"ПапаДжонс","cat":"gastronomic","kind":"Где поесть","website":null}},{"type":"Feature","geometry":{"type":"Point","coordinates":[40.3505707,56.1180148]},"properties":{"name":"Снэк бар","cat":"gastronomic","kind":"Где поесть","website":null}},{"type":"Feature","geometry":{"type":"Point","coordinates":[40.403837,56.129418]},"properties":{"name":"Куртош кофе","cat":"gastronomic","kind":"Где поесть","website":null}},{"type":"Feature","geometry":{"type":"Point","coordinates":[40.4002109,56.1276369]},"properties":{"name":"То-То Пицца","cat":"gastronomic","kind":"Где поесть","website":"https://totopizza.ru"}},{"type":"Feature","geometry":{"type":"Point","coordinates":[40.4006678,56.1274105]},"properties":{"name":"Снэк бар","cat":"gastronomic","kind":"Где поесть","website":null}},{"type":"Feature","geometry":{"type":"Point","coordinates":[40.4009317,56.1274843]},"properties":{"name":"Закусочная","cat":"gastronomic","kind":"Где поесть","website":null}},{"type":"Feature","geometry":{"type":"Point","coordinates":[40.3992555,56.1271166]},"properties":{"name":"Сити-микс","cat":"gastronomic","kind":"Где поесть","website":null}},{"type":"Feature","geometry":{"type":"Point","coordinates":[40.4166348,56.1329255]},"properties":{"name":"Гиннесс бар","cat":"gastronomic","kind":"Где поесть","website":null}},{"type":"Feature","geometry":{"type":"Point","coordinates":[40.3984882,56.1272991]},"properties":{"name":"Адам и Ева","cat":"gastronomic","kind":"Где поесть","website":null}},{"type":"Feature","geometry":{"type":"Point","coordinates":[40.405136,56.1289991]},"properties":{"name":"Вкусно — и точка кафе","cat":"gastronomic","kind":"Где поесть","website":null}},{"type":"Feature","geometry":{"type":"Point","coordinates":[40.6065388,56.1817235]},"properties":{"name":"Соло","cat":"gastronomic","kind":"Где поесть","website":null}},{"type":"Feature","geometry":{"type":"Point","coordinates":[40.3619478,56.1231868]},"properties":{"name":"Столовая \"Рябинка\"","cat":"gastronomic","kind":"Где поесть","website":null}},{"type":"Feature","geometry":{"type":"Point","coordinates":[40.3548494,56.1259755]},"properties":{"name":"Старый приятель","cat":"gastronomic","kind":"Где поесть","website":null}},{"type":"Feature","geometry":{"type":"Point","coordinates":[40.3665071,56.1490425]},"properties":{"name":"Старый приятель","cat":"gastronomic","kind":"Где поесть","website":null}},{"type":"Feature","geometry":{"type":"Point","coordinates":[40.3698541,56.1475052]},"properties":{"name":"Закусочная","cat":"gastronomic","kind":"Где поесть","website":null}},{"type":"Feature","geometry":{"type":"Point","coordinates":[40.3653212,56.1473171]},"properties":{"name":"Закусочная","cat":"gastronomic","kind":"Где поесть","website":null}},{"type":"Feature","geometry":{"type":"Point","coordinates":[40.280661,56.1098936]},"properties":{"name":"Beer bar","cat":"gastronomic","kind":"Где поесть","website":null}},{"type":"Feature","geometry":{"type":"Point","coordinates":[40.3360304,56.1127435]},"properties":{"name":"Столовая","cat":"gastronomic","kind":"Где поесть","website":null}},{"type":"Feature","geometry":{"type":"Point","coordinates":[40.3820492,56.1455992]},"properties":{"name":"Суши Весла","cat":"gastronomic","kind":"Где поесть","website":null}},{"type":"Feature","geometry":{"type":"Point","coordinates":[42.475136,56.1665404]},"properties":{"name":"Уют","cat":"gastronomic","kind":"Где поесть","website":null}},{"type":"Feature","geometry":{"type":"Point","coordinates":[39.763041,56.1878926]},"properties":{"name":"Столовая","cat":"gastronomic","kind":"Где поесть","website":null}},{"type":"Feature","geometry":{"type":"Point","coordinates":[42.6802673,56.2074394]},"properties":{"name":"Старый город","cat":"gastronomic","kind":"Где поесть","website":null}},{"type":"Feature","geometry":{"type":"Point","coordinates":[40.3797942,56.1528124]},"properties":{"name":"Столовая","cat":"gastronomic","kind":"Где поесть","website":null}},{"type":"Feature","geometry":{"type":"Point","coordinates":[40.400434,56.1284965]},"properties":{"name":"Искушение","cat":"gastronomic","kind":"Где поесть","website":null}},{"type":"Feature","geometry":{"type":"Point","coordinates":[40.4001876,56.1294692]},"properties":{"name":"Против правил","cat":"gastronomic","kind":"Где поесть","website":null}},{"type":"Feature","geometry":{"type":"Point","coordinates":[40.3910611,56.1419986]},"properties":{"name":"Суши-сити","cat":"gastronomic","kind":"Где поесть","website":null}},{"type":"Feature","geometry":{"type":"Point","coordinates":[40.3991238,56.1268399]},"properties":{"name":"Кабуки","cat":"gastronomic","kind":"Где поесть","website":null}},{"type":"Feature","geometry":{"type":"Point","coordinates":[38.3740911,56.4714137]},"properties":{"name":"ООО \"Успех\"","cat":"gastronomic","kind":"Где поесть","website":null}},{"type":"Feature","geometry":{"type":"Point","coordinates":[40.4072838,56.1405366]},"properties":{"name":"Сима","cat":"gastronomic","kind":"Где поесть","website":null}},{"type":"Feature","geometry":{"type":"Point","coordinates":[40.3647057,56.1406723]},"properties":{"name":"Шаурма","cat":"gastronomic","kind":"Где поесть","website":null}},{"type":"Feature","geometry":{"type":"Point","coordinates":[40.3567107,56.1068589]},"properties":{"name":"Поющий лосось","cat":"gastronomic","kind":"Где поесть","website":null}},{"type":"Feature","geometry":{"type":"Point","coordinates":[40.0243019,56.1290803]},"properties":{"name":"Кофейня","cat":"gastronomic","kind":"Где поесть","website":null}},{"type":"Feature","geometry":{"type":"Point","coordinates":[40.3493004,56.1312248]},"properties":{"name":"Закусочная","cat":"gastronomic","kind":"Где поесть","website":null}},{"type":"Feature","geometry":{"type":"Point","coordinates":[40.8433393,56.1981559]},"properties":{"name":"Сказка","cat":"gastronomic","kind":"Где поесть","website":null}},{"type":"Feature","geometry":{"type":"Point","coordinates":[40.8783903,56.1319277]},"properties":{"name":"Верста","cat":"gastronomic","kind":"Где поесть","website":null}},{"type":"Feature","geometry":{"type":"Point","coordinates":[39.4505463,55.9363289]},"properties":{"name":"Мон кафе","cat":"gastronomic","kind":"Где поесть","website":"http://cafe.mon-otel.ru/"}},{"type":"Feature","geometry":{"type":"Point","coordinates":[40.3942626,56.1262888]},"properties":{"name":"ОДРИ","cat":"gastronomic","kind":"Где поесть","website":null}},{"type":"Feature","geometry":{"type":"Point","coordinates":[42.0546089,55.5692341]},"properties":{"name":"Киоск-фастфуд","cat":"gastronomic","kind":"Где поесть","website":null}},{"type":"Feature","geometry":{"type":"Point","coordinates":[40.4504404,56.1726658]},"properties":{"name":"Дворик","cat":"gastronomic","kind":"Где поесть","website":null}},{"type":"Feature","geometry":{"type":"Point","coordinates":[38.8684862,56.1605255]},"properties":{"name":"Шерна","cat":"gastronomic","kind":"Где поесть","website":null}},{"type":"Feature","geometry":{"type":"Point","coordinates":[40.3225267,56.0220083]},"properties":{"name":"У Заира","cat":"gastronomic","kind":"Где поесть","website":null}},{"type":"Feature","geometry":{"type":"Point","coordinates":[42.0552865,55.5793617]},"properties":{"name":"Баринъ","cat":"gastronomic","kind":"Где поесть","website":"https://barin.my1.ru/index/kontakty/0-7"}},{"type":"Feature","geometry":{"type":"Point","coordinates":[40.6429902,55.6004531]},"properties":{"name":"СССР","cat":"gastronomic","kind":"Где поесть","website":null}},{"type":"Feature","geometry":{"type":"Point","coordinates":[39.1541179,55.9142791]},"properties":{"name":"Медведь","cat":"gastronomic","kind":"Где поесть","website":null}},{"type":"Feature","geometry":{"type":"Point","coordinates":[39.1547992,55.9153162]},"properties":{"name":"Пельменная","cat":"gastronomic","kind":"Где поесть","website":null}},{"type":"Feature","geometry":{"type":"Point","coordinates":[39.1813242,55.9182115]},"properties":{"name":"Кафе-бистро","cat":"gastronomic","kind":"Где поесть","website":null}},{"type":"Feature","geometry":{"type":"Point","coordinates":[39.9752274,56.0200813]},"properties":{"name":"Шаурма","cat":"gastronomic","kind":"Где поесть","website":null}},{"type":"Feature","geometry":{"type":"Point","coordinates":[41.3036584,56.3667545]},"properties":{"name":"Lounge","cat":"gastronomic","kind":"Где поесть","website":null}},{"type":"Feature","geometry":{"type":"Point","coordinates":[41.3103117,56.3726373]},"properties":{"name":"Домашняя пельменная","cat":"gastronomic","kind":"Где поесть","website":null}},{"type":"Feature","geometry":{"type":"Point","coordinates":[40.3535369,56.1135545]},"properties":{"name":"суши бар нори","cat":"gastronomic","kind":"Где поесть","website":null}},{"type":"Feature","geometry":{"type":"Point","coordinates":[42.1661151,56.2445617]},"properties":{"name":"Столовая на Сенькова","cat":"gastronomic","kind":"Где поесть","website":null}},{"type":"Feature","geometry":{"type":"Point","coordinates":[41.119482,55.92832]},"properties":{"name":"Марианна","cat":"gastronomic","kind":"Где поесть","website":null}},{"type":"Feature","geometry":{"type":"Point","coordinates":[41.967051,55.6019521]},"properties":{"name":"Риони","cat":"gastronomic","kind":"Где поесть","website":null}},{"type":"Feature","geometry":{"type":"Point","coordinates":[41.3683166,56.0466941]},"properties":{"name":"Карусель","cat":"gastronomic","kind":"Где поесть","website":null}},{"type":"Feature","geometry":{"type":"Point","coordinates":[39.6801086,56.4994528]},"properties":{"name":"Золотой телёнок","cat":"gastronomic","kind":"Где поесть","website":null}},{"type":"Feature","geometry":{"type":"Point","coordinates":[41.3335839,56.2024311]},"properties":{"name":"Карусель","cat":"gastronomic","kind":"Где поесть","website":null}},{"type":"Feature","geometry":{"type":"Point","coordinates":[42.6769959,56.2066]},"properties":{"name":"Пельменная","cat":"gastronomic","kind":"Где поесть","website":null}},{"type":"Feature","geometry":{"type":"Point","coordinates":[39.3780296,56.294352]},"properties":{"name":"киви","cat":"gastronomic","kind":"Где поесть","website":null}},{"type":"Feature","geometry":{"type":"Point","coordinates":[41.6077026,55.3288887]},"properties":{"name":"Славянка","cat":"gastronomic","kind":"Где поесть","website":null}},{"type":"Feature","geometry":{"type":"Point","coordinates":[42.6784103,56.2068786]},"properties":{"name":"Изба","cat":"gastronomic","kind":"Где поесть","website":null}},{"type":"Feature","geometry":{"type":"Point","coordinates":[40.4013146,56.1268889]},"properties":{"name":"22а","cat":"gastronomic","kind":"Где поесть","website":null}},{"type":"Feature","geometry":{"type":"Point","coordinates":[41.0135851,56.3508499]},"properties":{"name":"Лотос","cat":"gastronomic","kind":"Где поесть","website":null}},{"type":"Feature","geometry":{"type":"Point","coordinates":[41.0025481,56.351842]},"properties":{"name":"Пиццерия","cat":"gastronomic","kind":"Где поесть","website":null}},{"type":"Feature","geometry":{"type":"Point","coordinates":[42.6933041,56.2025712]},"properties":{"name":"Вертикаль","cat":"gastronomic","kind":"Где поесть","website":null}},{"type":"Feature","geometry":{"type":"Point","coordinates":[40.4020491,56.1287453]},"properties":{"name":"Прага","cat":"gastronomic","kind":"Где поесть","website":"https://vk.com/pivoteka_praha"}},{"type":"Feature","geometry":{"type":"Point","coordinates":[40.3919406,56.1471891]},"properties":{"name":"Столовая","cat":"gastronomic","kind":"Где поесть","website":null}},{"type":"Feature","geometry":{"type":"Point","coordinates":[40.393385,56.122392]},"properties":{"name":"Арена","cat":"gastronomic","kind":"Где поесть","website":null}},{"type":"Feature","geometry":{"type":"Point","coordinates":[40.2188775,55.6784475]},"properties":{"name":"Марис","cat":"gastronomic","kind":"Где поесть","website":null}},{"type":"Feature","geometry":{"type":"Point","coordinates":[42.5952143,56.1614318]},"properties":{"name":"Волга 327","cat":"gastronomic","kind":"Где поесть","website":null}},{"type":"Feature","geometry":{"type":"Point","coordinates":[42.4168344,56.1751444]},"properties":{"name":"Усадьба","cat":"gastronomic","kind":"Где поесть","website":null}},{"type":"Feature","geometry":{"type":"Point","coordinates":[40.0789502,56.0489164]},"properties":{"name":"Хижина рыбака","cat":"gastronomic","kind":"Где поесть","website":null}},{"type":"Feature","geometry":{"type":"Point","coordinates":[40.5583007,56.2385591]},"properties":{"name":"Столовая","cat":"gastronomic","kind":"Где поесть","website":null}},{"type":"Feature","geometry":{"type":"Point","coordinates":[41.6415455,55.3397578]},"properties":{"name":"Самобранка","cat":"gastronomic","kind":"Где поесть","website":null}},{"type":"Feature","geometry":{"type":"Point","coordinates":[40.7298849,55.7069228]},"properties":{"name":"Вашутинка","cat":"gastronomic","kind":"Где поесть","website":null}},{"type":"Feature","geometry":{"type":"Point","coordinates":[40.4475986,56.4231021]},"properties":{"name":"Бальзаминов дворик","cat":"gastronomic","kind":"Где поесть","website":null}},{"type":"Feature","geometry":{"type":"Point","coordinates":[40.4633979,56.4186765]},"properties":{"name":"Трактир \"На Васильевской\"","cat":"gastronomic","kind":"Где поесть","website":null}},{"type":"Feature","geometry":{"type":"Point","coordinates":[42.0527511,55.5774126]},"properties":{"name":"Витязь","cat":"gastronomic","kind":"Где поесть","website":null}},{"type":"Feature","geometry":{"type":"Point","coordinates":[42.0494528,55.578377]},"properties":{"name":"Кофейня el Caramelo","cat":"gastronomic","kind":"Где поесть","website":"http://www.elcaramelo.ru"}},{"type":"Feature","geometry":{"type":"Point","coordinates":[41.6256887,55.3385029]},"properties":{"name":"Мещера","cat":"gastronomic","kind":"Где поесть","website":null}},{"type":"Feature","geometry":{"type":"Point","coordinates":[40.6162144,55.6395882]},"properties":{"name":"столовая \"Пятерочка\"","cat":"gastronomic","kind":"Где поесть","website":null}},{"type":"Feature","geometry":{"type":"Point","coordinates":[40.3903574,56.1260764]},"properties":{"name":"Просто Кофе","cat":"gastronomic","kind":"Где поесть","website":null}},{"type":"Feature","geometry":{"type":"Point","coordinates":[38.5865345,56.3741003]},"properties":{"name":"Бисквит","cat":"gastronomic","kind":"Где поесть","website":"http://biskvit33.ru"}},{"type":"Feature","geometry":{"type":"Point","coordinates":[40.6395359,55.6252911]},"properties":{"name":"Столовая","cat":"gastronomic","kind":"Где поесть","website":null}},{"type":"Feature","geometry":{"type":"Point","coordinates":[40.4004349,56.1273294]},"properties":{"name":"Острый козырек","cat":"gastronomic","kind":"Где поесть","website":"http://vk.com/peakyblinderpub33"}},{"type":"Feature","geometry":{"type":"Point","coordinates":[42.0522294,55.5786604]},"properties":{"name":"Пиццерия «Соренто»","cat":"gastronomic","kind":"Где поесть","website":"https://sorento.pizza/murom.html"}},{"type":"Feature","geometry":{"type":"Point","coordinates":[40.4467638,56.1639554]},"properties":{"name":"Эдем","cat":"gastronomic","kind":"Где поесть","website":null}},{"type":"Feature","geometry":{"type":"Point","coordinates":[40.4561743,56.1575522]},"properties":{"name":"Красносельский","cat":"gastronomic","kind":"Где поесть","website":null}},{"type":"Feature","geometry":{"type":"Point","coordinates":[40.4475385,56.4198716]},"properties":{"name":"Кулинар","cat":"gastronomic","kind":"Где поесть","website":null}},{"type":"Feature","geometry":{"type":"Point","coordinates":[40.4434325,56.4312889]},"properties":{"name":"Огурец","cat":"gastronomic","kind":"Где поесть","website":"https://suzdalogurec.ru/"}},{"type":"Feature","geometry":{"type":"Point","coordinates":[42.6836091,56.199808]},"properties":{"name":"Арктика","cat":"gastronomic","kind":"Где поесть","website":null}},{"type":"Feature","geometry":{"type":"Point","coordinates":[41.3108214,56.3640244]},"properties":{"name":"Вилы","cat":"gastronomic","kind":"Где поесть","website":null}},{"type":"Feature","geometry":{"type":"Point","coordinates":[40.4488478,56.4216919]},"properties":{"name":"Le Bazar","cat":"gastronomic","kind":"Где поесть","website":null}},{"type":"Feature","geometry":{"type":"Point","coordinates":[40.4586406,56.1723778]},"properties":{"name":"То-То Пицца","cat":"gastronomic","kind":"Где поесть","website":"https://totopizza.ru/"}},{"type":"Feature","geometry":{"type":"Point","coordinates":[40.4369831,56.413566]},"properties":{"name":"Русская трапеза","cat":"gastronomic","kind":"Где поесть","website":null}},{"type":"Feature","geometry":{"type":"Point","coordinates":[40.3878282,56.1489415]},"properties":{"name":"Бургер Кинг","cat":"gastronomic","kind":"Где поесть","website":"https://burgerkingrus.ru/"}},{"type":"Feature","geometry":{"type":"Point","coordinates":[42.0445243,55.5790228]},"properties":{"name":"Лаванда","cat":"gastronomic","kind":"Где поесть","website":null}},{"type":"Feature","geometry":{"type":"Point","coordinates":[41.6268278,55.3382285]},"properties":{"name":"Шоколадница","cat":"gastronomic","kind":"Где поесть","website":null}},{"type":"Feature","geometry":{"type":"Point","coordinates":[40.333512,56.0016562]},"properties":{"name":"Додо Пицца","cat":"gastronomic","kind":"Где поесть","website":"https://dodopizza.ru"}},{"type":"Feature","geometry":{"type":"Point","coordinates":[40.4034108,56.1292137]},"properties":{"name":"Карлсон","cat":"gastronomic","kind":"Где поесть","website":null}},{"type":"Feature","geometry":{"type":"Point","coordinates":[40.4033027,56.1296245]},"properties":{"name":"Серебряная подкова","cat":"gastronomic","kind":"Где поесть","website":null}},{"type":"Feature","geometry":{"type":"Point","coordinates":[40.4036126,56.129076]},"properties":{"name":"Тоня и ее пельмени","cat":"gastronomic","kind":"Где поесть","website":"https://instagram.com/tonya_i_pelmeny"}},{"type":"Feature","geometry":{"type":"Point","coordinates":[40.3807869,56.1504002]},"properties":{"name":"Кафе техцентра Гранд","cat":"gastronomic","kind":"Где поесть","website":null}},{"type":"Feature","geometry":{"type":"Point","coordinates":[41.3092486,56.350526]},"properties":{"name":"Довольный Кот","cat":"gastronomic","kind":"Где поесть","website":null}},{"type":"Feature","geometry":{"type":"Point","coordinates":[40.4207916,56.1536674]},"properties":{"name":"Старый Баку","cat":"gastronomic","kind":"Где поесть","website":null}},{"type":"Feature","geometry":{"type":"Point","coordinates":[40.4386538,56.1028291]},"properties":{"name":"Take & wake","cat":"gastronomic","kind":"Где поесть","website":null}},{"type":"Feature","geometry":{"type":"Point","coordinates":[40.400834,56.1274818]},"properties":{"name":"PlovSamsa project","cat":"gastronomic","kind":"Где поесть","website":"https://samsaplov.ru/"}},{"type":"Feature","geometry":{"type":"Point","coordinates":[42.0109884,55.5719458]},"properties":{"name":"три звёздочки","cat":"gastronomic","kind":"Где поесть","website":null}},{"type":"Feature","geometry":{"type":"Point","coordinates":[40.4473659,56.4132693]},"properties":{"name":"Пушкарь","cat":"gastronomic","kind":"Где поесть","website":null}},{"type":"Feature","geometry":{"type":"Point","coordinates":[42.0513749,55.5776006]},"properties":{"name":"Ёрш","cat":"gastronomic","kind":"Где поесть","website":null}},{"type":"Feature","geometry":{"type":"Point","coordinates":[39.3763119,56.3064143]},"properties":{"name":"Кофеин","cat":"gastronomic","kind":"Где поесть","website":null}},{"type":"Feature","geometry":{"type":"Point","coordinates":[39.3761575,56.3062472]},"properties":{"name":"Попкорн-бар \"Субмарина\"","cat":"gastronomic","kind":"Где поесть","website":null}},{"type":"Feature","geometry":{"type":"Point","coordinates":[42.666908,56.198309]},"properties":{"name":"Султан","cat":"gastronomic","kind":"Где поесть","website":null}},{"type":"Feature","geometry":{"type":"Point","coordinates":[42.043002,55.5633729]},"properties":{"name":"Барин","cat":"gastronomic","kind":"Где поесть","website":null}},{"type":"Feature","geometry":{"type":"Point","coordinates":[42.0371178,55.570993]},"properties":{"name":"Ташир-пицца","cat":"gastronomic","kind":"Где поесть","website":"https://www.tashirpizza.ru"}},{"type":"Feature","geometry":{"type":"Point","coordinates":[40.4001544,56.130032]},"properties":{"name":"Сололаки","cat":"gastronomic","kind":"Где поесть","website":null}},{"type":"Feature","geometry":{"type":"Point","coordinates":[40.4002577,56.1298701]},"properties":{"name":"Френдли","cat":"gastronomic","kind":"Где поесть","website":null}},{"type":"Feature","geometry":{"type":"Point","coordinates":[40.4004825,56.1290909]},"properties":{"name":"Между Булок","cat":"gastronomic","kind":"Где поесть","website":null}},{"type":"Feature","geometry":{"type":"Point","coordinates":[40.3478265,56.0967832]},"properties":{"name":"Наша столовая","cat":"gastronomic","kind":"Где поесть","website":null}},{"type":"Feature","geometry":{"type":"Point","coordinates":[40.3609992,56.1187345]},"properties":{"name":"Песто","cat":"gastronomic","kind":"Где поесть","website":null}},{"type":"Feature","geometry":{"type":"Point","coordinates":[40.3533468,56.1050251]},"properties":{"name":"Хинкальный дом","cat":"gastronomic","kind":"Где поесть","website":null}},{"type":"Feature","geometry":{"type":"Point","coordinates":[40.4748277,56.4209527]},"properties":{"name":"Буфет","cat":"gastronomic","kind":"Где поесть","website":null}},{"type":"Feature","geometry":{"type":"Point","coordinates":[40.4169939,56.4287213]},"properties":{"name":"Столовая №1","cat":"gastronomic","kind":"Где поесть","website":null}},{"type":"Feature","geometry":{"type":"Point","coordinates":[42.0366219,55.5736959]},"properties":{"name":"Burger Time","cat":"gastronomic","kind":"Где поесть","website":null}},{"type":"Feature","geometry":{"type":"Point","coordinates":[42.0402923,55.5721875]},"properties":{"name":"Шаурма","cat":"gastronomic","kind":"Где поесть","website":null}},{"type":"Feature","geometry":{"type":"Point","coordinates":[42.0406035,55.572263]},"properties":{"name":"Стейк бар","cat":"gastronomic","kind":"Где поесть","website":null}},{"type":"Feature","geometry":{"type":"Point","coordinates":[39.1195276,55.9260877]},"properties":{"name":"Монастырская трапеза","cat":"gastronomic","kind":"Где поесть","website":null}},{"type":"Feature","geometry":{"type":"Point","coordinates":[38.8495123,56.148948]},"properties":{"name":"Шаурма киржачская","cat":"gastronomic","kind":"Где поесть","website":null}},{"type":"Feature","geometry":{"type":"Point","coordinates":[42.0572582,55.5789585]},"properties":{"name":"Эль Карамело","cat":"gastronomic","kind":"Где поесть","website":null}},{"type":"Feature","geometry":{"type":"Point","coordinates":[42.0607066,55.5543542]},"properties":{"name":"Столовая «Юбилейная»","cat":"gastronomic","kind":"Где поесть","website":null}},{"type":"Feature","geometry":{"type":"Point","coordinates":[39.6887589,56.50791]},"properties":{"name":"Шаурма","cat":"gastronomic","kind":"Где поесть","website":null}},{"type":"Feature","geometry":{"type":"Point","coordinates":[39.6876373,56.5057449]},"properties":{"name":"Суши-сет","cat":"gastronomic","kind":"Где поесть","website":null}},{"type":"Feature","geometry":{"type":"Point","coordinates":[42.0441574,55.5634012]},"properties":{"name":"Белое солнце","cat":"gastronomic","kind":"Где поесть","website":null}},{"type":"Feature","geometry":{"type":"Point","coordinates":[38.7290701,56.3942046]},"properties":{"name":"Гусли","cat":"gastronomic","kind":"Где поесть","website":"http://ресторангусли.рф"}},{"type":"Feature","geometry":{"type":"Point","coordinates":[41.9681919,55.5244616]},"properties":{"name":"Аврора","cat":"gastronomic","kind":"Где поесть","website":null}},{"type":"Feature","geometry":{"type":"Point","coordinates":[40.5656621,56.4103917]},"properties":{"name":"Долгорукий","cat":"gastronomic","kind":"Где поесть","website":null}},{"type":"Feature","geometry":{"type":"Point","coordinates":[38.7207982,56.3987008]},"properties":{"name":"Додо Пицца","cat":"gastronomic","kind":"Где поесть","website":"https://dodopizza.ru"}},{"type":"Feature","geometry":{"type":"Point","coordinates":[39.0646315,55.8994611]},"properties":{"name":"Чайный домик","cat":"gastronomic","kind":"Где поесть","website":"http://www.vikon.ru"}},{"type":"Feature","geometry":{"type":"Point","coordinates":[40.3999506,56.1272623]},"properties":{"name":"Другой бар","cat":"gastronomic","kind":"Где поесть","website":null}},{"type":"Feature","geometry":{"type":"Point","coordinates":[39.1506801,55.9150174]},"properties":{"name":"Подворье","cat":"gastronomic","kind":"Где поесть","website":null}},{"type":"Feature","geometry":{"type":"Point","coordinates":[38.6980204,56.3155823]},"properties":{"name":"Шоколад","cat":"gastronomic","kind":"Где поесть","website":null}},{"type":"Feature","geometry":{"type":"Point","coordinates":[40.4010227,56.1274277]},"properties":{"name":"Veggie Bro","cat":"gastronomic","kind":"Где поесть","website":null}},{"type":"Feature","geometry":{"type":"Point","coordinates":[42.0343137,55.5956467]},"properties":{"name":"Хуторок","cat":"gastronomic","kind":"Где поесть","website":null}},{"type":"Feature","geometry":{"type":"Point","coordinates":[42.0341139,55.5928118]},"properties":{"name":"Ассорти","cat":"gastronomic","kind":"Где поесть","website":null}},{"type":"Feature","geometry":{"type":"Point","coordinates":[42.0078765,55.5819834]},"properties":{"name":"Глория","cat":"gastronomic","kind":"Где поесть","website":null}},{"type":"Feature","geometry":{"type":"Point","coordinates":[42.0125596,55.5769452]},"properties":{"name":"Бочкарь","cat":"gastronomic","kind":"Где поесть","website":null}},{"type":"Feature","geometry":{"type":"Point","coordinates":[42.0162557,55.5766446]},"properties":{"name":"Койот","cat":"gastronomic","kind":"Где поесть","website":null}},{"type":"Feature","geometry":{"type":"Point","coordinates":[42.0155852,55.5744933]},"properties":{"name":"Пивторг","cat":"gastronomic","kind":"Где поесть","website":null}},{"type":"Feature","geometry":{"type":"Point","coordinates":[42.0114773,55.5744956]},"properties":{"name":"Разливной мир","cat":"gastronomic","kind":"Где поесть","website":null}},{"type":"Feature","geometry":{"type":"Point","coordinates":[42.0090124,55.5744774]},"properties":{"name":"Ресторанчик","cat":"gastronomic","kind":"Где поесть","website":null}},{"type":"Feature","geometry":{"type":"Point","coordinates":[40.4008939,56.1285303]},"properties":{"name":"Грильмания","cat":"gastronomic","kind":"Где поесть","website":"http://grill33.ru"}},{"type":"Feature","geometry":{"type":"Point","coordinates":[40.4013399,56.1280388]},"properties":{"name":"Верона","cat":"gastronomic","kind":"Где поесть","website":null}},{"type":"Feature","geometry":{"type":"Point","coordinates":[40.3993523,56.127467]},"properties":{"name":"Кофейня","cat":"gastronomic","kind":"Где поесть","website":null}},{"type":"Feature","geometry":{"type":"Point","coordinates":[40.401139,56.1275199]},"properties":{"name":"Лаки","cat":"gastronomic","kind":"Где поесть","website":null}},{"type":"Feature","geometry":{"type":"Point","coordinates":[40.4035727,56.1283727]},"properties":{"name":"Coffee Like","cat":"gastronomic","kind":"Где поесть","website":"https://coffee-like.com/"}},{"type":"Feature","geometry":{"type":"Point","coordinates":[40.387096,56.1492]},"properties":{"name":"Coffee Like","cat":"gastronomic","kind":"Где поесть","website":"https://coffee-like.com/"}},{"type":"Feature","geometry":{"type":"Point","coordinates":[40.4049079,56.128933]},"properties":{"name":"KFC","cat":"gastronomic","kind":"Где поесть","website":null}},{"type":"Feature","geometry":{"type":"Point","coordinates":[40.4475488,56.4195186]},"properties":{"name":"Офени","cat":"gastronomic","kind":"Где поесть","website":null}},{"type":"Feature","geometry":{"type":"Point","coordinates":[40.4364626,56.413427]},"properties":{"name":"Чайная","cat":"gastronomic","kind":"Где поесть","website":null}},{"type":"Feature","geometry":{"type":"Point","coordinates":[40.447573,56.4193007]},"properties":{"name":"Граф Суворов","cat":"gastronomic","kind":"Где поесть","website":null}},{"type":"Feature","geometry":{"type":"Point","coordinates":[38.5807017,56.3680344]},"properties":{"name":"Счастливая семья","cat":"gastronomic","kind":"Где поесть","website":null}},{"type":"Feature","geometry":{"type":"Point","coordinates":[39.6393616,55.9365804]},"properties":{"name":"Кулинария","cat":"gastronomic","kind":"Где поесть","website":null}},{"type":"Feature","geometry":{"type":"Point","coordinates":[40.399107,56.126925]},"properties":{"name":"Coffee Like","cat":"gastronomic","kind":"Где поесть","website":"https://coffee-like.com/"}},{"type":"Feature","geometry":{"type":"Point","coordinates":[40.39491,56.1282979]},"properties":{"name":"33 пингвина","cat":"gastronomic","kind":"Где поесть","website":"https://33pingvina.ru/"}},{"type":"Feature","geometry":{"type":"Point","coordinates":[38.871612,56.162411]},"properties":{"name":"33 пингвина","cat":"gastronomic","kind":"Где поесть","website":"https://33pingvina.ru/"}},{"type":"Feature","geometry":{"type":"Point","coordinates":[40.4635423,56.1753953]},"properties":{"name":"33 пингвина","cat":"gastronomic","kind":"Где поесть","website":"https://33pingvina.ru/"}},{"type":"Feature","geometry":{"type":"Point","coordinates":[40.3328249,56.114846]},"properties":{"name":"33 пингвина","cat":"gastronomic","kind":"Где поесть","website":"https://33pingvina.ru/"}},{"type":"Feature","geometry":{"type":"Point","coordinates":[40.387322,56.1491399]},"properties":{"name":"33 пингвина","cat":"gastronomic","kind":"Где поесть","website":"https://33pingvina.ru/"}},{"type":"Feature","geometry":{"type":"Point","coordinates":[39.381489,56.3017707]},"properties":{"name":"33 пингвина","cat":"gastronomic","kind":"Где поесть","website":"https://33pingvina.ru/"}},{"type":"Feature","geometry":{"type":"Point","coordinates":[38.8518852,56.1525794]},"properties":{"name":"Лакомка","cat":"gastronomic","kind":"Где поесть","website":null}},{"type":"Feature","geometry":{"type":"Point","coordinates":[40.4482026,56.4196998]},"properties":{"name":"Джаспер и песчаник","cat":"gastronomic","kind":"Где поесть","website":null}},{"type":"Feature","geometry":{"type":"Point","coordinates":[42.016418,55.5649028]},"properties":{"name":"Полустановк","cat":"gastronomic","kind":"Где поесть","website":null}},{"type":"Feature","geometry":{"type":"Point","coordinates":[42.0162188,55.5640436]},"properties":{"name":"Сюрприз","cat":"gastronomic","kind":"Где поесть","website":null}},{"type":"Feature","geometry":{"type":"Point","coordinates":[42.0159674,55.5653745]},"properties":{"name":"Удача","cat":"gastronomic","kind":"Где поесть","website":null}},{"type":"Feature","geometry":{"type":"Point","coordinates":[38.8479023,56.1513418]},"properties":{"name":"Куры-Гриль","cat":"gastronomic","kind":"Где поесть","website":null}},{"type":"Feature","geometry":{"type":"Point","coordinates":[39.9471437,56.015322]},"properties":{"name":"Рыбное место","cat":"gastronomic","kind":"Где поесть","website":null}},{"type":"Feature","geometry":{"type":"Point","coordinates":[38.8713751,56.1630449]},"properties":{"name":"Столовая","cat":"gastronomic","kind":"Где поесть","website":null}},{"type":"Feature","geometry":{"type":"Point","coordinates":[40.4017943,56.1281744]},"properties":{"name":"Мишка бар","cat":"gastronomic","kind":"Где поесть","website":null}},{"type":"Feature","geometry":{"type":"Point","coordinates":[40.4017158,56.1286372]},"properties":{"name":"Кабуки 2.0","cat":"gastronomic","kind":"Где поесть","website":"https://vladimgroup.ru"}},{"type":"Feature","geometry":{"type":"Point","coordinates":[40.393038,56.128966]},"properties":{"name":"Coffee Like","cat":"gastronomic","kind":"Где поесть","website":"https://coffee-like.com/"}},{"type":"Feature","geometry":{"type":"Point","coordinates":[40.403392,56.12839]},"properties":{"name":"Coffee Like","cat":"gastronomic","kind":"Где поесть","website":"https://coffee-like.com/"}},{"type":"Feature","geometry":{"type":"Point","coordinates":[42.0205513,55.5657795]},"properties":{"name":"Кафешка.ru","cat":"gastronomic","kind":"Где поесть","website":null}},{"type":"Feature","geometry":{"type":"Point","coordinates":[40.417175,56.1327546]},"properties":{"name":"Корица","cat":"gastronomic","kind":"Где поесть","website":null}},{"type":"Feature","geometry":{"type":"Point","coordinates":[40.3855276,56.1273516]},"properties":{"name":"ПиццаФабрика","cat":"gastronomic","kind":"Где поесть","website":"https://pizzafabrika.ru/"}},{"type":"Feature","geometry":{"type":"Point","coordinates":[38.6794491,56.3989514]},"properties":{"name":"DriveCafe","cat":"gastronomic","kind":"Где поесть","website":null}},{"type":"Feature","geometry":{"type":"Point","coordinates":[39.0865713,55.9034071]},"properties":{"name":"Блинная","cat":"gastronomic","kind":"Где поесть","website":null}},{"type":"Feature","geometry":{"type":"Point","coordinates":[39.08714,55.9029395]},"properties":{"name":"Сытый папа","cat":"gastronomic","kind":"Где поесть","website":null}},{"type":"Feature","geometry":{"type":"Point","coordinates":[38.8940352,56.1692837]},"properties":{"name":"Стардог!s","cat":"gastronomic","kind":"Где поесть","website":"https://www.stardogs.ru/"}},{"type":"Feature","geometry":{"type":"Point","coordinates":[40.445095,56.4182154]},"properties":{"name":"Иван Чайная","cat":"gastronomic","kind":"Где поесть","website":"http://ivanteahouse.tilda.ws/ivanteahouse"}},{"type":"Feature","geometry":{"type":"Point","coordinates":[42.0355448,55.5751266]},"properties":{"name":"ПитСтоп Бургер","cat":"gastronomic","kind":"Где поесть","website":"http://питстоп33.рф/"}},{"type":"Feature","geometry":{"type":"Point","coordinates":[42.0355663,55.5751371]},"properties":{"name":"Craft Bar","cat":"gastronomic","kind":"Где поесть","website":null}},{"type":"Feature","geometry":{"type":"Point","coordinates":[42.0395096,55.5745873]},"properties":{"name":"Шаурма по-армянски","cat":"gastronomic","kind":"Где поесть","website":null}},{"type":"Feature","geometry":{"type":"Point","coordinates":[42.038333,55.5720459]},"properties":{"name":"Бургерлэнд","cat":"gastronomic","kind":"Где поесть","website":null}},{"type":"Feature","geometry":{"type":"Point","coordinates":[38.5835633,56.3728278]},"properties":{"name":"Пончики","cat":"gastronomic","kind":"Где поесть","website":null}},{"type":"Feature","geometry":{"type":"Point","coordinates":[40.3991837,56.1292074]},"properties":{"name":"Орион","cat":"gastronomic","kind":"Где поесть","website":null}},{"type":"Feature","geometry":{"type":"Point","coordinates":[42.0415514,55.5770752]},"properties":{"name":"Лада","cat":"gastronomic","kind":"Где поесть","website":null}},{"type":"Feature","geometry":{"type":"Point","coordinates":[42.0460269,55.5779126]},"properties":{"name":"Додо Пицца","cat":"gastronomic","kind":"Где поесть","website":"https://dodopizza.ru"}},{"type":"Feature","geometry":{"type":"Point","coordinates":[42.0452531,55.577311]},"properties":{"name":"Суши Сити","cat":"gastronomic","kind":"Где поесть","website":null}},{"type":"Feature","geometry":{"type":"Point","coordinates":[42.0448593,55.577327]},"properties":{"name":"Шаурм кинг","cat":"gastronomic","kind":"Где поесть","website":null}},{"type":"Feature","geometry":{"type":"Point","coordinates":[42.0478968,55.5778535]},"properties":{"name":"Body forming & диет","cat":"gastronomic","kind":"Где поесть","website":null}},{"type":"Feature","geometry":{"type":"Point","coordinates":[42.0440662,55.5756738]},"properties":{"name":"Pro Vino","cat":"gastronomic","kind":"Где поесть","website":null}},{"type":"Feature","geometry":{"type":"Point","coordinates":[38.873553,56.1633609]},"properties":{"name":"Zebra","cat":"gastronomic","kind":"Где поесть","website":null}},{"type":"Feature","geometry":{"type":"Point","coordinates":[40.4507843,56.1645092]},"properties":{"name":"ПиццаФабрика","cat":"gastronomic","kind":"Где поесть","website":"https://pizzafabrika.ru/"}},{"type":"Feature","geometry":{"type":"Point","coordinates":[42.0509856,55.5790067]},"properties":{"name":"БонАппети","cat":"gastronomic","kind":"Где поесть","website":null}},{"type":"Feature","geometry":{"type":"Point","coordinates":[39.1756534,55.9184886]},"properties":{"name":"У Олега","cat":"gastronomic","kind":"Где поесть","website":null}},{"type":"Feature","geometry":{"type":"Point","coordinates":[42.1167827,56.2394016]},"properties":{"name":"Пицца То-То","cat":"gastronomic","kind":"Где поесть","website":"https://vyazniki.totopizza.ru/"}},{"type":"Feature","geometry":{"type":"Point","coordinates":[42.0526798,55.5780443]},"properties":{"name":"Шаурма","cat":"gastronomic","kind":"Где поесть","website":null}},{"type":"Feature","geometry":{"type":"Point","coordinates":[42.0526171,55.5781195]},"properties":{"name":"Парус","cat":"gastronomic","kind":"Где поесть","website":null}},{"type":"Feature","geometry":{"type":"Point","coordinates":[42.0519841,55.5786631]},"properties":{"name":"Buffet","cat":"gastronomic","kind":"Где поесть","website":"https://buffetbar.ru/"}},{"type":"Feature","geometry":{"type":"Point","coordinates":[42.0517011,55.5787753]},"properties":{"name":"Пельмень+Pasta","cat":"gastronomic","kind":"Где поесть","website":null}},{"type":"Feature","geometry":{"type":"Point","coordinates":[42.0502768,55.5785486]},"properties":{"name":"ВилкиНет","cat":"gastronomic","kind":"Где поесть","website":"https://murom.vilkinet.ru/"}},{"type":"Feature","geometry":{"type":"Point","coordinates":[42.0499169,55.5784937]},"properties":{"name":"Трактир Сирин","cat":"gastronomic","kind":"Где поесть","website":null}},{"type":"Feature","geometry":{"type":"Point","coordinates":[42.0515348,55.5776609]},"properties":{"name":"Мандарин","cat":"gastronomic","kind":"Где поесть","website":null}},{"type":"Feature","geometry":{"type":"Point","coordinates":[42.0519241,55.5777448]},"properties":{"name":"У Борисыча","cat":"gastronomic","kind":"Где поесть","website":null}},{"type":"Feature","geometry":{"type":"Point","coordinates":[42.0489246,55.5780244]},"properties":{"name":"Красный Лев","cat":"gastronomic","kind":"Где поесть","website":null}},{"type":"Feature","geometry":{"type":"Point","coordinates":[40.4452353,56.4132423]},"properties":{"name":"Лепота","cat":"gastronomic","kind":"Где поесть","website":null}},{"type":"Feature","geometry":{"type":"Point","coordinates":[39.4567859,55.9307227]},"properties":{"name":"Русь","cat":"gastronomic","kind":"Где поесть","website":null}},{"type":"Feature","geometry":{"type":"Point","coordinates":[38.3753309,56.4712374]},"properties":{"name":"Зеленая дубрава","cat":"gastronomic","kind":"Где поесть","website":null}},{"type":"Feature","geometry":{"type":"Point","coordinates":[40.6113114,55.4557689]},"properties":{"name":"Курловчанка","cat":"gastronomic","kind":"Где поесть","website":null}},{"type":"Feature","geometry":{"type":"Point","coordinates":[38.8501657,56.1369246]},"properties":{"name":"Бургер&Гриль","cat":"gastronomic","kind":"Где поесть","website":"https://burger33.ru"}},{"type":"Feature","geometry":{"type":"Point","coordinates":[42.1333084,56.2215538]},"properties":{"name":"Светофор","cat":"gastronomic","kind":"Где поесть","website":null}},{"type":"Feature","geometry":{"type":"Point","coordinates":[38.7279682,56.3937404]},"properties":{"name":"Ратибор","cat":"gastronomic","kind":"Где поесть","website":null}},{"type":"Feature","geometry":{"type":"Point","coordinates":[41.3039258,56.3646456]},"properties":{"name":"Бургер Кинг","cat":"gastronomic","kind":"Где поесть","website":"https://burgerkingrus.ru/"}},{"type":"Feature","geometry":{"type":"Point","coordinates":[38.8929084,56.1688896]},"properties":{"name":"Шаурма №1","cat":"gastronomic","kind":"Где поесть","website":null}},{"type":"Feature","geometry":{"type":"Point","coordinates":[38.901081,56.1742517]},"properties":{"name":"Пегас","cat":"gastronomic","kind":"Где поесть","website":null}},{"type":"Feature","geometry":{"type":"Point","coordinates":[39.4512016,55.9364546]},"properties":{"name":"Rostic's","cat":"gastronomic","kind":"Где поесть","website":"https://rostics.ru"}},{"type":"Feature","geometry":{"type":"Point","coordinates":[39.1893335,55.9195632]},"properties":{"name":"Славянка 699 км","cat":"gastronomic","kind":"Где поесть","website":null}},{"type":"Feature","geometry":{"type":"Point","coordinates":[40.443816,56.4317017]},"properties":{"name":"ГрафинЪ","cat":"gastronomic","kind":"Где поесть","website":"http://grafin.restaurant"}},{"type":"Feature","geometry":{"type":"Point","coordinates":[40.4334647,56.4291689]},"properties":{"name":"Балаган","cat":"gastronomic","kind":"Где поесть","website":null}},{"type":"Feature","geometry":{"type":"Point","coordinates":[40.4352702,56.4286746]},"properties":{"name":"Трактир у Прокопа","cat":"gastronomic","kind":"Где поесть","website":null}},{"type":"Feature","geometry":{"type":"Point","coordinates":[40.448168,56.420135]},"properties":{"name":"Сервант","cat":"gastronomic","kind":"Где поесть","website":null}},{"type":"Feature","geometry":{"type":"Point","coordinates":[40.4030263,56.1276965]},"properties":{"name":"Шериф","cat":"gastronomic","kind":"Где поесть","website":null}},{"type":"Feature","geometry":{"type":"Point","coordinates":[40.4029388,56.1277411]},"properties":{"name":"Фарфор","cat":"gastronomic","kind":"Где поесть","website":"https://farfor.ru/"}},{"type":"Feature","geometry":{"type":"Point","coordinates":[42.052608,55.578168]},"properties":{"name":"Трапезная \"У Ильи у Муромца\"","cat":"gastronomic","kind":"Где поесть","website":"https://vk.com/trapeznaj"}},{"type":"Feature","geometry":{"type":"Point","coordinates":[40.4486722,56.4219945]},"properties":{"name":"Старый Суздаль","cat":"gastronomic","kind":"Где поесть","website":null}},{"type":"Feature","geometry":{"type":"Point","coordinates":[42.0532181,55.5785265]},"properties":{"name":"Харчевня Емеля","cat":"gastronomic","kind":"Где поесть","website":null}},{"type":"Feature","geometry":{"type":"Point","coordinates":[39.0646335,55.8995306]},"properties":{"name":"Пельменная","cat":"gastronomic","kind":"Где поесть","website":null}},{"type":"Feature","geometry":{"type":"Point","coordinates":[40.3886203,56.1266333]},"properties":{"name":"Рынок на Студеной","cat":"gastronomic","kind":"Где поесть","website":"https://www.marketnagore.ru/"}},{"type":"Feature","geometry":{"type":"Point","coordinates":[40.3886039,56.1266437]},"properties":{"name":"Гастромаркет Рынок На Студеной","cat":"gastronomic","kind":"Где поесть","website":"https://marketnagore.ru/"}},{"type":"Feature","geometry":{"type":"Point","coordinates":[38.7138147,56.3971148]},"properties":{"name":"Rostic's","cat":"gastronomic","kind":"Где поесть","website":"https://rostics.ru"}},{"type":"Feature","geometry":{"type":"Point","coordinates":[40.4476861,56.4229822]},"properties":{"name":"Буфет","cat":"gastronomic","kind":"Где поесть","website":null}},{"type":"Feature","geometry":{"type":"Point","coordinates":[40.448241,56.4192455]},"properties":{"name":"Все в сад","cat":"gastronomic","kind":"Где поесть","website":null}},{"type":"Feature","geometry":{"type":"Point","coordinates":[40.4497017,56.4209075]},"properties":{"name":"Боярский мед","cat":"gastronomic","kind":"Где поесть","website":null}},{"type":"Feature","geometry":{"type":"Point","coordinates":[40.4348896,56.428282]},"properties":{"name":"Русский вальс","cat":"gastronomic","kind":"Где поесть","website":null}},{"type":"Feature","geometry":{"type":"Point","coordinates":[40.4487417,56.4218894]},"properties":{"name":"Самовар","cat":"gastronomic","kind":"Где поесть","website":null}},{"type":"Feature","geometry":{"type":"Point","coordinates":[40.4487735,56.4218127]},"properties":{"name":"Пироги Пицца Пельмени","cat":"gastronomic","kind":"Где поесть","website":null}},{"type":"Feature","geometry":{"type":"Point","coordinates":[40.4017836,56.131055]},"properties":{"name":"Гараж","cat":"gastronomic","kind":"Где поесть","website":null}},{"type":"Feature","geometry":{"type":"Point","coordinates":[40.4043747,56.1287961]},"properties":{"name":"Чито грито","cat":"gastronomic","kind":"Где поесть","website":null}},{"type":"Feature","geometry":{"type":"Point","coordinates":[40.4041338,56.1284739]},"properties":{"name":"Гринвич","cat":"gastronomic","kind":"Где поесть","website":null}},{"type":"Feature","geometry":{"type":"Point","coordinates":[40.4035229,56.1290678]},"properties":{"name":"Кофе стаут","cat":"gastronomic","kind":"Где поесть","website":null}},{"type":"Feature","geometry":{"type":"Point","coordinates":[39.6918976,55.9607653]},"properties":{"name":"Владимирка","cat":"gastronomic","kind":"Где поесть","website":null}},{"type":"Feature","geometry":{"type":"Point","coordinates":[40.0170216,56.0321193]},"properties":{"name":"Арзу","cat":"gastronomic","kind":"Где поесть","website":null}},{"type":"Feature","geometry":{"type":"Point","coordinates":[40.0749654,56.0478007]},"properties":{"name":"Ваша закусочная","cat":"gastronomic","kind":"Где поесть","website":null}},{"type":"Feature","geometry":{"type":"Point","coordinates":[40.2365524,56.0904601]},"properties":{"name":"Пельмень","cat":"gastronomic","kind":"Где поесть","website":null}},{"type":"Feature","geometry":{"type":"Point","coordinates":[38.7040715,56.3965082]},"properties":{"name":"EcoCoffee","cat":"gastronomic","kind":"Где поесть","website":null}},{"type":"Feature","geometry":{"type":"Point","coordinates":[41.6328445,55.336694]},"properties":{"name":"Шаурма","cat":"gastronomic","kind":"Где поесть","website":null}},{"type":"Feature","geometry":{"type":"Point","coordinates":[40.4402623,56.4121501]},"properties":{"name":"Русское подворье","cat":"gastronomic","kind":"Где поесть","website":"https://rp-suzdal.ru"}},{"type":"Feature","geometry":{"type":"Point","coordinates":[42.0441666,55.5790024]},"properties":{"name":"Котокафе Мурчелло","cat":"gastronomic","kind":"Где поесть","website":"https://www.instagram.com/murchello_catcafe/"}},{"type":"Feature","geometry":{"type":"Point","coordinates":[40.439862,56.1079155]},"properties":{"name":"Чтобы Вкусно","cat":"gastronomic","kind":"Где поесть","website":null}},{"type":"Feature","geometry":{"type":"Point","coordinates":[40.4195775,56.1308322]},"properties":{"name":"Еда всегда","cat":"gastronomic","kind":"Где поесть","website":null}},{"type":"Feature","geometry":{"type":"Point","coordinates":[40.4485273,56.4223702]},"properties":{"name":"Охлонин","cat":"gastronomic","kind":"Где поесть","website":null}},{"type":"Feature","geometry":{"type":"Point","coordinates":[40.4475726,56.4192098]},"properties":{"name":"Агроном","cat":"gastronomic","kind":"Где поесть","website":null}},{"type":"Feature","geometry":{"type":"Point","coordinates":[40.4498741,56.4209601]},"properties":{"name":"Кружка и чашка","cat":"gastronomic","kind":"Где поесть","website":null}},{"type":"Feature","geometry":{"type":"Point","coordinates":[40.4013598,56.127072]},"properties":{"name":"Гастробар 22А","cat":"gastronomic","kind":"Где поесть","website":null}},{"type":"Feature","geometry":{"type":"Point","coordinates":[40.4444699,56.402297]},"properties":{"name":"Берега","cat":"gastronomic","kind":"Где поесть","website":null}},{"type":"Feature","geometry":{"type":"Point","coordinates":[41.312794,56.351238]},"properties":{"name":"One Price Coffee","cat":"gastronomic","kind":"Где поесть","website":"https://onepricecoffee.com/"}},{"type":"Feature","geometry":{"type":"Point","coordinates":[40.459232,56.1769287]},"properties":{"name":"Глобус","cat":"gastronomic","kind":"Где поесть","website":"https://www.globus.ru/"}},{"type":"Feature","geometry":{"type":"Point","coordinates":[42.052373,55.5784508]},"properties":{"name":"Автосуши Автопицца","cat":"gastronomic","kind":"Где поесть","website":"https://mur.avtosushi.ru"}},{"type":"Feature","geometry":{"type":"Point","coordinates":[40.4454564,56.4240095]},"properties":{"name":"Суздальская трапеза","cat":"gastronomic","kind":"Где поесть","website":null}},{"type":"Feature","geometry":{"type":"Point","coordinates":[38.7253872,56.3977607]},"properties":{"name":"Ложки Кружки","cat":"gastronomic","kind":"Где поесть","website":"https://lozhkikruzhki.ru/"}},{"type":"Feature","geometry":{"type":"Point","coordinates":[38.7414612,56.3992289]},"properties":{"name":"ТрактирЪ","cat":"gastronomic","kind":"Где поесть","website":null}},{"type":"Feature","geometry":{"type":"Point","coordinates":[40.4019952,56.1287348]},"properties":{"name":"Vladbeef","cat":"gastronomic","kind":"Где поесть","website":null}},{"type":"Feature","geometry":{"type":"Point","coordinates":[40.4492148,56.4252628]},"properties":{"name":"Вкусно и просто","cat":"gastronomic","kind":"Где поесть","website":null}},{"type":"Feature","geometry":{"type":"Point","coordinates":[40.4460355,56.4168622]},"properties":{"name":"Генеральская дача","cat":"gastronomic","kind":"Где поесть","website":null}},{"type":"Feature","geometry":{"type":"Point","coordinates":[40.3652528,56.1386859]},"properties":{"name":"KFC","cat":"gastronomic","kind":"Где поесть","website":null}},{"type":"Feature","geometry":{"type":"Point","coordinates":[40.4510513,56.4200428]},"properties":{"name":"KFC","cat":"gastronomic","kind":"Где поесть","website":null}},{"type":"Feature","geometry":{"type":"Point","coordinates":[40.3862008,56.1497585]},"properties":{"name":"Крошка Картошка","cat":"gastronomic","kind":"Где поесть","website":"https://www.kartoshka.com/"}},{"type":"Feature","geometry":{"type":"Point","coordinates":[40.4049388,56.1290707]},"properties":{"name":"Coffee Like","cat":"gastronomic","kind":"Где поесть","website":"https://coffee-like.com/"}},{"type":"Feature","geometry":{"type":"Point","coordinates":[42.0447897,55.5770916]},"properties":{"name":"Coffee Like","cat":"gastronomic","kind":"Где поесть","website":"https://coffee-like.com/"}},{"type":"Feature","geometry":{"type":"Point","coordinates":[40.4052848,56.139874]},"properties":{"name":"Coffee Like","cat":"gastronomic","kind":"Где поесть","website":"https://coffee-like.com/"}},{"type":"Feature","geometry":{"type":"Point","coordinates":[40.3524879,56.1185468]},"properties":{"name":"Кофейня To You","cat":"gastronomic","kind":"Где поесть","website":null}},{"type":"Feature","geometry":{"type":"Point","coordinates":[40.0239122,56.1291441]},"properties":{"name":"Бистро","cat":"gastronomic","kind":"Где поесть","website":null}},{"type":"Feature","geometry":{"type":"Point","coordinates":[42.0364728,55.5714241]},"properties":{"name":"Бургер Кинг","cat":"gastronomic","kind":"Где поесть","website":"https://burgerkingrus.ru/"}},{"type":"Feature","geometry":{"type":"Point","coordinates":[39.4643948,55.9252523]},"properties":{"name":"Восточная кухня","cat":"gastronomic","kind":"Где поесть","website":null}},{"type":"Feature","geometry":{"type":"Point","coordinates":[39.3806756,56.2981594]},"properties":{"name":"Стардогs","cat":"gastronomic","kind":"Где поесть","website":"https://www.stardogs.ru/"}},{"type":"Feature","geometry":{"type":"Point","coordinates":[40.420056,56.130036]},"properties":{"name":"Стардог!s","cat":"gastronomic","kind":"Где поесть","website":"https://www.stardogs.ru/"}},{"type":"Feature","geometry":{"type":"Point","coordinates":[38.872621,56.1414034]},"properties":{"name":"Шаурма","cat":"gastronomic","kind":"Где поесть","website":null}},{"type":"Feature","geometry":{"type":"Point","coordinates":[40.34,56.1158]},"properties":{"name":"Бургер Кинг","cat":"gastronomic","kind":"Где поесть","website":"https://burgerkingrus.ru/"}},{"type":"Feature","geometry":{"type":"Point","coordinates":[39.9736455,56.0203919]},"properties":{"name":"Пельмень","cat":"gastronomic","kind":"Где поесть","website":null}},{"type":"Feature","geometry":{"type":"Point","coordinates":[39.9739929,56.0204409]},"properties":{"name":"Суши Папа","cat":"gastronomic","kind":"Где поесть","website":null}},{"type":"Feature","geometry":{"type":"Point","coordinates":[39.9687371,56.0190465]},"properties":{"name":"Пивляндия","cat":"gastronomic","kind":"Где поесть","website":null}},{"type":"Feature","geometry":{"type":"Point","coordinates":[39.5623184,56.3964178]},"properties":{"name":"Трапеза","cat":"gastronomic","kind":"Где поесть","website":null}},{"type":"Feature","geometry":{"type":"Point","coordinates":[39.6802485,56.5213422]},"properties":{"name":"Тест","cat":"gastronomic","kind":"Где поесть","website":null}},{"type":"Feature","geometry":{"type":"Point","coordinates":[40.345265,56.1056885]},"properties":{"name":"Coffee Like","cat":"gastronomic","kind":"Где поесть","website":"https://coffee-like.com/"}},{"type":"Feature","geometry":{"type":"Point","coordinates":[40.3916212,56.1262589]},"properties":{"name":"Маяк","cat":"gastronomic","kind":"Где поесть","website":"http://Lighthouse-coffee.ru"}},{"type":"Feature","geometry":{"type":"Point","coordinates":[40.4211285,56.1314252]},"properties":{"name":"Кухня Нью-йоркской бабушки","cat":"gastronomic","kind":"Где поесть","website":null}},{"type":"Feature","geometry":{"type":"Point","coordinates":[39.457072,55.9344484]},"properties":{"name":"Каштан","cat":"gastronomic","kind":"Где поесть","website":null}},{"type":"Feature","geometry":{"type":"Point","coordinates":[40.5638589,55.9980635]},"properties":{"name":"Березка","cat":"gastronomic","kind":"Где поесть","website":null}},{"type":"Feature","geometry":{"type":"Point","coordinates":[39.3618606,56.29196]},"properties":{"name":"Люля кебаб и шаурма от Гриши","cat":"gastronomic","kind":"Где поесть","website":null}},{"type":"Feature","geometry":{"type":"Point","coordinates":[38.854229,56.1537706]},"properties":{"name":"Диана","cat":"gastronomic","kind":"Где поесть","website":null}},{"type":"Feature","geometry":{"type":"Point","coordinates":[39.3788929,56.3020757]},"properties":{"name":"Пицца Суши Мейкер","cat":"gastronomic","kind":"Где поесть","website":null}},{"type":"Feature","geometry":{"type":"Point","coordinates":[40.4083121,56.1298087]},"properties":{"name":"Natura","cat":"gastronomic","kind":"Где поесть","website":null}},{"type":"Feature","geometry":{"type":"Point","coordinates":[40.4010157,56.1277846]},"properties":{"name":"Houston","cat":"gastronomic","kind":"Где поесть","website":null}},{"type":"Feature","geometry":{"type":"Point","coordinates":[40.4013979,56.1285364]},"properties":{"name":"Блеск","cat":"gastronomic","kind":"Где поесть","website":null}},{"type":"Feature","geometry":{"type":"Point","coordinates":[42.0513788,55.5788197]},"properties":{"name":"Клише кофе","cat":"gastronomic","kind":"Где поесть","website":null}},{"type":"Feature","geometry":{"type":"Point","coordinates":[42.0541126,55.580055]},"properties":{"name":"Ермак","cat":"gastronomic","kind":"Где поесть","website":"https://ermak-ploschad-1100-letija-muroma.clients.site/"}},{"type":"Feature","geometry":{"type":"Point","coordinates":[40.0307207,56.1250804]},"properties":{"name":"Кулинария","cat":"gastronomic","kind":"Где поесть","website":null}},{"type":"Feature","geometry":{"type":"Point","coordinates":[40.4435052,56.4158535]},"properties":{"name":"Кофе Пряник","cat":"gastronomic","kind":"Где поесть","website":null}},{"type":"Feature","geometry":{"type":"Point","coordinates":[40.4486394,56.4220388]},"properties":{"name":"Александровский трактиръ","cat":"gastronomic","kind":"Где поесть","website":null}},{"type":"Feature","geometry":{"type":"Point","coordinates":[38.8794418,56.1125527]},"properties":{"name":"Престиж","cat":"gastronomic","kind":"Где поесть","website":null}},{"type":"Feature","geometry":{"type":"Point","coordinates":[38.8828106,56.1126634]},"properties":{"name":"Шаурма Выпечка","cat":"gastronomic","kind":"Где поесть","website":null}},{"type":"Feature","geometry":{"type":"Point","coordinates":[42.0166539,55.5797938]},"properties":{"name":"Рестоловая","cat":"gastronomic","kind":"Где поесть","website":null}},{"type":"Feature","geometry":{"type":"Point","coordinates":[38.870903,56.1612341]},"properties":{"name":"Пицца № 1","cat":"gastronomic","kind":"Где поесть","website":"https://kirzhach.mypizza-1.ru"}},{"type":"Feature","geometry":{"type":"Point","coordinates":[38.9048731,56.1547289]},"properties":{"name":"Shishles","cat":"gastronomic","kind":"Где поесть","website":null}},{"type":"Feature","geometry":{"type":"Point","coordinates":[38.8662493,56.1719687]},"properties":{"name":"Адмирал","cat":"gastronomic","kind":"Где поесть","website":null}},{"type":"Feature","geometry":{"type":"Point","coordinates":[38.8817498,56.1186217]},"properties":{"name":"Ешка","cat":"gastronomic","kind":"Где поесть","website":null}},{"type":"Feature","geometry":{"type":"Point","coordinates":[40.390109,56.1428079]},"properties":{"name":"Сдобная лавка","cat":"gastronomic","kind":"Где поесть","website":null}},{"type":"Feature","geometry":{"type":"Point","coordinates":[40.3935045,56.1260166]},"properties":{"name":"Пекарня Булки","cat":"gastronomic","kind":"Где поесть","website":null}},{"type":"Feature","geometry":{"type":"Point","coordinates":[38.8553756,56.1272768]},"properties":{"name":"Столовая","cat":"gastronomic","kind":"Где поесть","website":null}},{"type":"Feature","geometry":{"type":"Point","coordinates":[38.8623601,56.1521175]},"properties":{"name":"Яръ-пицца","cat":"gastronomic","kind":"Где поесть","website":"https://jarpizza333.ru"}},{"type":"Feature","geometry":{"type":"Point","coordinates":[38.8557954,56.1700207]},"properties":{"name":"Шанежки","cat":"gastronomic","kind":"Где поесть","website":null}},{"type":"Feature","geometry":{"type":"Point","coordinates":[41.2269547,55.8033225]},"properties":{"name":"Вкусный перекус","cat":"gastronomic","kind":"Где поесть","website":null}},{"type":"Feature","geometry":{"type":"Point","coordinates":[40.471467,56.1609777]},"properties":{"name":"Hookah place","cat":"gastronomic","kind":"Где поесть","website":null}},{"type":"Feature","geometry":{"type":"Point","coordinates":[40.4112243,56.1335159]},"properties":{"name":"Столовая на Воровского","cat":"gastronomic","kind":"Где поесть","website":"https://stolovaya33.ru/"}},{"type":"Feature","geometry":{"type":"Point","coordinates":[40.4674771,56.1588596]},"properties":{"name":"Добрые булки","cat":"gastronomic","kind":"Где поесть","website":null}},{"type":"Feature","geometry":{"type":"Point","coordinates":[40.4652952,56.1594422]},"properties":{"name":"Капитан","cat":"gastronomic","kind":"Где поесть","website":null}},{"type":"Feature","geometry":{"type":"Point","coordinates":[38.8731372,56.1617412]},"properties":{"name":"Репейник","cat":"gastronomic","kind":"Где поесть","website":"https://re-pei.ru"}},{"type":"Feature","geometry":{"type":"Point","coordinates":[38.8735986,56.1619518]},"properties":{"name":"Подвальчик","cat":"gastronomic","kind":"Где поесть","website":null}},{"type":"Feature","geometry":{"type":"Point","coordinates":[38.9880109,56.2220833]},"properties":{"name":"Кафе","cat":"gastronomic","kind":"Где поесть","website":null}},{"type":"Feature","geometry":{"type":"Point","coordinates":[39.3743174,56.2935164]},"properties":{"name":"Место в городе","cat":"gastronomic","kind":"Где поесть","website":null}},{"type":"Feature","geometry":{"type":"Point","coordinates":[40.8455281,55.981568]},"properties":{"name":"Уют","cat":"gastronomic","kind":"Где поесть","website":null}},{"type":"Feature","geometry":{"type":"Point","coordinates":[40.4469386,56.4184323]},"properties":{"name":"Фрося &варенье","cat":"gastronomic","kind":"Где поесть","website":null}},{"type":"Feature","geometry":{"type":"Point","coordinates":[40.4017768,56.1275085]},"properties":{"name":"Сели Да Поели","cat":"gastronomic","kind":"Где поесть","website":null}},{"type":"Feature","geometry":{"type":"Point","coordinates":[40.4011518,56.127319]},"properties":{"name":"Подстава паб","cat":"gastronomic","kind":"Где поесть","website":"https://vk.com/podstavapub"}},{"type":"Feature","geometry":{"type":"Point","coordinates":[40.4069982,56.1397268]},"properties":{"name":"Шоколадница","cat":"gastronomic","kind":"Где поесть","website":"https://regions.shoko.ru"}},{"type":"Feature","geometry":{"type":"Point","coordinates":[41.6478327,55.3232322]},"properties":{"name":"Южные Зори","cat":"gastronomic","kind":"Где поесть","website":null}},{"type":"Feature","geometry":{"type":"Point","coordinates":[41.774662,55.3807928]},"properties":{"name":"Оазис","cat":"gastronomic","kind":"Где поесть","website":null}},{"type":"Feature","geometry":{"type":"Point","coordinates":[38.7139213,56.3143559]},"properties":{"name":"Cafe","cat":"gastronomic","kind":"Где поесть","website":null}},{"type":"Feature","geometry":{"type":"Point","coordinates":[38.7148118,56.3832536]},"properties":{"name":"Chill-Out Bar","cat":"gastronomic","kind":"Где поесть","website":null}},{"type":"Feature","geometry":{"type":"Point","coordinates":[38.7149821,56.3905753]},"properties":{"name":"Bistro","cat":"gastronomic","kind":"Где поесть","website":null}},{"type":"Feature","geometry":{"type":"Point","coordinates":[38.7250806,56.3977716]},"properties":{"name":"Ложки Кружки","cat":"gastronomic","kind":"Где поесть","website":"https://lozhkikruzhki.ru"}},{"type":"Feature","geometry":{"type":"Point","coordinates":[38.7249519,56.3975215]},"properties":{"name":"Гранат","cat":"gastronomic","kind":"Где поесть","website":null}},{"type":"Feature","geometry":{"type":"Point","coordinates":[38.7297048,56.3977857]},"properties":{"name":"Асахи","cat":"gastronomic","kind":"Где поесть","website":null}},{"type":"Feature","geometry":{"type":"Point","coordinates":[38.7290248,56.3977434]},"properties":{"name":"Намотай","cat":"gastronomic","kind":"Где поесть","website":"https://namotaj.ru"}},{"type":"Feature","geometry":{"type":"Point","coordinates":[39.3335813,56.3083498]},"properties":{"name":"Сели-поели","cat":"gastronomic","kind":"Где поесть","website":null}},{"type":"Feature","geometry":{"type":"Point","coordinates":[40.6694663,55.6151013]},"properties":{"name":"Умка","cat":"gastronomic","kind":"Где поесть","website":null}},{"type":"Feature","geometry":{"type":"Point","coordinates":[42.027702,55.5734349]},"properties":{"name":"Моккано","cat":"gastronomic","kind":"Где поесть","website":"https://murom.mokkano.ru"}},{"type":"Feature","geometry":{"type":"Point","coordinates":[38.7151739,56.3937049]},"properties":{"name":"Моккано","cat":"gastronomic","kind":"Где поесть","website":"https://aleksandrov.mokkano.ru"}},{"type":"Feature","geometry":{"type":"Point","coordinates":[40.3978714,56.1276057]},"properties":{"name":"Смокер-бар Imagine Food","cat":"gastronomic","kind":"Где поесть","website":"http://www.instagram/imagine.event"}},{"type":"Feature","geometry":{"type":"Point","coordinates":[38.5163069,56.5098039]},"properties":{"name":"Баранка","cat":"gastronomic","kind":"Где поесть","website":"https://cafebaranka.ru/"}},{"type":"Feature","geometry":{"type":"Point","coordinates":[40.4471942,56.4229353]},"properties":{"name":"Дом Русского чаепития","cat":"gastronomic","kind":"Где поесть","website":"https://suzdal-dvor.ru/"}},{"type":"Feature","geometry":{"type":"Point","coordinates":[40.4536752,56.164673]},"properties":{"name":"Шашлычный Дом","cat":"gastronomic","kind":"Где поесть","website":null}},{"type":"Feature","geometry":{"type":"Point","coordinates":[42.6772293,56.2071025]},"properties":{"name":"Original","cat":"gastronomic","kind":"Где поесть","website":null}},{"type":"Feature","geometry":{"type":"Point","coordinates":[40.3526692,56.1185324]},"properties":{"name":"Шаурма","cat":"gastronomic","kind":"Где поесть","website":null}},{"type":"Feature","geometry":{"type":"Point","coordinates":[40.4474487,56.4209703]},"properties":{"name":"Сыродельня","cat":"gastronomic","kind":"Где поесть","website":null}},{"type":"Feature","geometry":{"type":"Point","coordinates":[40.6685878,55.6154853]},"properties":{"name":"Додо Пицца","cat":"gastronomic","kind":"Где поесть","website":"https://dodopizza.ru"}},{"type":"Feature","geometry":{"type":"Point","coordinates":[40.3987093,56.1273389]},"properties":{"name":"Додо Пицца","cat":"gastronomic","kind":"Где поесть","website":"https://dodopizza.ru"}},{"type":"Feature","geometry":{"type":"Point","coordinates":[41.3040622,56.3371942]},"properties":{"name":"Додо Пицца","cat":"gastronomic","kind":"Где поесть","website":"https://dodopizza.ru"}},{"type":"Feature","geometry":{"type":"Point","coordinates":[40.3625008,56.1209431]},"properties":{"name":"Додо Пицца","cat":"gastronomic","kind":"Где поесть","website":"https://dodopizza.ru"}},{"type":"Feature","geometry":{"type":"Point","coordinates":[39.3778083,56.2989273]},"properties":{"name":"Додо Пицца","cat":"gastronomic","kind":"Где поесть","website":"https://dodopizza.ru"}},{"type":"Feature","geometry":{"type":"Point","coordinates":[42.02943,55.575379]},"properties":{"name":"X.Lovelli","cat":"gastronomic","kind":"Где поесть","website":"https://xlovelli.ru"}},{"type":"Feature","geometry":{"type":"Point","coordinates":[40.7069942,55.7947622]},"properties":{"name":"Столовая","cat":"gastronomic","kind":"Где поесть","website":null}},{"type":"Feature","geometry":{"type":"Point","coordinates":[38.7112445,56.3959569]},"properties":{"name":"Бургерная #1","cat":"gastronomic","kind":"Где поесть","website":null}},{"type":"Feature","geometry":{"type":"Point","coordinates":[41.302592,56.3654779]},"properties":{"name":"Суши-Маркет","cat":"gastronomic","kind":"Где поесть","website":"https://sushi-market.com"}},{"type":"Feature","geometry":{"type":"Point","coordinates":[40.4012437,56.1275442]},"properties":{"name":"Кофейный Дворъ","cat":"gastronomic","kind":"Где поесть","website":null}},{"type":"Feature","geometry":{"type":"Point","coordinates":[40.3928941,56.1290456]},"properties":{"name":"Полли","cat":"gastronomic","kind":"Где поесть","website":"https://pollyrestaurant.ru/"}},{"type":"Feature","geometry":{"type":"Point","coordinates":[41.2846557,56.3507548]},"properties":{"name":"Европа","cat":"gastronomic","kind":"Где поесть","website":null}},{"type":"Feature","geometry":{"type":"Point","coordinates":[41.3120511,56.3526793]},"properties":{"name":"Бургер Кинг","cat":"gastronomic","kind":"Где поесть","website":"https://burgerkingrus.ru/"}},{"type":"Feature","geometry":{"type":"Point","coordinates":[41.2820579,56.223967]},"properties":{"name":"Галерея Вкусов","cat":"gastronomic","kind":"Где поесть","website":null}},{"type":"Feature","geometry":{"type":"Point","coordinates":[40.6678274,55.6157753]},"properties":{"name":"То-То Пицца","cat":"gastronomic","kind":"Где поесть","website":"https://totopizza.ru"}},{"type":"Feature","geometry":{"type":"Point","coordinates":[42.0350674,55.5734486]},"properties":{"name":"То-То Пицца","cat":"gastronomic","kind":"Где поесть","website":"https://totopizza.ru"}},{"type":"Feature","geometry":{"type":"Point","coordinates":[40.365368,56.138928]},"properties":{"name":"То-То Пицца","cat":"gastronomic","kind":"Где поесть","website":"https://totopizza.ru"}},{"type":"Feature","geometry":{"type":"Point","coordinates":[42.1161452,56.2396908]},"properties":{"name":"То-То Пицца","cat":"gastronomic","kind":"Где поесть","website":"https://totopizza.ru"}},{"type":"Feature","geometry":{"type":"Point","coordinates":[41.3041507,56.3646862]},"properties":{"name":"То-То Пицца","cat":"gastronomic","kind":"Где поесть","website":"https://totopizza.ru"}},{"type":"Feature","geometry":{"type":"Point","coordinates":[41.3070435,56.3364649]},"properties":{"name":"То-То Пицца","cat":"gastronomic","kind":"Где поесть","website":"https://totopizza.ru"}},{"type":"Feature","geometry":{"type":"Point","coordinates":[41.3169058,56.3374016]},"properties":{"name":"То-То Пицца","cat":"gastronomic","kind":"Где поесть","website":"https://totopizza.ru"}},{"type":"Feature","geometry":{"type":"Point","coordinates":[40.3567582,56.1067475]},"properties":{"name":"То-То Пицца","cat":"gastronomic","kind":"Где поесть","website":"https://totopizza.ru"}},{"type":"Feature","geometry":{"type":"Point","coordinates":[40.406902,56.1399278]},"properties":{"name":"То-То Пицца","cat":"gastronomic","kind":"Где поесть","website":"https://totopizza.ru"}},{"type":"Feature","geometry":{"type":"Point","coordinates":[38.7149758,56.3945342]},"properties":{"name":"Aladdin","cat":"gastronomic","kind":"Где поесть","website":null}},{"type":"Feature","geometry":{"type":"Point","coordinates":[38.7139357,56.3944924]},"properties":{"name":"Asia","cat":"gastronomic","kind":"Где поесть","website":null}},{"type":"Feature","geometry":{"type":"Point","coordinates":[39.9630797,56.0177673]},"properties":{"name":"Додо Пицца","cat":"gastronomic","kind":"Где поесть","website":"https://dodopizza.ru"}},{"type":"Feature","geometry":{"type":"Point","coordinates":[40.3952211,56.1408574]},"properties":{"name":"Пушка суши","cat":"gastronomic","kind":"Где поесть","website":"https://pushkasushi.ru"}},{"type":"Feature","geometry":{"type":"Point","coordinates":[40.4624077,56.1690314]},"properties":{"name":"Пушка суши","cat":"gastronomic","kind":"Где поесть","website":"https://pushkasushi.ru"}},{"type":"Feature","geometry":{"type":"Point","coordinates":[39.3736902,56.330525]},"properties":{"name":"Трофей","cat":"gastronomic","kind":"Где поесть","website":null}},{"type":"Feature","geometry":{"type":"Point","coordinates":[41.3418927,56.3473082]},"properties":{"name":"Pizza Store","cat":"gastronomic","kind":"Где поесть","website":"https://pizzastore33.ru/"}},{"type":"Feature","geometry":{"type":"Point","coordinates":[41.3035431,56.3655354]},"properties":{"name":"FoodFix","cat":"gastronomic","kind":"Где поесть","website":"https://vk.com/foodfix_33"}},{"type":"Feature","geometry":{"type":"Point","coordinates":[41.3254273,56.3579266]},"properties":{"name":"FoodFix","cat":"gastronomic","kind":"Где поесть","website":"https://vk.com/foodfix_33"}},{"type":"Feature","geometry":{"type":"Point","coordinates":[41.3208394,56.3332313]},"properties":{"name":"FoodFix","cat":"gastronomic","kind":"Где поесть","website":"https://vk.com/foodfix_33"}},{"type":"Feature","geometry":{"type":"Point","coordinates":[40.4116763,56.1423637]},"properties":{"name":"Zotman Pizza","cat":"gastronomic","kind":"Где поесть","website":"https://zotmanpizza.ru"}},{"type":"Feature","geometry":{"type":"Point","coordinates":[39.1771705,55.9135366]},"properties":{"name":"Каштан","cat":"gastronomic","kind":"Где поесть","website":null}},{"type":"Feature","geometry":{"type":"Point","coordinates":[40.3671144,56.1410733]},"properties":{"name":"Север-Метрополь","cat":"gastronomic","kind":"Где поесть","website":"https://sever-metropol.ru/"}},{"type":"Feature","geometry":{"type":"Point","coordinates":[39.3811603,56.3028574]},"properties":{"name":"S.A.D. Food","cat":"gastronomic","kind":"Где поесть","website":null}},{"type":"Feature","geometry":{"type":"Point","coordinates":[40.399862,56.1272656]},"properties":{"name":"Сири 2.0 танцевальный караоке-бар","cat":"gastronomic","kind":"Где поесть","website":null}},{"type":"Feature","geometry":{"type":"Point","coordinates":[40.3504147,56.1195022]},"properties":{"name":"Столовая на Крайнова","cat":"gastronomic","kind":"Где поесть","website":null}},{"type":"Feature","geometry":{"type":"Point","coordinates":[40.4417172,56.4321518]},"properties":{"name":"Slovno в мае","cat":"gastronomic","kind":"Где поесть","website":null}},{"type":"Feature","geometry":{"type":"Point","coordinates":[40.4638265,56.1754552]},"properties":{"name":"Вкусно — и точка","cat":"gastronomic","kind":"Где поесть","website":null}},{"type":"Feature","geometry":{"type":"Point","coordinates":[42.0542116,55.5771995]},"properties":{"name":"пиццерия \"Милано\"","cat":"gastronomic","kind":"Где поесть","website":null}},{"type":"Feature","geometry":{"type":"Point","coordinates":[42.0521605,55.5787412]},"properties":{"name":"Прогирос","cat":"gastronomic","kind":"Где поесть","website":"https://mrgiros.qr-cafe.ru/"}},{"type":"Feature","geometry":{"type":"Point","coordinates":[42.0548691,55.5779284]},"properties":{"name":"Муромская калачная","cat":"gastronomic","kind":"Где поесть","website":"http://муромский-калач.рф"}},{"type":"Feature","geometry":{"type":"Point","coordinates":[42.1036455,56.2389866]},"properties":{"name":"Кристалл","cat":"gastronomic","kind":"Где поесть","website":null}},{"type":"Feature","geometry":{"type":"Point","coordinates":[38.5791221,56.3695121]},"properties":{"name":"Лунный","cat":"gastronomic","kind":"Где поесть","website":null}},{"type":"Feature","geometry":{"type":"Point","coordinates":[38.7085894,56.397368]},"properties":{"name":"Морозко","cat":"gastronomic","kind":"Где поесть","website":null}},{"type":"Feature","geometry":{"type":"Point","coordinates":[38.8885616,56.1101333]},"properties":{"name":"Алькапоне Пицца","cat":"gastronomic","kind":"Где поесть","website":"https://алькапонепицца.рф"}},{"type":"Feature","geometry":{"type":"Point","coordinates":[38.7299637,56.3975027]},"properties":{"name":"The Loft","cat":"gastronomic","kind":"Где поесть","website":null}},{"type":"Feature","geometry":{"type":"Point","coordinates":[40.436837,56.4301109]},"properties":{"name":"Трапезная","cat":"gastronomic","kind":"Где поесть","website":null}},{"type":"Feature","geometry":{"type":"Point","coordinates":[40.4453053,56.4274628]},"properties":{"name":"Империал","cat":"gastronomic","kind":"Где поесть","website":"https://imperial-suzdal.ru/"}},{"type":"Feature","geometry":{"type":"Point","coordinates":[39.1848956,55.918991]},"properties":{"name":"Дружба","cat":"gastronomic","kind":"Где поесть","website":null}},{"type":"Feature","geometry":{"type":"Point","coordinates":[40.4328023,56.4287513]},"properties":{"name":"Лимпомпо","cat":"gastronomic","kind":"Где поесть","website":"http://limpovillage.ru"}},{"type":"Feature","geometry":{"type":"Point","coordinates":[40.3393238,56.1155332]},"properties":{"name":"Вкусно — и точка","cat":"gastronomic","kind":"Где поесть","website":"https://vkusnoitochka.ru"}},{"type":"Feature","geometry":{"type":"Point","coordinates":[42.4433478,56.1690296]},"properties":{"name":"Слобода","cat":"gastronomic","kind":"Где поесть","website":null}},{"type":"Feature","geometry":{"type":"Point","coordinates":[40.0169521,55.9905959]},"properties":{"name":"Лира","cat":"gastronomic","kind":"Где поесть","website":null}},{"type":"Feature","geometry":{"type":"Point","coordinates":[40.0202231,55.9923932]},"properties":{"name":"Водопад","cat":"gastronomic","kind":"Где поесть","website":null}},{"type":"Feature","geometry":{"type":"Point","coordinates":[41.3129326,56.3529146]},"properties":{"name":"Уралочка","cat":"gastronomic","kind":"Где поесть","website":null}},{"type":"Feature","geometry":{"type":"Point","coordinates":[40.4442332,56.4169378]},"properties":{"name":"Буфетъ","cat":"gastronomic","kind":"Где поесть","website":null}},{"type":"Feature","geometry":{"type":"Point","coordinates":[40.4223989,56.4122644]},"properties":{"name":"Ресторан “Княжий двор”","cat":"gastronomic","kind":"Где поесть","website":null}},{"type":"Feature","geometry":{"type":"Point","coordinates":[41.7600762,55.868782]},"properties":{"name":"Столовая №1","cat":"gastronomic","kind":"Где поесть","website":null}},{"type":"Feature","geometry":{"type":"Point","coordinates":[41.7657853,55.8600146]},"properties":{"name":"Летнее кафе","cat":"gastronomic","kind":"Где поесть","website":null}},{"type":"Feature","geometry":{"type":"Point","coordinates":[40.4478115,56.1638784]},"properties":{"name":"Вишневый сад","cat":"gastronomic","kind":"Где поесть","website":null}},{"type":"Feature","geometry":{"type":"Point","coordinates":[40.359566,56.1333149]},"properties":{"name":"Шаурма","cat":"gastronomic","kind":"Где поесть","website":null}},{"type":"Feature","geometry":{"type":"Point","coordinates":[39.5489477,56.6848966]},"properties":{"name":"Раздолье","cat":"gastronomic","kind":"Где поесть","website":null}},{"type":"Feature","geometry":{"type":"Point","coordinates":[41.6315182,55.3364419]},"properties":{"name":"Делюкс","cat":"gastronomic","kind":"Где поесть","website":null}},{"type":"Feature","geometry":{"type":"Point","coordinates":[42.0373024,55.5726158]},"properties":{"name":"Пит стоп","cat":"gastronomic","kind":"Где поесть","website":"http://питстоп33.рф/"}},{"type":"Feature","geometry":{"type":"Point","coordinates":[42.0549947,55.5765904]},"properties":{"name":"КРЦ \"ИМПЕРИЯ\"","cat":"gastronomic","kind":"Где поесть","website":null}},{"type":"Feature","geometry":{"type":"Point","coordinates":[41.1027534,55.5286746]},"properties":{"name":"Столовая","cat":"gastronomic","kind":"Где поесть","website":null}},{"type":"Feature","geometry":{"type":"Point","coordinates":[39.0868763,55.9035255]},"properties":{"name":"Сытый папа","cat":"gastronomic","kind":"Где поесть","website":null}},{"type":"Feature","geometry":{"type":"Point","coordinates":[40.4693303,56.1635313]},"properties":{"name":"Мясо в лаваше","cat":"gastronomic","kind":"Где поесть","website":null}},{"type":"Feature","geometry":{"type":"Point","coordinates":[42.6875373,56.2027483]},"properties":{"name":"Сказка","cat":"gastronomic","kind":"Где поесть","website":null}},{"type":"Feature","geometry":{"type":"Point","coordinates":[41.158744,56.4125353]},"properties":{"name":"Астра","cat":"gastronomic","kind":"Где поесть","website":null}},{"type":"Feature","geometry":{"type":"Point","coordinates":[41.6298153,55.3236577]},"properties":{"name":"Охотник","cat":"gastronomic","kind":"Где поесть","website":null}},{"type":"Feature","geometry":{"type":"Point","coordinates":[41.647887,55.3233862]},"properties":{"name":"Южные Зори","cat":"gastronomic","kind":"Где поесть","website":null}},{"type":"Feature","geometry":{"type":"Point","coordinates":[41.6477474,55.3231085]},"properties":{"name":"Южные зори","cat":"gastronomic","kind":"Где поесть","website":null}},{"type":"Feature","geometry":{"type":"Point","coordinates":[41.6504016,55.3236215]},"properties":{"name":"Кавказская кухня","cat":"gastronomic","kind":"Где поесть","website":null}},{"type":"Feature","geometry":{"type":"Point","coordinates":[41.5978691,55.3349395]},"properties":{"name":"Саквояж","cat":"gastronomic","kind":"Где поесть","website":null}},{"type":"Feature","geometry":{"type":"Point","coordinates":[39.2230889,55.9606253]},"properties":{"name":"БОН Аппетит","cat":"gastronomic","kind":"Где поесть","website":null}},{"type":"Feature","geometry":{"type":"Point","coordinates":[41.605187,55.2156012]},"properties":{"name":"Трио","cat":"gastronomic","kind":"Где поесть","website":null}},{"type":"Feature","geometry":{"type":"Point","coordinates":[40.3874744,56.1601516]},"properties":{"name":"Столовая","cat":"gastronomic","kind":"Где поесть","website":null}},{"type":"Feature","geometry":{"type":"Point","coordinates":[41.3035989,56.3664737]},"properties":{"name":"Highway","cat":"gastronomic","kind":"Где поесть","website":null}},{"type":"Feature","geometry":{"type":"Point","coordinates":[39.6801892,56.502863]},"properties":{"name":"Династия","cat":"gastronomic","kind":"Где поесть","website":"https://www.dinastiya33.com/"}},{"type":"Feature","geometry":{"type":"Point","coordinates":[42.0628093,55.5534273]},"properties":{"name":"Мальта","cat":"gastronomic","kind":"Где поесть","website":null}},{"type":"Feature","geometry":{"type":"Point","coordinates":[42.0554094,55.5519951]},"properties":{"name":"Горячий Пирожок","cat":"gastronomic","kind":"Где поесть","website":null}},{"type":"Feature","geometry":{"type":"Point","coordinates":[42.0703064,55.5725484]},"properties":{"name":"Чайка","cat":"gastronomic","kind":"Где поесть","website":"https://chaika-murom.ru/"}},{"type":"Feature","geometry":{"type":"Point","coordinates":[39.0601889,55.9196123]},"properties":{"name":"Столовая","cat":"gastronomic","kind":"Где поесть","website":null}},{"type":"Feature","geometry":{"type":"Point","coordinates":[40.6433921,55.6169078]},"properties":{"name":"Лакомка","cat":"gastronomic","kind":"Где поесть","website":null}},{"type":"Feature","geometry":{"type":"Point","coordinates":[39.1689857,55.9173272]},"properties":{"name":"Вкусно — и точка","cat":"gastronomic","kind":"Где поесть","website":"https://vkusnoitochka.ru"}},{"type":"Feature","geometry":{"type":"Point","coordinates":[42.0592506,55.5704582]},"properties":{"name":"Застава","cat":"gastronomic","kind":"Где поесть","website":null}},{"type":"Feature","geometry":{"type":"Point","coordinates":[42.0576725,55.5787438]},"properties":{"name":"Эль-и-Стаут","cat":"gastronomic","kind":"Где поесть","website":null}},{"type":"Feature","geometry":{"type":"Point","coordinates":[42.0510431,55.5802088]},"properties":{"name":"Антикафе Тепло","cat":"gastronomic","kind":"Где поесть","website":null}},{"type":"Feature","geometry":{"type":"Point","coordinates":[42.0360214,55.5755828]},"properties":{"name":"Чудо Тандыр","cat":"gastronomic","kind":"Где поесть","website":null}},{"type":"Feature","geometry":{"type":"Point","coordinates":[40.6621984,55.611467]},"properties":{"name":"Старый Баку","cat":"gastronomic","kind":"Где поесть","website":null}},{"type":"Feature","geometry":{"type":"Point","coordinates":[40.3712573,56.1195949]},"properties":{"name":"Ларёк с шаурмой","cat":"gastronomic","kind":"Где поесть","website":null}},{"type":"Feature","geometry":{"type":"Point","coordinates":[41.8767488,55.4369525]},"properties":{"name":"Столовая","cat":"gastronomic","kind":"Где поесть","website":null}},{"type":"Feature","geometry":{"type":"Point","coordinates":[41.2918192,56.3528182]},"properties":{"name":"Летний дворик","cat":"gastronomic","kind":"Где поесть","website":null}},{"type":"Feature","geometry":{"type":"Point","coordinates":[38.8715611,56.1598377]},"properties":{"name":"Caramel","cat":"gastronomic","kind":"Где поесть","website":null}},{"type":"Feature","geometry":{"type":"Point","coordinates":[41.9715617,55.5757009]},"properties":{"name":"Оазис","cat":"gastronomic","kind":"Где поесть","website":null}},{"type":"Feature","geometry":{"type":"Point","coordinates":[42.00475,55.5538071]},"properties":{"name":"Арагви","cat":"gastronomic","kind":"Где поесть","website":null}},{"type":"Feature","geometry":{"type":"Point","coordinates":[42.0604424,55.5685695]},"properties":{"name":"По пивку","cat":"gastronomic","kind":"Где поесть","website":null}},{"type":"Feature","geometry":{"type":"Point","coordinates":[41.2882252,56.2244384]},"properties":{"name":"ДОБРОГРАД","cat":"gastronomic","kind":"Где поесть","website":null}},{"type":"Feature","geometry":{"type":"Point","coordinates":[42.0494116,55.5763821]},"properties":{"name":"Кофейня","cat":"gastronomic","kind":"Где поесть","website":null}},{"type":"Feature","geometry":{"type":"Point","coordinates":[41.7899784,55.2063423]},"properties":{"name":"Столовая СПК","cat":"gastronomic","kind":"Где поесть","website":null}},{"type":"Feature","geometry":{"type":"Point","coordinates":[40.6693499,55.616412]},"properties":{"name":"Ресто-бар Дежавю","cat":"gastronomic","kind":"Где поесть","website":null}},{"type":"Feature","geometry":{"type":"Point","coordinates":[39.6609055,56.4843813]},"properties":{"name":"Шаурма Выпечка","cat":"gastronomic","kind":"Где поесть","website":null}},{"type":"Feature","geometry":{"type":"Point","coordinates":[40.6666363,55.6161572]},"properties":{"name":"Чикен Пицца","cat":"gastronomic","kind":"Где поесть","website":"https://chiken-pizza.ru/"}},{"type":"Feature","geometry":{"type":"Point","coordinates":[40.4446551,56.4180875]},"properties":{"name":"Изба","cat":"gastronomic","kind":"Где поесть","website":null}},{"type":"Feature","geometry":{"type":"Point","coordinates":[41.3100795,56.3499373]},"properties":{"name":"Вкусно — и точка","cat":"gastronomic","kind":"Где поесть","website":null}},{"type":"Feature","geometry":{"type":"Point","coordinates":[38.6936227,56.4030796]},"properties":{"name":"Бургервиль","cat":"gastronomic","kind":"Где поесть","website":null}},{"type":"Feature","geometry":{"type":"Point","coordinates":[39.1656749,55.9163736]},"properties":{"name":"Покровский мельник","cat":"hotel","kind":"Где остановиться","website":null}},{"type":"Feature","geometry":{"type":"Point","coordinates":[42.1094342,56.2356236]},"properties":{"name":"Встреча","cat":"hotel","kind":"Где остановиться","website":null}},{"type":"Feature","geometry":{"type":"Point","coordinates":[42.7025923,56.1975324]},"properties":{"name":"M7","cat":"hotel","kind":"Где остановиться","website":"http://www.motel-m7.ru/"}},{"type":"Feature","geometry":{"type":"Point","coordinates":[40.4499285,56.418744]},"properties":{"name":"Сокол","cat":"hotel","kind":"Где остановиться","website":null}},{"type":"Feature","geometry":{"type":"Point","coordinates":[40.4524574,56.4285049]},"properties":{"name":"Гостевой дом Любимцевой","cat":"hotel","kind":"Где остановиться","website":null}},{"type":"Feature","geometry":{"type":"Point","coordinates":[40.8836201,56.1327927]},"properties":{"name":"Синеборье","cat":"hotel","kind":"Где остановиться","website":null}},{"type":"Feature","geometry":{"type":"Point","coordinates":[40.3990454,56.129201]},"properties":{"name":"Орион","cat":"hotel","kind":"Где остановиться","website":"https://orionhotel.ru/"}},{"type":"Feature","geometry":{"type":"Point","coordinates":[40.4322364,56.4296557]},"properties":{"name":"У Каменки","cat":"hotel","kind":"Где остановиться","website":null}},{"type":"Feature","geometry":{"type":"Point","coordinates":[39.1819372,55.9186236]},"properties":{"name":"Корниловъ","cat":"hotel","kind":"Где остановиться","website":null}},{"type":"Feature","geometry":{"type":"Point","coordinates":[40.4305639,56.4141319]},"properties":{"name":"Гостевой дом Анастасии","cat":"hotel","kind":"Где остановиться","website":"http://pavlovdvor.ru/"}},{"type":"Feature","geometry":{"type":"Point","coordinates":[40.3967741,56.1208869]},"properties":{"name":"Вознесенская Слобода","cat":"hotel","kind":"Где остановиться","website":"https://vsloboda.ru/"}},{"type":"Feature","geometry":{"type":"Point","coordinates":[40.0223402,56.1376428]},"properties":{"name":"Дом охотника и рыбака","cat":"hotel","kind":"Где остановиться","website":null}},{"type":"Feature","geometry":{"type":"Point","coordinates":[40.4478831,56.4238096]},"properties":{"name":"Молодежная","cat":"hotel","kind":"Где остановиться","website":null}},{"type":"Feature","geometry":{"type":"Point","coordinates":[40.4363974,56.4319555]},"properties":{"name":"Гостевой дом на Покровке","cat":"hotel","kind":"Где остановиться","website":null}},{"type":"Feature","geometry":{"type":"Point","coordinates":[40.4309976,56.4276037]},"properties":{"name":"Гостевой дом №3 \"Лимпомпо\"","cat":"hotel","kind":"Где остановиться","website":null}},{"type":"Feature","geometry":{"type":"Point","coordinates":[40.3686049,56.1308361]},"properties":{"name":"Гостиница Министерства Обороны РФ, Славянка","cat":"hotel","kind":"Где остановиться","website":null}},{"type":"Feature","geometry":{"type":"Point","coordinates":[39.4467023,55.9360795]},"properties":{"name":"Добрыня","cat":"hotel","kind":"Где остановиться","website":null}},{"type":"Feature","geometry":{"type":"Point","coordinates":[40.4492497,56.4179681]},"properties":{"name":"Золотой ручей","cat":"hotel","kind":"Где остановиться","website":null}},{"type":"Feature","geometry":{"type":"Point","coordinates":[39.9736341,56.0196512]},"properties":{"name":"Подушка","cat":"hotel","kind":"Где остановиться","website":null}},{"type":"Feature","geometry":{"type":"Point","coordinates":[40.4008552,56.1277643]},"properties":{"name":"У Золотых Ворот","cat":"hotel","kind":"Где остановиться","website":null}},{"type":"Feature","geometry":{"type":"Point","coordinates":[40.4367655,56.1058701]},"properties":{"name":"Клязьма","cat":"hotel","kind":"Где остановиться","website":"https://www.klyazma-hotel.ru/"}},{"type":"Feature","geometry":{"type":"Point","coordinates":[40.4454053,56.4239869]},"properties":{"name":"Ризоположенская гостиница","cat":"hotel","kind":"Где остановиться","website":null}},{"type":"Feature","geometry":{"type":"Point","coordinates":[42.0627068,55.5778332]},"properties":{"name":"\"Волна\"","cat":"hotel","kind":"Где остановиться","website":null}},{"type":"Feature","geometry":{"type":"Point","coordinates":[41.3061543,56.3762701]},"properties":{"name":"Ковров","cat":"hotel","kind":"Где остановиться","website":null}},{"type":"Feature","geometry":{"type":"Point","coordinates":[41.3243939,56.3816418]},"properties":{"name":"Эльотель","cat":"hotel","kind":"Где остановиться","website":"http://www.elotel.ru/"}},{"type":"Feature","geometry":{"type":"Point","coordinates":[40.397626,56.1277842]},"properties":{"name":"Застава","cat":"hotel","kind":"Где остановиться","website":null}},{"type":"Feature","geometry":{"type":"Point","coordinates":[40.3968388,56.1243267]},"properties":{"name":"Мономах","cat":"hotel","kind":"Где остановиться","website":"https://www.monomahhotel.ru/"}},{"type":"Feature","geometry":{"type":"Point","coordinates":[40.4370765,56.4136119]},"properties":{"name":"Кремлевский","cat":"hotel","kind":"Где остановиться","website":null}},{"type":"Feature","geometry":{"type":"Point","coordinates":[40.4328504,56.4120467]},"properties":{"name":"Светлый терем","cat":"hotel","kind":"Где остановиться","website":null}},{"type":"Feature","geometry":{"type":"Point","coordinates":[40.383417,56.1228108]},"properties":{"name":"Заря","cat":"hotel","kind":"Где остановиться","website":"https://zarya-hotel.ru/"}},{"type":"Feature","geometry":{"type":"Point","coordinates":[39.6787834,56.4994698]},"properties":{"name":"Покровская","cat":"hotel","kind":"Где остановиться","website":null}},{"type":"Feature","geometry":{"type":"Point","coordinates":[40.0314736,55.9895567]},"properties":{"name":"Клязьма","cat":"hotel","kind":"Где остановиться","website":null}},{"type":"Feature","geometry":{"type":"Point","coordinates":[40.4159499,56.1321292]},"properties":{"name":"Владимир","cat":"hotel","kind":"Где остановиться","website":"https://vladimir-hotel.ru/"}},{"type":"Feature","geometry":{"type":"Point","coordinates":[38.7027965,56.3965119]},"properties":{"name":"Вита","cat":"hotel","kind":"Где остановиться","website":null}},{"type":"Feature","geometry":{"type":"Point","coordinates":[40.4110331,56.1323164]},"properties":{"name":"Владимирский дворик","cat":"hotel","kind":"Где остановиться","website":"www.vldvorik.ru"}},{"type":"Feature","geometry":{"type":"Point","coordinates":[40.4395049,56.4244866]},"properties":{"name":"Дом купца Лихонина","cat":"hotel","kind":"Где остановиться","website":null}},{"type":"Feature","geometry":{"type":"Point","coordinates":[40.4333388,56.1504873]},"properties":{"name":"Почайка","cat":"hotel","kind":"Где остановиться","website":null}},{"type":"Feature","geometry":{"type":"Point","coordinates":[40.3906755,56.1426368]},"properties":{"name":"Уют","cat":"hotel","kind":"Где остановиться","website":null}},{"type":"Feature","geometry":{"type":"Point","coordinates":[40.4258481,56.1357727]},"properties":{"name":"Эрланген","cat":"hotel","kind":"Где остановиться","website":"https://erlangen.ru/"}},{"type":"Feature","geometry":{"type":"Point","coordinates":[40.3670652,56.1183702]},"properties":{"name":"Mon Plaisir","cat":"hotel","kind":"Где остановиться","website":"https://www.vladimir-monplaisir.ru/"}},{"type":"Feature","geometry":{"type":"Point","coordinates":[38.5858834,56.3738597]},"properties":{"name":"Гостинично-развлекательный комплекс Алмаз","cat":"hotel","kind":"Где остановиться","website":null}},{"type":"Feature","geometry":{"type":"Point","coordinates":[40.4320566,56.4228876]},"properties":{"name":"Алексеевская усадьба","cat":"hotel","kind":"Где остановиться","website":"https://alexeevskaya.ru/"}},{"type":"Feature","geometry":{"type":"Point","coordinates":[40.4320459,56.4349725]},"properties":{"name":"Гостевой дом Попова","cat":"hotel","kind":"Где остановиться","website":null}},{"type":"Feature","geometry":{"type":"Point","coordinates":[40.4304902,56.4375587]},"properties":{"name":"Усадьба","cat":"hotel","kind":"Где остановиться","website":null}},{"type":"Feature","geometry":{"type":"Point","coordinates":[40.4291598,56.4369774]},"properties":{"name":"Башенки","cat":"hotel","kind":"Где остановиться","website":null}},{"type":"Feature","geometry":{"type":"Point","coordinates":[40.4386227,56.4367402]},"properties":{"name":"Гостевой дом Подворье","cat":"hotel","kind":"Где остановиться","website":null}},{"type":"Feature","geometry":{"type":"Point","coordinates":[40.4473365,56.423464]},"properties":{"name":"Гостевой дом Соловьёвых","cat":"hotel","kind":"Где остановиться","website":null}},{"type":"Feature","geometry":{"type":"Point","coordinates":[40.4588752,56.0638066]},"properties":{"name":"Очаг","cat":"hotel","kind":"Где остановиться","website":"http://www.motel-ochag.ru"}},{"type":"Feature","geometry":{"type":"Point","coordinates":[40.3864707,56.1409898]},"properties":{"name":"Пилигрим","cat":"hotel","kind":"Где остановиться","website":"http://www.piligrimhostel.ru"}},{"type":"Feature","geometry":{"type":"Point","coordinates":[39.0730322,55.8981958]},"properties":{"name":"Терем","cat":"hotel","kind":"Где остановиться","website":null}},{"type":"Feature","geometry":{"type":"Point","coordinates":[39.0725387,55.8984845]},"properties":{"name":"Теремок","cat":"hotel","kind":"Где остановиться","website":null}},{"type":"Feature","geometry":{"type":"Point","coordinates":[39.1541529,55.9134475]},"properties":{"name":"Покров","cat":"hotel","kind":"Где остановиться","website":"https://motelpokrov.ru/"}},{"type":"Feature","geometry":{"type":"Point","coordinates":[39.1992462,55.920488]},"properties":{"name":"Глобус","cat":"hotel","kind":"Где остановиться","website":null}},{"type":"Feature","geometry":{"type":"Point","coordinates":[40.4730223,56.3172279]},"properties":{"name":"Старый Двор","cat":"hotel","kind":"Где остановиться","website":null}},{"type":"Feature","geometry":{"type":"Point","coordinates":[40.4914555,56.1732994]},"properties":{"name":"Доброе","cat":"hotel","kind":"Где остановиться","website":"http://www.profcentr.virtvladimir.ru"}},{"type":"Feature","geometry":{"type":"Point","coordinates":[40.4097285,56.1309538]},"properties":{"name":"Учебно-методический центр по образованию в сфере культуры","cat":"hotel","kind":"Где остановиться","website":null}},{"type":"Feature","geometry":{"type":"Point","coordinates":[40.488986,56.1743955]},"properties":{"name":"Князь Владимир","cat":"hotel","kind":"Где остановиться","website":"https://princevladimir.net/"}},{"type":"Feature","geometry":{"type":"Point","coordinates":[40.5381079,56.1979537]},"properties":{"name":"Мархал","cat":"hotel","kind":"Где остановиться","website":null}},{"type":"Feature","geometry":{"type":"Point","coordinates":[40.4396027,56.1072293]},"properties":{"name":"Отель для двоих","cat":"hotel","kind":"Где остановиться","website":"https://sutki-vladimir.ru/"}},{"type":"Feature","geometry":{"type":"Point","coordinates":[40.3275442,56.1108246]},"properties":{"name":"Русская деревня","cat":"hotel","kind":"Где остановиться","website":"https://www.rusderevnya.ru/"}},{"type":"Feature","geometry":{"type":"Point","coordinates":[40.6937931,55.6330276]},"properties":{"name":"Мещерская Усадьба","cat":"hotel","kind":"Где остановиться","website":null}},{"type":"Feature","geometry":{"type":"Point","coordinates":[40.4292739,56.433576]},"properties":{"name":"Мини-отель \"Спасская горка\"","cat":"hotel","kind":"Где остановиться","website":null}},{"type":"Feature","geometry":{"type":"Point","coordinates":[41.7342825,56.22997]},"properties":{"name":"Мокрово","cat":"hotel","kind":"Где остановиться","website":null}},{"type":"Feature","geometry":{"type":"Point","coordinates":[40.4543525,56.062545]},"properties":{"name":"Уют","cat":"hotel","kind":"Где остановиться","website":null}},{"type":"Feature","geometry":{"type":"Point","coordinates":[40.4362672,56.4253158]},"properties":{"name":"Стромынка","cat":"hotel","kind":"Где остановиться","website":null}},{"type":"Feature","geometry":{"type":"Point","coordinates":[40.4630741,56.2576243]},"properties":{"name":"Печки лавочки","cat":"hotel","kind":"Где остановиться","website":null}},{"type":"Feature","geometry":{"type":"Point","coordinates":[40.1138074,56.0574382]},"properties":{"name":"Лотос","cat":"hotel","kind":"Где остановиться","website":null}},{"type":"Feature","geometry":{"type":"Point","coordinates":[38.667308,56.0981557]},"properties":{"name":"Мотель","cat":"hotel","kind":"Где остановиться","website":null}},{"type":"Feature","geometry":{"type":"Point","coordinates":[40.2771705,56.0505757]},"properties":{"name":"Жемчужина Золотого кольца","cat":"hotel","kind":"Где остановиться","website":null}},{"type":"Feature","geometry":{"type":"Point","coordinates":[41.6052516,55.2155286]},"properties":{"name":"Трио","cat":"hotel","kind":"Где остановиться","website":null}},{"type":"Feature","geometry":{"type":"Point","coordinates":[41.6050875,55.215647]},"properties":{"name":"Трио","cat":"hotel","kind":"Где остановиться","website":null}},{"type":"Feature","geometry":{"type":"Point","coordinates":[39.3087922,56.3581258]},"properties":{"name":"Горшиха","cat":"hotel","kind":"Где остановиться","website":"gorshiha33.ru"}},{"type":"Feature","geometry":{"type":"Point","coordinates":[40.4410188,56.4282984]},"properties":{"name":"Русская изба","cat":"hotel","kind":"Где остановиться","website":"https://suzdalizba.ru/"}},{"type":"Feature","geometry":{"type":"Point","coordinates":[42.0254605,55.5701573]},"properties":{"name":"Кремлёвская","cat":"hotel","kind":"Где остановиться","website":"http://kreml.izmuroma.ru"}},{"type":"Feature","geometry":{"type":"Point","coordinates":[40.4441772,56.4130189]},"properties":{"name":"Панорама Кремля","cat":"hotel","kind":"Где остановиться","website":null}},{"type":"Feature","geometry":{"type":"Point","coordinates":[40.4345795,56.4151193]},"properties":{"name":"В гостях у Юли","cat":"hotel","kind":"Где остановиться","website":null}},{"type":"Feature","geometry":{"type":"Point","coordinates":[40.4365544,56.4158468]},"properties":{"name":"Река времени","cat":"hotel","kind":"Где остановиться","website":null}},{"type":"Feature","geometry":{"type":"Point","coordinates":[40.4027085,56.1233673]},"properties":{"name":"Самовар","cat":"hotel","kind":"Где остановиться","website":null}},{"type":"Feature","geometry":{"type":"Point","coordinates":[40.6903788,55.6334296]},"properties":{"name":"Турбаза \"Хрустальная\"","cat":"hotel","kind":"Где остановиться","website":null}},{"type":"Feature","geometry":{"type":"Point","coordinates":[39.4564724,55.9304637]},"properties":{"name":"Визит","cat":"hotel","kind":"Где остановиться","website":null}},{"type":"Feature","geometry":{"type":"Point","coordinates":[39.4506454,55.9363327]},"properties":{"name":"Мон отель","cat":"hotel","kind":"Где остановиться","website":"https://mon-otel.ru/"}},{"type":"Feature","geometry":{"type":"Point","coordinates":[40.593669,56.1545842]},"properties":{"name":"Владимирский хуторок","cat":"hotel","kind":"Где остановиться","website":null}},{"type":"Feature","geometry":{"type":"Point","coordinates":[40.4485691,56.4222532]},"properties":{"name":"Золотой век","cat":"hotel","kind":"Где остановиться","website":null}},{"type":"Feature","geometry":{"type":"Point","coordinates":[40.4029977,56.1316098]},"properties":{"name":"Русь-Отель","cat":"hotel","kind":"Где остановиться","website":"http://rushotel33.ru/"}},{"type":"Feature","geometry":{"type":"Point","coordinates":[42.134512,56.2213806]},"properties":{"name":"Мотель","cat":"hotel","kind":"Где остановиться","website":null}},{"type":"Feature","geometry":{"type":"Point","coordinates":[41.2325427,56.2072022]},"properties":{"name":"Пестово","cat":"hotel","kind":"Где остановиться","website":null}},{"type":"Feature","geometry":{"type":"Point","coordinates":[40.4183816,56.1330129]},"properties":{"name":"Хостел Эверест","cat":"hotel","kind":"Где остановиться","website":"https://www.vladimirhostel.com/"}},{"type":"Feature","geometry":{"type":"Point","coordinates":[40.4004431,56.1291091]},"properties":{"name":"Vozduh","cat":"hotel","kind":"Где остановиться","website":null}},{"type":"Feature","geometry":{"type":"Point","coordinates":[38.6003568,55.997871]},"properties":{"name":"Гостиница при музее","cat":"hotel","kind":"Где остановиться","website":null}},{"type":"Feature","geometry":{"type":"Point","coordinates":[42.0255258,55.5734982]},"properties":{"name":"Амосов","cat":"hotel","kind":"Где остановиться","website":null}},{"type":"Feature","geometry":{"type":"Point","coordinates":[40.4422526,56.4079735]},"properties":{"name":"Пинаиха","cat":"hotel","kind":"Где остановиться","website":"https://pinaiha.ru/"}},{"type":"Feature","geometry":{"type":"Point","coordinates":[39.2933898,55.9268944]},"properties":{"name":"Аврора","cat":"hotel","kind":"Где остановиться","website":null}},{"type":"Feature","geometry":{"type":"Point","coordinates":[40.357997,56.1310603]},"properties":{"name":"Золотое кольцо","cat":"hotel","kind":"Где остановиться","website":"https://vladimir.amaks-hotels.ru"}},{"type":"Feature","geometry":{"type":"Point","coordinates":[40.3805699,56.1196394]},"properties":{"name":"Мини-отель","cat":"hotel","kind":"Где остановиться","website":null}},{"type":"Feature","geometry":{"type":"Point","coordinates":[38.5517623,56.1647616]},"properties":{"name":"Гнёздышко","cat":"hotel","kind":"Где остановиться","website":null}},{"type":"Feature","geometry":{"type":"Point","coordinates":[41.9669526,55.6015501]},"properties":{"name":"Риони","cat":"hotel","kind":"Где остановиться","website":"http://rionimurom.ru/hotel/"}},{"type":"Feature","geometry":{"type":"Point","coordinates":[39.6801033,56.4994303]},"properties":{"name":"Юрьевская","cat":"hotel","kind":"Где остановиться","website":null}},{"type":"Feature","geometry":{"type":"Point","coordinates":[40.4291821,56.4260503]},"properties":{"name":"На Суздальской","cat":"hotel","kind":"Где остановиться","website":null}},{"type":"Feature","geometry":{"type":"Point","coordinates":[42.6925828,56.2050603]},"properties":{"name":"Общежитие Гороховецкого колледжа","cat":"hotel","kind":"Где остановиться","website":null}},{"type":"Feature","geometry":{"type":"Point","coordinates":[42.6588096,56.1923639]},"properties":{"name":"Лабиринт","cat":"hotel","kind":"Где остановиться","website":null}},{"type":"Feature","geometry":{"type":"Point","coordinates":[40.697459,55.6343476]},"properties":{"name":"Баринова роща","cat":"hotel","kind":"Где остановиться","website":null}},{"type":"Feature","geometry":{"type":"Point","coordinates":[42.5295342,56.1576398]},"properties":{"name":"21 век","cat":"hotel","kind":"Где остановиться","website":null}},{"type":"Feature","geometry":{"type":"Point","coordinates":[42.658633,56.1775884]},"properties":{"name":"Очаг","cat":"hotel","kind":"Где остановиться","website":null}},{"type":"Feature","geometry":{"type":"Point","coordinates":[42.0885801,56.2405912]},"properties":{"name":"Сытый гость","cat":"hotel","kind":"Где остановиться","website":null}},{"type":"Feature","geometry":{"type":"Point","coordinates":[41.3243412,56.2118987]},"properties":{"name":"245й км","cat":"hotel","kind":"Где остановиться","website":null}},{"type":"Feature","geometry":{"type":"Point","coordinates":[40.6731236,55.6158541]},"properties":{"name":"Мещера","cat":"hotel","kind":"Где остановиться","website":"http://www.guscrystal-hotel.ru/"}},{"type":"Feature","geometry":{"type":"Point","coordinates":[39.9734287,56.0202806]},"properties":{"name":"Абажур","cat":"hotel","kind":"Где остановиться","website":null}},{"type":"Feature","geometry":{"type":"Point","coordinates":[40.4448628,56.4361228]},"properties":{"name":"Patchwork","cat":"hotel","kind":"Где остановиться","website":null}},{"type":"Feature","geometry":{"type":"Point","coordinates":[42.0542099,55.5835063]},"properties":{"name":"Отель Есенин","cat":"hotel","kind":"Где остановиться","website":"https://hotel-esenin.ru/"}},{"type":"Feature","geometry":{"type":"Point","coordinates":[40.4343812,56.4355202]},"properties":{"name":"Усадьба Добролюбово","cat":"hotel","kind":"Где остановиться","website":null}},{"type":"Feature","geometry":{"type":"Point","coordinates":[40.441854,56.4353907]},"properties":{"name":"Гостевой дом литейщика Никуличева","cat":"hotel","kind":"Где остановиться","website":null}},{"type":"Feature","geometry":{"type":"Point","coordinates":[38.7400272,56.3960831]},"properties":{"name":"Слобода","cat":"hotel","kind":"Где остановиться","website":"http://хостел-слобода.рф"}},{"type":"Feature","geometry":{"type":"Point","coordinates":[40.4582021,56.4203624]},"properties":{"name":"Суздаль Inn","cat":"hotel","kind":"Где остановиться","website":null}},{"type":"Feature","geometry":{"type":"Point","coordinates":[40.4393005,56.4254656]},"properties":{"name":"Медный двор","cat":"hotel","kind":"Где остановиться","website":"https://hotel-md.ru/"}},{"type":"Feature","geometry":{"type":"Point","coordinates":[40.4335365,56.4303513]},"properties":{"name":"12 месяцев","cat":"hotel","kind":"Где остановиться","website":null}},{"type":"Feature","geometry":{"type":"Point","coordinates":[40.4666671,56.419072]},"properties":{"name":"Суздаль терем","cat":"hotel","kind":"Где остановиться","website":null}},{"type":"Feature","geometry":{"type":"Point","coordinates":[41.7995027,56.2326229]},"properties":{"name":"Постоялый двор","cat":"hotel","kind":"Где остановиться","website":null}},{"type":"Feature","geometry":{"type":"Point","coordinates":[42.0861554,55.5497487]},"properties":{"name":"Муромская усадьба","cat":"hotel","kind":"Где остановиться","website":null}},{"type":"Feature","geometry":{"type":"Point","coordinates":[42.0498354,55.5788844]},"properties":{"name":"Бильярдный клуб \"Пирамида\" с теннисом и Мини Гостиницей","cat":"hotel","kind":"Где остановиться","website":"https://vk.com/piramida_9"}},{"type":"Feature","geometry":{"type":"Point","coordinates":[42.0452142,55.5560048]},"properties":{"name":"Южный дворик","cat":"hotel","kind":"Где остановиться","website":"https://muromdvorik.com/"}},{"type":"Feature","geometry":{"type":"Point","coordinates":[39.1507266,55.9147219]},"properties":{"name":"Подворье","cat":"hotel","kind":"Где остановиться","website":null}},{"type":"Feature","geometry":{"type":"Point","coordinates":[38.8853413,56.1475815]},"properties":{"name":"Доминикано","cat":"hotel","kind":"Где остановиться","website":null}},{"type":"Feature","geometry":{"type":"Point","coordinates":[38.6632718,56.2721677]},"properties":{"name":"Агротуристический комплекс «Горыныч»","cat":"hotel","kind":"Где остановиться","website":null}},{"type":"Feature","geometry":{"type":"Point","coordinates":[42.026141,55.5739399]},"properties":{"name":"Апартаменты на Московской 98","cat":"hotel","kind":"Где остановиться","website":null}},{"type":"Feature","geometry":{"type":"Point","coordinates":[40.5683552,56.4099846]},"properties":{"name":"Долгорукий","cat":"hotel","kind":"Где остановиться","website":"https://www.dolgorukii.com/"}},{"type":"Feature","geometry":{"type":"Point","coordinates":[40.4220543,56.2216377]},"properties":{"name":"Три Бани","cat":"hotel","kind":"Где остановиться","website":"https://33bani.ru/"}},{"type":"Feature","geometry":{"type":"Point","coordinates":[38.7522015,56.2043602]},"properties":{"name":"Гостевой двор","cat":"hotel","kind":"Где остановиться","website":null}},{"type":"Feature","geometry":{"type":"Point","coordinates":[42.0437797,55.5781414]},"properties":{"name":"Три Богатыря","cat":"hotel","kind":"Где остановиться","website":null}},{"type":"Feature","geometry":{"type":"Point","coordinates":[42.046233,55.5775609]},"properties":{"name":"Гостевой дом На Московской","cat":"hotel","kind":"Где остановиться","website":null}},{"type":"Feature","geometry":{"type":"Point","coordinates":[42.0521691,55.5784296]},"properties":{"name":"Купеческий ДворЪ","cat":"hotel","kind":"Где остановиться","website":"https://www.купеческийдвор33.рф/"}},{"type":"Feature","geometry":{"type":"Point","coordinates":[42.0523649,55.5778845]},"properties":{"name":"Светлые Окна","cat":"hotel","kind":"Где остановиться","website":"https://www.booking.com/hotel/ru/apartamenty-svetlye-okna-v-istoricheskom-tsentre.ru.html"}},{"type":"Feature","geometry":{"type":"Point","coordinates":[38.8746343,56.3005184]},"properties":{"name":"Petra eco village","cat":"hotel","kind":"Где остановиться","website":"https://www.petraecovillage.com/"}},{"type":"Feature","geometry":{"type":"Point","coordinates":[39.4393221,55.9001438]},"properties":{"name":"Богдарня","cat":"hotel","kind":"Где остановиться","website":"https://bogdarnya.ru/"}},{"type":"Feature","geometry":{"type":"Point","coordinates":[40.4161493,56.1339921]},"properties":{"name":"Ильинка","cat":"hotel","kind":"Где остановиться","website":null}},{"type":"Feature","geometry":{"type":"Point","coordinates":[40.4247882,56.1354474]},"properties":{"name":"Белый тополь","cat":"hotel","kind":"Где остановиться","website":null}},{"type":"Feature","geometry":{"type":"Point","coordinates":[40.4055208,56.1277163]},"properties":{"name":"Левитанъ","cat":"hotel","kind":"Где остановиться","website":null}},{"type":"Feature","geometry":{"type":"Point","coordinates":[40.4432497,56.4222321]},"properties":{"name":"Зарядье","cat":"hotel","kind":"Где остановиться","website":"https://gdzaryadye.ru/"}},{"type":"Feature","geometry":{"type":"Point","coordinates":[40.4442975,56.4212145]},"properties":{"name":"Белый берег","cat":"hotel","kind":"Где остановиться","website":null}},{"type":"Feature","geometry":{"type":"Point","coordinates":[40.3996897,56.1237169]},"properties":{"name":"Самовар","cat":"hotel","kind":"Где остановиться","website":null}},{"type":"Feature","geometry":{"type":"Point","coordinates":[40.3981586,56.1290698]},"properties":{"name":"Sokroma Замок на Никольской","cat":"hotel","kind":"Где остановиться","website":"https://sokroma.ru"}},{"type":"Feature","geometry":{"type":"Point","coordinates":[40.3826095,56.1205673]},"properties":{"name":"Sokroma Византия","cat":"hotel","kind":"Где остановиться","website":"https://sokroma.ru/"}},{"type":"Feature","geometry":{"type":"Point","coordinates":[40.3951659,56.1297538]},"properties":{"name":"Sokroma Исторический Владимир","cat":"hotel","kind":"Где остановиться","website":"https://sokroma.ru/"}},{"type":"Feature","geometry":{"type":"Point","coordinates":[40.4044238,56.1303606]},"properties":{"name":"Sokroma Владимирская Русь","cat":"hotel","kind":"Где остановиться","website":"https://sokroma.ru/"}},{"type":"Feature","geometry":{"type":"Point","coordinates":[39.9750051,56.0207577]},"properties":{"name":"Граф Суворов","cat":"hotel","kind":"Где остановиться","website":null}},{"type":"Feature","geometry":{"type":"Point","coordinates":[39.3919444,55.9333065]},"properties":{"name":"Рай в Аннино","cat":"hotel","kind":"Где остановиться","website":null}},{"type":"Feature","geometry":{"type":"Point","coordinates":[40.6547933,56.3884727]},"properties":{"name":"Усадьба Галат","cat":"hotel","kind":"Где остановиться","website":null}},{"type":"Feature","geometry":{"type":"Point","coordinates":[40.4036499,56.13061]},"properties":{"name":"Sokroma Бриз","cat":"hotel","kind":"Где остановиться","website":"https://sokroma.ru/"}},{"type":"Feature","geometry":{"type":"Point","coordinates":[40.4121859,56.1331869]},"properties":{"name":"Троицкий","cat":"hotel","kind":"Где остановиться","website":null}},{"type":"Feature","geometry":{"type":"Point","coordinates":[40.3967906,56.4820343]},"properties":{"name":"Имение Романовское","cat":"hotel","kind":"Где остановиться","website":null}},{"type":"Feature","geometry":{"type":"Point","coordinates":[40.4101885,56.4321497]},"properties":{"name":"Дубль Дача","cat":"hotel","kind":"Где остановиться","website":null}},{"type":"Feature","geometry":{"type":"Point","coordinates":[40.4672034,56.2798095]},"properties":{"name":"Станция 33","cat":"hotel","kind":"Где остановиться","website":"https://www.tripadvisor.ru/Hotel_Review-g12564815-d15009629-Reviews-Loft_Hotel_Stantsiya_33-Borisovskoye_Vladimir_Oblast_Central_Russia.html"}},{"type":"Feature","geometry":{"type":"Point","coordinates":[40.4451788,56.4127802]},"properties":{"name":"Пушкарская слобода","cat":"hotel","kind":"Где остановиться","website":"http://www.pushkarka.ru/"}},{"type":"Feature","geometry":{"type":"Point","coordinates":[40.4487609,56.4161827]},"properties":{"name":"Пестово Подворье","cat":"hotel","kind":"Где остановиться","website":"https://pestovohotel.ru/"}},{"type":"Feature","geometry":{"type":"Point","coordinates":[40.4539159,56.4284751]},"properties":{"name":"Царедворье","cat":"hotel","kind":"Где остановиться","website":"https://tsaredvorye.ru/"}},{"type":"Feature","geometry":{"type":"Point","coordinates":[40.4484844,56.4226247]},"properties":{"name":"Антиквар-отель мещанина Охлонина","cat":"hotel","kind":"Где остановиться","website":"https://ohlonin.ru/"}},{"type":"Feature","geometry":{"type":"Point","coordinates":[40.4367607,56.1057419]},"properties":{"name":"Vania Rooms","cat":"hotel","kind":"Где остановиться","website":"https://vaniahotel.ru/"}},{"type":"Feature","geometry":{"type":"Point","coordinates":[42.6782217,56.2069942]},"properties":{"name":"Дом Ершова","cat":"hotel","kind":"Где остановиться","website":"https://www.domeshova.ru"}},{"type":"Feature","geometry":{"type":"Point","coordinates":[38.8687209,56.1598234]},"properties":{"name":"Дом Шиголевых","cat":"hotel","kind":"Где остановиться","website":"https://domshigolevyh.ru/"}},{"type":"Feature","geometry":{"type":"Point","coordinates":[41.3057241,56.3704551]},"properties":{"name":"Старый Город","cat":"hotel","kind":"Где остановиться","website":null}},{"type":"Feature","geometry":{"type":"Point","coordinates":[42.133529,56.2468015]},"properties":{"name":"Вязники","cat":"hotel","kind":"Где остановиться","website":null}},{"type":"Feature","geometry":{"type":"Point","coordinates":[42.0846506,56.2389269]},"properties":{"name":"Витязь","cat":"hotel","kind":"Где остановиться","website":null}},{"type":"Feature","geometry":{"type":"Point","coordinates":[38.7144726,56.393343]},"properties":{"name":"Ведруссия","cat":"hotel","kind":"Где остановиться","website":null}},{"type":"Feature","geometry":{"type":"Point","coordinates":[41.3376069,56.3605478]},"properties":{"name":"Визит","cat":"hotel","kind":"Где остановиться","website":"https://vizit-kovrov.ru/"}},{"type":"Feature","geometry":{"type":"Point","coordinates":[38.8658834,56.1568645]},"properties":{"name":"Спутник","cat":"hotel","kind":"Где остановиться","website":"http://gk-sputnik.ru/"}},{"type":"Feature","geometry":{"type":"Point","coordinates":[40.4233554,56.1331279]},"properties":{"name":"Хостел Достоевский","cat":"hotel","kind":"Где остановиться","website":null}},{"type":"Feature","geometry":{"type":"Point","coordinates":[42.0290491,55.5753496]},"properties":{"name":"Х.Room","cat":"hotel","kind":"Где остановиться","website":"https://xroomhotel.ru/"}},{"type":"Feature","geometry":{"type":"Point","coordinates":[40.4331799,56.4284782]},"properties":{"name":"Гостевой дом №1 \"Лимпомпо\"","cat":"hotel","kind":"Где остановиться","website":null}},{"type":"Feature","geometry":{"type":"Point","coordinates":[40.4337666,56.4282757]},"properties":{"name":"Гостевой дом №2 \"Лимпомпо\"","cat":"hotel","kind":"Где остановиться","website":null}},{"type":"Feature","geometry":{"type":"Point","coordinates":[40.4468549,56.4080369]},"properties":{"name":"Вишнёвый Сад","cat":"hotel","kind":"Где остановиться","website":"http://www.cherrygarden.ru/"}},{"type":"Feature","geometry":{"type":"Point","coordinates":[38.8685682,56.1606594]},"properties":{"name":"Шерна","cat":"hotel","kind":"Где остановиться","website":"http://hotel-sherna33.ru"}},{"type":"Feature","geometry":{"type":"Point","coordinates":[38.8748305,56.1611669]},"properties":{"name":"Гостевой дом Красовских","cat":"hotel","kind":"Где остановиться","website":"https://domkrasovskih.ru"}},{"type":"Feature","geometry":{"type":"Point","coordinates":[40.4491194,56.4217437]},"properties":{"name":"Ажур","cat":"hotel","kind":"Где остановиться","website":"https://veliy-hotels.com/ru/suzdal/about/"}},{"type":"Feature","geometry":{"type":"Point","coordinates":[40.446096,56.4309511]},"properties":{"name":"Николаевский посад","cat":"hotel","kind":"Где остановиться","website":"https://nposad.ru/"}},{"type":"Feature","geometry":{"type":"Point","coordinates":[38.7269163,56.4010923]},"properties":{"name":"Гостиница \"Александров\"","cat":"hotel","kind":"Где остановиться","website":null}},{"type":"Feature","geometry":{"type":"Point","coordinates":[38.7177092,56.3872674]},"properties":{"name":"Бутик-отель «Ирис»","cat":"hotel","kind":"Где остановиться","website":null}},{"type":"Feature","geometry":{"type":"Point","coordinates":[39.6741215,56.4922522]},"properties":{"name":"Промсвязь","cat":"hotel","kind":"Где остановиться","website":null}},{"type":"Feature","geometry":{"type":"Point","coordinates":[39.3743004,56.295476]},"properties":{"name":"Дружба","cat":"hotel","kind":"Где остановиться","website":null}},{"type":"Feature","geometry":{"type":"Point","coordinates":[40.4399998,56.4221364]},"properties":{"name":"Godzillas Hostel","cat":"hotel","kind":"Где остановиться","website":"http://godzillashostel.com/suzdal/"}},{"type":"Feature","geometry":{"type":"Point","coordinates":[39.1281553,55.9239494]},"properties":{"name":"Затерянный мир","cat":"hotel","kind":"Где остановиться","website":null}},{"type":"Feature","geometry":{"type":"Point","coordinates":[40.4446939,56.4287083]},"properties":{"name":"Мадемуазель Пшёнкина","cat":"hotel","kind":"Где остановиться","website":"http://suzdal.house/"}},{"type":"Feature","geometry":{"type":"Point","coordinates":[38.6698504,56.4133552]},"properties":{"name":"Гостевой дом","cat":"hotel","kind":"Где остановиться","website":null}},{"type":"Feature","geometry":{"type":"Point","coordinates":[40.4341818,56.4291937]},"properties":{"name":"ГТК Театральный","cat":"hotel","kind":"Где остановиться","website":null}},{"type":"Feature","geometry":{"type":"Point","coordinates":[40.4365727,56.4315472]},"properties":{"name":"Самоварное заведение в Суздале","cat":"hotel","kind":"Где остановиться","website":null}},{"type":"Feature","geometry":{"type":"Point","coordinates":[40.4343556,56.4307963]},"properties":{"name":"Летопись","cat":"hotel","kind":"Где остановиться","website":null}},{"type":"Feature","geometry":{"type":"Point","coordinates":[40.4346762,56.4274733]},"properties":{"name":"Покровская усадьба","cat":"hotel","kind":"Где остановиться","website":null}},{"type":"Feature","geometry":{"type":"Point","coordinates":[40.4322949,56.4279198]},"properties":{"name":"Гостевой дом Захаровых","cat":"hotel","kind":"Где остановиться","website":null}},{"type":"Feature","geometry":{"type":"Point","coordinates":[40.2396775,56.0929879]},"properties":{"name":"Центр размещения в Юрьевце","cat":"hotel","kind":"Где остановиться","website":null}},{"type":"Feature","geometry":{"type":"Point","coordinates":[40.4323803,56.437569]},"properties":{"name":"Azimut","cat":"hotel","kind":"Где остановиться","website":null}},{"type":"Feature","geometry":{"type":"Point","coordinates":[40.6763685,56.2076069]},"properties":{"name":"Гостевой дом","cat":"hotel","kind":"Где остановиться","website":null}},{"type":"Feature","geometry":{"type":"Point","coordinates":[42.4426989,56.1688535]},"properties":{"name":"Мотель","cat":"hotel","kind":"Где остановиться","website":null}},{"type":"Feature","geometry":{"type":"Point","coordinates":[40.5989536,56.2095132]},"properties":{"name":"Комета","cat":"hotel","kind":"Где остановиться","website":null}},{"type":"Feature","geometry":{"type":"Point","coordinates":[39.0627396,55.8982492]},"properties":{"name":"Русский лес","cat":"hotel","kind":"Где остановиться","website":"http://les-kirzhach.ru"}},{"type":"Feature","geometry":{"type":"Point","coordinates":[40.465851,56.4193773]},"properties":{"name":"Георгиевский","cat":"hotel","kind":"Где остановиться","website":null}},{"type":"Feature","geometry":{"type":"Point","coordinates":[40.4296071,56.4357862]},"properties":{"name":"Волна","cat":"hotel","kind":"Где остановиться","website":null}},{"type":"Feature","geometry":{"type":"Point","coordinates":[40.4460337,56.4122046]},"properties":{"name":"Пушкарская Слобода","cat":"hotel","kind":"Где остановиться","website":null}},{"type":"Feature","geometry":{"type":"Point","coordinates":[42.7060273,56.1997061]},"properties":{"name":"Motel M7","cat":"hotel","kind":"Где остановиться","website":null}},{"type":"Feature","geometry":{"type":"Point","coordinates":[38.8199846,56.163666]},"properties":{"name":"Гостиница при ЛИК НИИПС","cat":"hotel","kind":"Где остановиться","website":null}},{"type":"Feature","geometry":{"type":"Point","coordinates":[42.6932852,56.202524]},"properties":{"name":"Водолей","cat":"hotel","kind":"Где остановиться","website":"http://motel-vodoley.ru/"}},{"type":"Feature","geometry":{"type":"Point","coordinates":[41.7614825,55.8650351]},"properties":{"name":"Елизаветинский","cat":"hotel","kind":"Где остановиться","website":null}},{"type":"Feature","geometry":{"type":"Point","coordinates":[38.5110441,56.3232508]},"properties":{"name":"Родники","cat":"hotel","kind":"Где остановиться","website":"https://www.rodniki-hotel.ru/"}},{"type":"Feature","geometry":{"type":"Point","coordinates":[40.8660606,55.9519471]},"properties":{"name":"Старый город","cat":"hotel","kind":"Где остановиться","website":null}},{"type":"Feature","geometry":{"type":"Point","coordinates":[40.547371,56.5536405]},"properties":{"name":"Легенда","cat":"hotel","kind":"Где остановиться","website":null}},{"type":"Feature","geometry":{"type":"Point","coordinates":[41.3287374,56.2120448]},"properties":{"name":"Арсенал","cat":"hotel","kind":"Где остановиться","website":null}},{"type":"Feature","geometry":{"type":"Point","coordinates":[42.063924,55.5714793]},"properties":{"name":"Вирсавия","cat":"hotel","kind":"Где остановиться","website":null}},{"type":"Feature","geometry":{"type":"Point","coordinates":[41.1256312,55.9444536]},"properties":{"name":"Капитал Магнезит","cat":"hotel","kind":"Где остановиться","website":null}},{"type":"Feature","geometry":{"type":"Point","coordinates":[42.6858569,56.2030644]},"properties":{"name":"Купеческая усадьба","cat":"hotel","kind":"Где остановиться","website":null}},{"type":"Feature","geometry":{"type":"Point","coordinates":[42.0683619,55.570498]},"properties":{"name":"Святогор","cat":"hotel","kind":"Где остановиться","website":null}},{"type":"Feature","geometry":{"type":"Point","coordinates":[42.0414507,55.5770912]},"properties":{"name":"Лада","cat":"hotel","kind":"Где остановиться","website":"https://www.lada-murom.ru/"}},{"type":"Feature","geometry":{"type":"Point","coordinates":[42.0355517,55.5805681]},"properties":{"name":"Русич","cat":"hotel","kind":"Где остановиться","website":"http://rusich-murom.ru"}},{"type":"Feature","geometry":{"type":"Point","coordinates":[41.9681251,55.524315]},"properties":{"name":"Аврора","cat":"hotel","kind":"Где остановиться","website":"http://www.mpzflame.ru/uslugi/gostinitsa-avrora/"}},{"type":"Feature","geometry":{"type":"Point","coordinates":[41.3024984,56.2265184]},"properties":{"name":"Парк-отель Доброград","cat":"hotel","kind":"Где остановиться","website":null}},{"type":"Feature","geometry":{"type":"Point","coordinates":[38.7222725,56.3956733]},"properties":{"name":"Центр отдыха \"Остров\"","cat":"hotel","kind":"Где остановиться","website":null}},{"type":"Feature","geometry":{"type":"Point","coordinates":[40.4562209,56.4206845]},"properties":{"name":"Веранда","cat":"hotel","kind":"Где остановиться","website":"https://veranda-suzdal.ru/"}},{"type":"Feature","geometry":{"type":"Point","coordinates":[41.2828191,56.2239711]},"properties":{"name":"Доброград корпус Grand","cat":"hotel","kind":"Где остановиться","website":null}},{"type":"Feature","geometry":{"type":"Point","coordinates":[39.0587984,55.912984]},"properties":{"name":"Экотель","cat":"hotel","kind":"Где остановиться","website":null}},{"type":"Feature","geometry":{"type":"Point","coordinates":[40.3912026,56.4363434]},"properties":{"name":"Глэмпинг А-Frame | Суздаль","cat":"hotel","kind":"Где остановиться","website":"https://kibol.ru"}},{"type":"Feature","geometry":{"type":"Point","coordinates":[40.4275902,56.4304335]},"properties":{"name":"ГТК \"Суздаль\"","cat":"hotel","kind":"Где остановиться","website":"https://gtksuzdal.ru/"}},{"type":"Feature","geometry":{"type":"Point","coordinates":[40.2038709,56.0421485]},"properties":{"name":"Гостинично-развлекательный комплекс \"Рублевские Зори\"","cat":"hotel","kind":"Где остановиться","website":null}},{"type":"Feature","geometry":{"type":"Point","coordinates":[40.452494,56.1159826]},"properties":{"name":"Рубикон","cat":"hotel","kind":"Где остановиться","website":null}},{"type":"Feature","geometry":{"type":"Point","coordinates":[41.0863588,56.2664841]},"properties":{"name":"База отдыха \"Вьюнка\"","cat":"hotel","kind":"Где остановиться","website":null}},{"type":"Feature","geometry":{"type":"Point","coordinates":[40.4424559,56.415625]},"properties":{"name":"Древнерусская живопись","cat":"museum","kind":"Музей","website":null}},{"type":"Feature","geometry":{"type":"Point","coordinates":[42.0491157,55.5759969]},"properties":{"name":"ДК им. 1100-летия г. Мурома","cat":"museum","kind":"Музей","website":null}},{"type":"Feature","geometry":{"type":"Point","coordinates":[40.0212302,56.1297728]},"properties":{"name":"Центр народного творчества","cat":"museum","kind":"Музей","website":null}},{"type":"Feature","geometry":{"type":"Point","coordinates":[40.4482921,56.418707]},"properties":{"name":"Музей восковых фигур","cat":"museum","kind":"Музей","website":"https://www.wax-museum.ru/"}},{"type":"Feature","geometry":{"type":"Point","coordinates":[39.5484131,56.6830416]},"properties":{"name":"Комната П.И. Багратиона","cat":"museum","kind":"Музей","website":null}},{"type":"Feature","geometry":{"type":"Point","coordinates":[42.1566238,56.2470496]},"properties":{"name":"Музей песни XX века","cat":"museum","kind":"Музей","website":null}},{"type":"Feature","geometry":{"type":"Point","coordinates":[40.4433843,56.4163195]},"properties":{"name":"Иорданская сень","cat":"museum","kind":"Музей","website":null}},{"type":"Feature","geometry":{"type":"Point","coordinates":[40.3987531,56.1251459]},"properties":{"name":"Старый Владимир","cat":"museum","kind":"Музей","website":null}},{"type":"Feature","geometry":{"type":"Point","coordinates":[40.4429064,56.4159219]},"properties":{"name":"История Суздальской земли","cat":"museum","kind":"Музей","website":null}},{"type":"Feature","geometry":{"type":"Point","coordinates":[40.5371258,56.1962293]},"properties":{"name":"Палаты Андрея Боголюбского","cat":"museum","kind":"Музей","website":null}},{"type":"Feature","geometry":{"type":"Point","coordinates":[40.403904,56.1294556]},"properties":{"name":"Музей иллюзий и наук \"Да Винчи\"","cat":"museum","kind":"Музей","website":"https://museumvladimir.ru/"}},{"type":"Feature","geometry":{"type":"Point","coordinates":[40.4009281,56.1284478]},"properties":{"name":"Областной центр народного творчества","cat":"museum","kind":"Музей","website":null}},{"type":"Feature","geometry":{"type":"Point","coordinates":[40.4039026,56.1280806]},"properties":{"name":"Хоровая капелла Эдуарда Маркина","cat":"museum","kind":"Музей","website":null}},{"type":"Feature","geometry":{"type":"Point","coordinates":[40.3977664,56.1378325]},"properties":{"name":"Музей природы","cat":"museum","kind":"Музей","website":null}},{"type":"Feature","geometry":{"type":"Point","coordinates":[40.4019874,56.1271215]},"properties":{"name":"Центр классической музыки","cat":"museum","kind":"Музей","website":null}},{"type":"Feature","geometry":{"type":"Point","coordinates":[40.4098878,56.1305682]},"properties":{"name":"Владимиро-Суздальский музей-заповедник (центральный офис)","cat":"museum","kind":"Музей","website":null}},{"type":"Feature","geometry":{"type":"Point","coordinates":[40.4410556,56.4322721]},"properties":{"name":"Д. Пожарский – нац. герой России","cat":"museum","kind":"Музей","website":null}},{"type":"Feature","geometry":{"type":"Point","coordinates":[40.4404049,56.4340209]},"properties":{"name":"Золотая кладовая","cat":"museum","kind":"Музей","website":null}},{"type":"Feature","geometry":{"type":"Point","coordinates":[40.4409952,56.433542]},"properties":{"name":"История суздальских монастырей","cat":"museum","kind":"Музей","website":null}},{"type":"Feature","geometry":{"type":"Point","coordinates":[40.4400884,56.4324927]},"properties":{"name":"Книга шести столетий","cat":"museum","kind":"Музей","website":null}},{"type":"Feature","geometry":{"type":"Point","coordinates":[40.4393751,56.4329125]},"properties":{"name":"Музей наивного искусства России","cat":"museum","kind":"Музей","website":null}},{"type":"Feature","geometry":{"type":"Point","coordinates":[40.4410013,56.4327676]},"properties":{"name":"Побеждая время (музей реставрации)","cat":"museum","kind":"Музей","website":null}},{"type":"Feature","geometry":{"type":"Point","coordinates":[40.4398194,56.4325304]},"properties":{"name":"Русская икона XVIII – начала XX века","cat":"museum","kind":"Музей","website":null}},{"type":"Feature","geometry":{"type":"Point","coordinates":[40.4409474,56.4327635]},"properties":{"name":"Сплетение судеб","cat":"museum","kind":"Музей","website":null}},{"type":"Feature","geometry":{"type":"Point","coordinates":[40.4389078,56.4336663]},"properties":{"name":"Суздальская тюрьма","cat":"museum","kind":"Музей","website":null}},{"type":"Feature","geometry":{"type":"Point","coordinates":[40.4395905,56.4331662]},"properties":{"name":"Фрески Гурия Никитина","cat":"museum","kind":"Музей","website":null}},{"type":"Feature","geometry":{"type":"Point","coordinates":[40.4437394,56.4318622]},"properties":{"name":"Посадский дом","cat":"museum","kind":"Музей","website":null}},{"type":"Feature","geometry":{"type":"Point","coordinates":[40.435734,56.4286337]},"properties":{"name":"Приказная изба","cat":"museum","kind":"Музей","website":null}},{"type":"Feature","geometry":{"type":"Point","coordinates":[40.3972763,56.1268296]},"properties":{"name":"Золотые ворота","cat":"museum","kind":"Музей","website":null}},{"type":"Feature","geometry":{"type":"Point","coordinates":[40.413655,56.1324457]},"properties":{"name":"Дом-музей Столетовых","cat":"museum","kind":"Музей","website":null}},{"type":"Feature","geometry":{"type":"Point","coordinates":[40.3959143,56.1264292]},"properties":{"name":"Музей хрусталя и лаковой миниатюры","cat":"museum","kind":"Музей","website":null}},{"type":"Feature","geometry":{"type":"Point","coordinates":[40.4017231,56.1276094]},"properties":{"name":"Владимирский областной центр пропаганды изобразительного искусства","cat":"museum","kind":"Музей","website":null}},{"type":"Feature","geometry":{"type":"Point","coordinates":[40.8565254,55.9497656]},"properties":{"name":"Краеведческий музей","cat":"museum","kind":"Музей","website":null}},{"type":"Feature","geometry":{"type":"Point","coordinates":[39.8776787,56.1568457]},"properties":{"name":"Дом-музей Н.Е.Жуковского","cat":"museum","kind":"Музей","website":"https://zhukovskyne.ru/"}},{"type":"Feature","geometry":{"type":"Point","coordinates":[40.4216861,55.4780372]},"properties":{"name":"Музей А. И. Солженицина","cat":"museum","kind":"Музей","website":null}},{"type":"Feature","geometry":{"type":"Point","coordinates":[40.4211251,55.4778124]},"properties":{"name":"Дом Матрёны Захаровой","cat":"museum","kind":"Музей","website":null}},{"type":"Feature","geometry":{"type":"Point","coordinates":[41.9394983,56.3740435]},"properties":{"name":"Мстёрский художественный музей","cat":"museum","kind":"Музей","website":null}},{"type":"Feature","geometry":{"type":"Point","coordinates":[41.7595859,55.8673375]},"properties":{"name":"Центр внешкольной работы","cat":"museum","kind":"Музей","website":null}},{"type":"Feature","geometry":{"type":"Point","coordinates":[40.4393782,56.4331252]},"properties":{"name":"Выставочный зал","cat":"museum","kind":"Музей","website":null}},{"type":"Feature","geometry":{"type":"Point","coordinates":[39.4624811,55.9311614]},"properties":{"name":"Музей петуха","cat":"museum","kind":"Музей","website":null}},{"type":"Feature","geometry":{"type":"Point","coordinates":[39.4614458,55.9299666]},"properties":{"name":"Художественная галерея им. Н. И. Корнилова","cat":"museum","kind":"Музей","website":null}},{"type":"Feature","geometry":{"type":"Point","coordinates":[39.4563386,55.9294033]},"properties":{"name":"Краеведческий музей","cat":"museum","kind":"Музей","website":null}},{"type":"Feature","geometry":{"type":"Point","coordinates":[42.4212006,56.1722695]},"properties":{"name":"Лавка случайных вещей","cat":"museum","kind":"Музей","website":null}},{"type":"Feature","geometry":{"type":"Point","coordinates":[40.4043012,56.1281885]},"properties":{"name":"Дом пряника","cat":"museum","kind":"Музей","website":"музейпряника.рф"}},{"type":"Feature","geometry":{"type":"Point","coordinates":[40.4022086,56.1276572]},"properties":{"name":"Бабуся-Ягуся","cat":"museum","kind":"Музей","website":"www.Бабуся-Ягуся.рф"}},{"type":"Feature","geometry":{"type":"Point","coordinates":[40.4032108,56.1275079]},"properties":{"name":"Музей ложки","cat":"museum","kind":"Музей","website":"музей-ложки.рф"}},{"type":"Feature","geometry":{"type":"Point","coordinates":[39.3521431,55.9866235]},"properties":{"name":"Этнографический школьный музей \"Потехи\"","cat":"museum","kind":"Музей","website":null}},{"type":"Feature","geometry":{"type":"Point","coordinates":[42.0219242,55.5691653]},"properties":{"name":"Хлебная горница","cat":"museum","kind":"Музей","website":"http://hleb-gornica.ru/"}},{"type":"Feature","geometry":{"type":"Point","coordinates":[40.7102848,56.1769585]},"properties":{"name":"Музей Бородина","cat":"museum","kind":"Музей","website":null}},{"type":"Feature","geometry":{"type":"Point","coordinates":[41.6319869,55.3359445]},"properties":{"name":"Краеведческий музей","cat":"museum","kind":"Музей","website":null}},{"type":"Feature","geometry":{"type":"Point","coordinates":[39.6818136,56.4975608]},"properties":{"name":"Музей Багратиона","cat":"museum","kind":"Музей","website":null}},{"type":"Feature","geometry":{"type":"Point","coordinates":[40.4044191,56.1280889]},"properties":{"name":"Мастерская шоколада","cat":"museum","kind":"Музей","website":"http://мастерская-шоколада.рф"}},{"type":"Feature","geometry":{"type":"Point","coordinates":[40.4020936,56.126535]},"properties":{"name":"Рукотворная Мстёра","cat":"museum","kind":"Музей","website":null}},{"type":"Feature","geometry":{"type":"Point","coordinates":[42.6665986,56.1922782]},"properties":{"name":"РАДУГА, центр детского творчества","cat":"museum","kind":"Музей","website":null}},{"type":"Feature","geometry":{"type":"Point","coordinates":[42.6770281,56.2060964]},"properties":{"name":"Детская школа искусств","cat":"museum","kind":"Музей","website":null}},{"type":"Feature","geometry":{"type":"Point","coordinates":[40.2206578,55.6697081]},"properties":{"name":"Музей птиц","cat":"museum","kind":"Музей","website":null}},{"type":"Feature","geometry":{"type":"Point","coordinates":[40.4588217,56.1248803]},"properties":{"name":"Владимирский тяжеловоз","cat":"museum","kind":"Музей","website":null}},{"type":"Feature","geometry":{"type":"Point","coordinates":[38.7208639,56.3954672]},"properties":{"name":"101-й километр","cat":"museum","kind":"Музей","website":null}},{"type":"Feature","geometry":{"type":"Point","coordinates":[38.7308448,56.3975507]},"properties":{"name":"Музей советских игровых автоматов «Ретро»","cat":"museum","kind":"Музей","website":null}},{"type":"Feature","geometry":{"type":"Point","coordinates":[39.0818289,55.8660613]},"properties":{"name":"Городищинский историко-краеведческий музей","cat":"museum","kind":"Музей","website":null}},{"type":"Feature","geometry":{"type":"Point","coordinates":[38.8764266,56.1632962]},"properties":{"name":"Киржачский районный историко-краеведческий и художественный музей","cat":"museum","kind":"Музей","website":"http://kirzhach-muzeum.ru"}},{"type":"Feature","geometry":{"type":"Point","coordinates":[40.4024361,56.1272041]},"properties":{"name":"Старая аптека","cat":"museum","kind":"Музей","website":null}},{"type":"Feature","geometry":{"type":"Point","coordinates":[41.2958042,56.2760551]},"properties":{"name":"Историко-краеведческий музей Ковровского района","cat":"museum","kind":"Музей","website":"https://kraeved-museum.ru/"}},{"type":"Feature","geometry":{"type":"Point","coordinates":[42.0581316,55.5687004]},"properties":{"name":"Орлёнок","cat":"museum","kind":"Музей","website":"http://orlenok.izmuroma.ru"}},{"type":"Feature","geometry":{"type":"Point","coordinates":[40.4002214,56.1276151]},"properties":{"name":"Эврика","cat":"museum","kind":"Музей","website":null}},{"type":"Feature","geometry":{"type":"Point","coordinates":[42.0474109,55.5520337]},"properties":{"name":"Хлебная горница","cat":"museum","kind":"Музей","website":null}},{"type":"Feature","geometry":{"type":"Point","coordinates":[40.4032066,56.1275746]},"properties":{"name":"Музей кукол","cat":"museum","kind":"Музей","website":null}},{"type":"Feature","geometry":{"type":"Point","coordinates":[40.4001435,56.127616]},"properties":{"name":"Огни Владимира","cat":"museum","kind":"Музей","website":null}},{"type":"Feature","geometry":{"type":"Point","coordinates":[40.4397506,56.402163]},"properties":{"name":"Дымов Керамика","cat":"museum","kind":"Музей","website":"https://dymovceramic.ru/"}},{"type":"Feature","geometry":{"type":"Point","coordinates":[40.9977134,56.3465206]},"properties":{"name":"Краеведческий музей г. Камешково","cat":"museum","kind":"Музей","website":null}},{"type":"Feature","geometry":{"type":"Point","coordinates":[42.0560226,55.5798416]},"properties":{"name":"Художественная галерея","cat":"museum","kind":"Музей","website":"https://museum-murom.ru/"}},{"type":"Feature","geometry":{"type":"Point","coordinates":[40.4497223,56.4224625]},"properties":{"name":"Дом кино в Суздале","cat":"museum","kind":"Музей","website":"https://suzdalvkino.ru/"}},{"type":"Feature","geometry":{"type":"Point","coordinates":[40.4159703,56.141799]},"properties":{"name":"Город на ладони","cat":"museum","kind":"Музей","website":null}},{"type":"Feature","geometry":{"type":"Point","coordinates":[39.4662984,55.9350247]},"properties":{"name":"Дом музей св. Афанасия Ковровского","cat":"museum","kind":"Музей","website":null}},{"type":"Feature","geometry":{"type":"Point","coordinates":[40.401307,56.1262528]},"properties":{"name":"Простоваренье","cat":"museum","kind":"Музей","website":null}},{"type":"Feature","geometry":{"type":"Point","coordinates":[38.8644361,56.1648216]},"properties":{"name":"Музей ледниковых камней","cat":"museum","kind":"Музей","website":null}},{"type":"Feature","geometry":{"type":"Point","coordinates":[40.6577,55.6198]},"properties":{"name":"Музей хрусталя","cat":"museum","kind":"Музей","website":null}},{"type":"Feature","geometry":{"type":"Point","coordinates":[40.4671456,56.2794527]},"properties":{"name":"Музей мотоциклов","cat":"museum","kind":"Музей","website":"https://vk.com/pestovmuseum"}},{"type":"Feature","geometry":{"type":"Point","coordinates":[40.4478514,56.41848]},"properties":{"name":"МИРА-центр","cat":"museum","kind":"Музей","website":"https://myra.ru"}},{"type":"Feature","geometry":{"type":"Point","coordinates":[41.3463928,56.1877729]},"properties":{"name":"Сельский дворик","cat":"museum","kind":"Музей","website":null}},{"type":"Feature","geometry":{"type":"Point","coordinates":[39.8048639,56.2209122]},"properties":{"name":"Музей В.А.Солоухина","cat":"museum","kind":"Музей","website":null}},{"type":"Feature","geometry":{"type":"Point","coordinates":[39.7620454,56.1878489]},"properties":{"name":"Музей М.М.Сперанского","cat":"museum","kind":"Музей","website":null}},{"type":"Feature","geometry":{"type":"Point","coordinates":[40.4490049,56.4170374]},"properties":{"name":"Нескучный музей","cat":"museum","kind":"Музей","website":null}},{"type":"Feature","geometry":{"type":"Point","coordinates":[40.4062693,56.1374756]},"properties":{"name":"Музей владимирской иконы","cat":"museum","kind":"Музей","website":null}},{"type":"Feature","geometry":{"type":"Point","coordinates":[42.054271,55.5803451]},"properties":{"name":"Кибер-музей","cat":"museum","kind":"Музей","website":"https://museum.computer/"}},{"type":"Feature","geometry":{"type":"Point","coordinates":[38.712673,56.3944353]},"properties":{"name":"Музей камня","cat":"museum","kind":"Музей","website":null}},{"type":"Feature","geometry":{"type":"Point","coordinates":[42.6746368,56.207427]},"properties":{"name":"Музей археологического наследия","cat":"museum","kind":"Музей","website":"https://giamus.ru/"}},{"type":"Feature","geometry":{"type":"Point","coordinates":[40.4821005,56.2708754]},"properties":{"name":"Музей коллекции семьи Жаровых","cat":"museum","kind":"Музей","website":"https://zharov-museum.ru/"}},{"type":"Feature","geometry":{"type":"Point","coordinates":[40.2820704,56.4707425]},"properties":{"name":"Музей А.В. Суворова","cat":"museum","kind":"Музей","website":"https://xn--b1aashsanfhkc3evb.xn--p1ai/"}},{"type":"Feature","geometry":{"type":"Point","coordinates":[40.4475165,56.1494138]},"properties":{"name":"Турбина","cat":"museum","kind":"Музей","website":null}},{"type":"Feature","geometry":{"type":"Point","coordinates":[42.0488469,55.5959822]},"properties":{"name":"Обсерватория астронома-любителя","cat":"museum","kind":"Музей","website":null}},{"type":"Feature","geometry":{"type":"Point","coordinates":[40.4379926,56.4123675]},"properties":{"name":"Музей деревянного зодчества и крестьянского быта","cat":"museum","kind":"Музей","website":null}},{"type":"Feature","geometry":{"type":"Point","coordinates":[42.1310838,56.2469636]},"properties":{"name":"Дом искусств имени Ошанина","cat":"museum","kind":"Музей","website":null}},{"type":"Feature","geometry":{"type":"Point","coordinates":[41.3102849,56.3714076]},"properties":{"name":"Дом-Музей Дегтярева","cat":"museum","kind":"Музей","website":null}},{"type":"Feature","geometry":{"type":"Point","coordinates":[40.6442994,55.6214434]},"properties":{"name":"Клуб им. Дзержинского","cat":"museum","kind":"Музей","website":null}},{"type":"Feature","geometry":{"type":"Point","coordinates":[40.6436862,55.6213819]},"properties":{"name":"Клуб им. Дзержинского","cat":"museum","kind":"Музей","website":null}},{"type":"Feature","geometry":{"type":"Point","coordinates":[41.3274531,56.3604423]},"properties":{"name":"ДК \"Современник\"","cat":"museum","kind":"Музей","website":null}},{"type":"Feature","geometry":{"type":"Point","coordinates":[38.871592,56.160699]},"properties":{"name":"Районный Дом Культуры","cat":"museum","kind":"Музей","website":null}},{"type":"Feature","geometry":{"type":"Point","coordinates":[40.4051333,56.13296]},"properties":{"name":"Дворец творчества юных","cat":"museum","kind":"Музей","website":null}},{"type":"Feature","geometry":{"type":"Point","coordinates":[40.4111379,56.130333]},"properties":{"name":"Исторический музей","cat":"museum","kind":"Музей","website":"https://www.vladmuseum.ru/"}},{"type":"Feature","geometry":{"type":"Point","coordinates":[40.3980595,56.1249203]},"properties":{"name":"Владимирский экзотариум","cat":"museum","kind":"Музей","website":null}},{"type":"Feature","geometry":{"type":"Point","coordinates":[38.7203931,56.3956748]},"properties":{"name":"Музей Цветаевых","cat":"museum","kind":"Музей","website":null}},{"type":"Feature","geometry":{"type":"Point","coordinates":[41.3050568,56.373583]},"properties":{"name":"Краеведческий музей","cat":"museum","kind":"Музей","website":null}},{"type":"Feature","geometry":{"type":"Point","coordinates":[38.873497,56.1162737]},"properties":{"name":"Детская школа искусств","cat":"museum","kind":"Музей","website":"https://dshi33.vld.muzkult.ru"}},{"type":"Feature","geometry":{"type":"Point","coordinates":[38.7325425,56.3976479]},"properties":{"name":"Александровский художественный музей (Усадьба купца Первушина)","cat":"museum","kind":"Музей","website":null}},{"type":"Feature","geometry":{"type":"Point","coordinates":[39.1779612,55.91782]},"properties":{"name":"Краеведческий музей","cat":"museum","kind":"Музей","website":null}},{"type":"Feature","geometry":{"type":"Point","coordinates":[39.6805028,56.4968466]},"properties":{"name":"Собор Троицы Живоначальной","cat":"museum","kind":"Музей","website":null}},{"type":"Feature","geometry":{"type":"Point","coordinates":[39.6800518,56.4964883]},"properties":{"name":"Собор Георгия Победоносца","cat":"museum","kind":"Музей","website":null}},{"type":"Feature","geometry":{"type":"Point","coordinates":[39.6838771,56.5067681]},"properties":{"name":"Клуб \"Горького\"","cat":"museum","kind":"Музей","website":null}},{"type":"Feature","geometry":{"type":"Point","coordinates":[40.4293477,56.4394848]},"properties":{"name":"Щурово Городище","cat":"museum","kind":"Музей","website":null}},{"type":"Feature","geometry":{"type":"Point","coordinates":[41.2598507,56.1238222]},"properties":{"name":"Усадебный дом Танеевых","cat":"museum","kind":"Музей","website":"https://kraeved-museum.ru/"}},{"type":"Feature","geometry":{"type":"Point","coordinates":[41.6264909,55.3354899]},"properties":{"name":"Дом Культуры","cat":"museum","kind":"Музей","website":null}},{"type":"Feature","geometry":{"type":"Point","coordinates":[42.688794,56.202907]},"properties":{"name":"Дом Морозова","cat":"museum","kind":"Музей","website":null}},{"type":"Feature","geometry":{"type":"Point","coordinates":[38.7404542,56.4005954]},"properties":{"name":"Александровская слобода","cat":"museum","kind":"Музей","website":null}},{"type":"Feature","geometry":{"type":"Point","coordinates":[41.7601849,55.8652764]},"properties":{"name":"Районный историко-краеведческий музей","cat":"museum","kind":"Музей","website":"https://rik-museum.vld.muzkult.ru"}},{"type":"Feature","geometry":{"type":"Point","coordinates":[39.6818319,56.49764]},"properties":{"name":"Церковь Иконы Божией Матери Знамение","cat":"museum","kind":"Музей","website":null}},{"type":"Feature","geometry":{"type":"Point","coordinates":[38.7831491,56.2460285]},"properties":{"name":"Местный дом культуры","cat":"museum","kind":"Музей","website":null}},{"type":"Feature","geometry":{"type":"Point","coordinates":[38.6003991,55.997924]},"properties":{"name":"Музей-усадьба фабриканта Думнова","cat":"museum","kind":"Музей","website":"http://www.galinadatcha.com"}},{"type":"Feature","geometry":{"type":"Point","coordinates":[38.73262,56.3974088]},"properties":{"name":"Музей рукотворного камня","cat":"museum","kind":"Музей","website":null}},{"type":"Feature","geometry":{"type":"Point","coordinates":[39.7386925,55.9518371]},"properties":{"name":"Дом культуры","cat":"museum","kind":"Музей","website":null}},{"type":"Feature","geometry":{"type":"Point","coordinates":[39.0532424,56.0621363]},"properties":{"name":"Дом культуры имени Гагарина","cat":"museum","kind":"Музей","website":null}},{"type":"Feature","geometry":{"type":"Point","coordinates":[41.6268983,55.3370137]},"properties":{"name":"Музей Воинской славы","cat":"museum","kind":"Музей","website":null}},{"type":"Feature","geometry":{"type":"Point","coordinates":[41.2825388,56.3497759]},"properties":{"name":"Родина","cat":"museum","kind":"Музей","website":null}},{"type":"Feature","geometry":{"type":"Point","coordinates":[42.0491435,55.5786807]},"properties":{"name":"Выставочный центр Муромского историко-художественного музея","cat":"museum","kind":"Музей","website":"https://museum-murom.ru/"}},{"type":"Feature","geometry":{"type":"Point","coordinates":[42.0442051,55.5789606]},"properties":{"name":"Театр-музей Ильи Муромца","cat":"museum","kind":"Музей","website":null}},{"type":"Feature","geometry":{"type":"Point","coordinates":[39.1896534,55.8844473]},"properties":{"name":"Дом культуры","cat":"museum","kind":"Музей","website":null}},{"type":"Feature","geometry":{"type":"Point","coordinates":[39.6821073,56.5004122]},"properties":{"name":"Юрьев-Польский историко-архитектурный и художественный музей","cat":"museum","kind":"Музей","website":null}},{"type":"Feature","geometry":{"type":"Point","coordinates":[41.8789139,55.4384001]},"properties":{"name":"Дом культуры","cat":"museum","kind":"Музей","website":null}},{"type":"Feature","geometry":{"type":"Point","coordinates":[41.4789285,56.2145584]},"properties":{"name":"Усадьба двух генералов","cat":"museum","kind":"Музей","website":"https://kraeved-museum.ru/"}},{"type":"Feature","geometry":{"type":"Point","coordinates":[40.9620185,55.5097677]},"properties":{"name":"Краеведческий музей","cat":"museum","kind":"Музей","website":null}},{"type":"Feature","geometry":{"type":"Point","coordinates":[38.8709625,56.1594408]},"properties":{"name":"Музей меди и латуни","cat":"museum","kind":"Музей","website":null}},{"type":"Feature","geometry":{"type":"Point","coordinates":[40.4102325,56.1283933]},"properties":{"name":"Здание Присутственных мест. \"Палаты\"","cat":"museum","kind":"Музей","website":null}},{"type":"Feature","geometry":{"type":"Point","coordinates":[39.6818241,56.4979145]},"properties":{"name":"Михайло-Архангельский монастырь","cat":"museum","kind":"Музей","website":null}},{"type":"Feature","geometry":{"type":"Point","coordinates":[39.6810389,56.4979132]},"properties":{"name":"Церковь Иоанна Богослова","cat":"museum","kind":"Музей","website":null}},{"type":"Feature","geometry":{"type":"Point","coordinates":[40.1836215,55.5703838]},"properties":{"name":"Музей Русское Подворье","cat":"museum","kind":"Музей","website":null}},{"type":"Feature","geometry":{"type":"Point","coordinates":[39.6844637,56.5100104]},"properties":{"name":"ДК \"Россия\"","cat":"museum","kind":"Музей","website":null}},{"type":"Feature","geometry":{"type":"Point","coordinates":[42.5282994,56.3317364]},"properties":{"name":"№9, Старая Почайка 2","cat":"natural","kind":"Природа","website":null}},{"type":"Feature","geometry":{"type":"Point","coordinates":[42.5257216,56.3334097]},"properties":{"name":"№8, Старая Почайка 1","cat":"natural","kind":"Природа","website":null}},{"type":"Feature","geometry":{"type":"Point","coordinates":[42.5140997,56.2823734]},"properties":{"name":"№19, Гороховец","cat":"natural","kind":"Природа","website":null}},{"type":"Feature","geometry":{"type":"Point","coordinates":[42.5160349,56.2856184]},"properties":{"name":"№18","cat":"natural","kind":"Природа","website":null}},{"type":"Feature","geometry":{"type":"Point","coordinates":[42.5564788,56.3650741]},"properties":{"name":"Пляжная","cat":"natural","kind":"Природа","website":null}},{"type":"Feature","geometry":{"type":"Point","coordinates":[42.4825907,56.2622736]},"properties":{"name":"№26, Елена","cat":"natural","kind":"Природа","website":null}},{"type":"Feature","geometry":{"type":"Point","coordinates":[42.4922127,56.2617944]},"properties":{"name":"У Бобра","cat":"natural","kind":"Природа","website":null}},{"type":"Feature","geometry":{"type":"Point","coordinates":[40.3876868,55.5971016]},"properties":{"name":"Рязанский тракт","cat":"natural","kind":"Природа","website":null}},{"type":"Feature","geometry":{"type":"Point","coordinates":[40.4037774,55.6063025]},"properties":{"name":"Сосновая","cat":"natural","kind":"Природа","website":null}},{"type":"Feature","geometry":{"type":"Point","coordinates":[40.7699633,56.5602038]},"properties":{"name":"Парфенов камень","cat":"natural","kind":"Природа","website":null}},{"type":"Feature","geometry":{"type":"Point","coordinates":[39.7119713,55.9369849]},"properties":{"name":"Пекша","cat":"natural","kind":"Природа","website":null}},{"type":"Feature","geometry":{"type":"Point","coordinates":[42.5560916,56.3632537]},"properties":{"name":"№4","cat":"natural","kind":"Природа","website":null}},{"type":"Feature","geometry":{"type":"Point","coordinates":[42.4573266,56.2437082]},"properties":{"name":"№30, 19 сосен","cat":"natural","kind":"Природа","website":null}},{"type":"Feature","geometry":{"type":"Point","coordinates":[42.4636515,56.2458364]},"properties":{"name":"№29, Чистая","cat":"natural","kind":"Природа","website":null}},{"type":"Feature","geometry":{"type":"Point","coordinates":[42.4673003,56.2500491]},"properties":{"name":"№28, Инесса","cat":"natural","kind":"Природа","website":null}},{"type":"Feature","geometry":{"type":"Point","coordinates":[42.4758946,56.2466609]},"properties":{"name":"№27, Нептун","cat":"natural","kind":"Природа","website":null}},{"type":"Feature","geometry":{"type":"Point","coordinates":[42.5038271,56.2630767]},"properties":{"name":"№24, Акушерская","cat":"natural","kind":"Природа","website":null}},{"type":"Feature","geometry":{"type":"Point","coordinates":[42.5069134,56.2686074]},"properties":{"name":"№23, Кресты","cat":"natural","kind":"Природа","website":null}},{"type":"Feature","geometry":{"type":"Point","coordinates":[42.5086126,56.2700872]},"properties":{"name":"№22, Ляпота","cat":"natural","kind":"Природа","website":null}},{"type":"Feature","geometry":{"type":"Point","coordinates":[42.5115167,56.2721787]},"properties":{"name":"№21, Щучья (Крестовая)","cat":"natural","kind":"Природа","website":null}},{"type":"Feature","geometry":{"type":"Point","coordinates":[42.5136415,56.2751442]},"properties":{"name":"№20, Моховая Борода","cat":"natural","kind":"Природа","website":null}},{"type":"Feature","geometry":{"type":"Point","coordinates":[42.5344598,56.294949]},"properties":{"name":"№16, У Лесовика","cat":"natural","kind":"Природа","website":null}},{"type":"Feature","geometry":{"type":"Point","coordinates":[42.5298398,56.3093095]},"properties":{"name":"№15, Солнечная","cat":"natural","kind":"Природа","website":null}},{"type":"Feature","geometry":{"type":"Point","coordinates":[42.5278182,56.3153754]},"properties":{"name":"№14, Лухерия","cat":"natural","kind":"Природа","website":null}},{"type":"Feature","geometry":{"type":"Point","coordinates":[42.5332468,56.3170819]},"properties":{"name":"№13","cat":"natural","kind":"Природа","website":null}},{"type":"Feature","geometry":{"type":"Point","coordinates":[42.5289736,56.3225324]},"properties":{"name":"№12, Харчевня у Луха","cat":"natural","kind":"Природа","website":null}},{"type":"Feature","geometry":{"type":"Point","coordinates":[42.5254167,56.3304212]},"properties":{"name":"Старая Почайка 3","cat":"natural","kind":"Природа","website":null}},{"type":"Feature","geometry":{"type":"Point","coordinates":[42.5517921,56.3548674]},"properties":{"name":"№6, Ласточкин Яр","cat":"natural","kind":"Природа","website":null}},{"type":"Feature","geometry":{"type":"Point","coordinates":[42.5509574,56.3572759]},"properties":{"name":"№5","cat":"natural","kind":"Природа","website":null}},{"type":"Feature","geometry":{"type":"Point","coordinates":[42.5630292,56.3691388]},"properties":{"name":"№3","cat":"natural","kind":"Природа","website":null}},{"type":"Feature","geometry":{"type":"Point","coordinates":[42.5644948,56.384619]},"properties":{"name":"№2, У причала","cat":"natural","kind":"Природа","website":null}},{"type":"Feature","geometry":{"type":"Point","coordinates":[42.5805123,56.3961484]},"properties":{"name":"№1, Туристская","cat":"natural","kind":"Природа","website":null}},{"type":"Feature","geometry":{"type":"Point","coordinates":[40.3999311,55.608469]},"properties":{"name":"Уютная","cat":"natural","kind":"Природа","website":null}},{"type":"Feature","geometry":{"type":"Point","coordinates":[40.361833,55.5755851]},"properties":{"name":"Будевическая","cat":"natural","kind":"Природа","website":null}},{"type":"Feature","geometry":{"type":"Point","coordinates":[42.4984202,56.2645925]},"properties":{"name":"№25, Тенистая","cat":"natural","kind":"Природа","website":null}},{"type":"Feature","geometry":{"type":"Point","coordinates":[42.5130802,56.2817105]},"properties":{"name":"Пиранья (Геленджик)","cat":"natural","kind":"Природа","website":null}},{"type":"Feature","geometry":{"type":"Point","coordinates":[42.4775149,56.2507608]},"properties":{"name":"ГРС","cat":"natural","kind":"Природа","website":null}},{"type":"Feature","geometry":{"type":"Point","coordinates":[42.5551071,56.3612796]},"properties":{"name":"Качели","cat":"natural","kind":"Природа","website":null}},{"type":"Feature","geometry":{"type":"Point","coordinates":[42.6071771,56.4073405]},"properties":{"name":"Кукушка","cat":"natural","kind":"Природа","website":null}},{"type":"Feature","geometry":{"type":"Point","coordinates":[42.5818593,56.4020758]},"properties":{"name":"Гаравки","cat":"natural","kind":"Природа","website":null}},{"type":"Feature","geometry":{"type":"Point","coordinates":[42.568504,56.3884302]},"properties":{"name":"Коса","cat":"natural","kind":"Природа","website":null}},{"type":"Feature","geometry":{"type":"Point","coordinates":[40.9515083,55.5891981]},"properties":{"name":"Детский оздоровительный лагерь \"Дзержинец\"","cat":"natural","kind":"Природа","website":"https://vk.com/dol_dzerzhinec"}},{"type":"Feature","geometry":{"type":"Point","coordinates":[38.7106238,56.3971165]},"properties":{"name":"Турагентство BEST - TRAVEL","cat":"natural","kind":"Природа","website":null}},{"type":"Feature","geometry":{"type":"Point","coordinates":[41.6329594,55.3383897]},"properties":{"name":"Городской центральный парк","cat":"natural","kind":"Природа","website":null}},{"type":"Feature","geometry":{"type":"Point","coordinates":[41.5808971,55.2916961]},"properties":{"name":"на Кормилице","cat":"natural","kind":"Природа","website":null}},{"type":"Feature","geometry":{"type":"Point","coordinates":[42.4872121,56.2623972]},"properties":{"name":"Вязники","cat":"natural","kind":"Природа","website":null}},{"type":"Feature","geometry":{"type":"Point","coordinates":[42.5566632,56.3512169]},"properties":{"name":"Берег надежды","cat":"natural","kind":"Природа","website":null}},{"type":"Feature","geometry":{"type":"Point","coordinates":[42.5647224,56.3595303]},"properties":{"name":"Мыс надежды","cat":"natural","kind":"Природа","website":null}},{"type":"Feature","geometry":{"type":"Point","coordinates":[42.5326889,56.2943079]},"properties":{"name":"Мальдивы","cat":"natural","kind":"Природа","website":null}},{"type":"Feature","geometry":{"type":"Point","coordinates":[38.9308843,56.0283521]},"properties":{"name":"\"Ассени\"","cat":"natural","kind":"Природа","website":null}},{"type":"Feature","geometry":{"type":"Point","coordinates":[42.5265982,56.3320707]},"properties":{"name":"№10","cat":"natural","kind":"Природа","website":null}},{"type":"Feature","geometry":{"type":"Point","coordinates":[41.3932552,55.2228667]},"properties":{"name":"Южный путь 1","cat":"natural","kind":"Природа","website":null}},{"type":"Feature","geometry":{"type":"Point","coordinates":[41.3912734,55.2227182]},"properties":{"name":"Южный путь 2","cat":"natural","kind":"Природа","website":null}},{"type":"Feature","geometry":{"type":"Point","coordinates":[40.3871281,55.6666204]},"properties":{"name":"Питомник зубров НП Мещёра","cat":"natural","kind":"Природа","website":null}},{"type":"Feature","geometry":{"type":"Point","coordinates":[39.445497,55.815134]},"properties":{"name":"Геокупол","cat":"natural","kind":"Природа","website":null}},{"type":"Feature","geometry":{"type":"Point","coordinates":[38.9354684,56.0289493]},"properties":{"name":"Большая","cat":"natural","kind":"Природа","website":null}},{"type":"Feature","geometry":{"type":"Point","coordinates":[41.3934398,55.225665]},"properties":{"name":"Восточный берег","cat":"natural","kind":"Природа","website":null}},{"type":"Feature","geometry":{"type":"Point","coordinates":[41.8027654,55.5331643]},"properties":{"name":"Костер","cat":"natural","kind":"Природа","website":null}},{"type":"Feature","geometry":{"type":"Point","coordinates":[42.4326652,56.2313358]},"properties":{"name":"Последняя стоянка на Лухе","cat":"natural","kind":"Природа","website":null}},{"type":"Feature","geometry":{"type":"Point","coordinates":[41.3901863,55.2279584]},"properties":{"name":"Северный склон","cat":"natural","kind":"Природа","website":null}},{"type":"Feature","geometry":{"type":"Point","coordinates":[41.3866606,55.2262384]},"properties":{"name":"Закатный берег","cat":"natural","kind":"Природа","website":null}},{"type":"Feature","geometry":{"type":"Point","coordinates":[42.0219587,55.5779821]},"properties":{"name":"Парк им. 50-летия Советской власти","cat":"natural","kind":"Природа","website":null}},{"type":"Feature","geometry":{"type":"Point","coordinates":[38.6994969,56.4092067]},"properties":{"name":"Дичковское озеро","cat":"natural","kind":"Природа","website":null}},{"type":"Feature","geometry":{"type":"Point","coordinates":[39.0774843,55.8657669]},"properties":{"name":"Парк культуры и отдыха","cat":"natural","kind":"Природа","website":null}},{"type":"Feature","geometry":{"type":"Point","coordinates":[38.8800097,56.1642072]},"properties":{"name":"Парк имени 36-й гвардейской дивизии","cat":"natural","kind":"Природа","website":null}},{"type":"Feature","geometry":{"type":"Point","coordinates":[40.4494118,56.4295134]},"properties":{"name":"Парк 950-летия города Суздаля","cat":"natural","kind":"Природа","website":null}},{"type":"Feature","geometry":{"type":"Point","coordinates":[41.3638153,55.2021947]},"properties":{"name":"озеро Василье","cat":"natural","kind":"Природа","website":null}},{"type":"Feature","geometry":{"type":"Point","coordinates":[41.3690939,55.2068641]},"properties":{"name":"озеро Наше","cat":"natural","kind":"Природа","website":null}},{"type":"Feature","geometry":{"type":"Point","coordinates":[38.7053313,56.3976438]},"properties":{"name":"Комсомольская площадь","cat":"natural","kind":"Природа","website":null}},{"type":"Feature","geometry":{"type":"Point","coordinates":[40.4299874,56.145032]},"properties":{"name":"Курсантский сквер","cat":"natural","kind":"Природа","website":null}},{"type":"Feature","geometry":{"type":"Point","coordinates":[42.1506521,56.2480362]},"properties":{"name":"Детский парк","cat":"natural","kind":"Природа","website":null}},{"type":"Feature","geometry":{"type":"Point","coordinates":[40.4244358,56.0926566]},"properties":{"name":"Сковородино","cat":"natural","kind":"Природа","website":null}},{"type":"Feature","geometry":{"type":"Point","coordinates":[40.4280428,56.0847316]},"properties":{"name":"Бедины","cat":"natural","kind":"Природа","website":null}},{"type":"Feature","geometry":{"type":"Point","coordinates":[41.3260284,56.358637]},"properties":{"name":"Парк культуры им. В.А. Дегтярёва","cat":"natural","kind":"Природа","website":null}},{"type":"Feature","geometry":{"type":"Point","coordinates":[40.3969349,56.128018]},"properties":{"name":"Никитский бульвар","cat":"natural","kind":"Природа","website":null}},{"type":"Feature","geometry":{"type":"Point","coordinates":[41.2869468,56.3523563]},"properties":{"name":"Малеева Кангина","cat":"natural","kind":"Природа","website":null}},{"type":"Feature","geometry":{"type":"Point","coordinates":[40.4707001,56.1679649]},"properties":{"name":"Добросельский парк","cat":"natural","kind":"Природа","website":null}},{"type":"Feature","geometry":{"type":"Point","coordinates":[42.0332729,55.5754778]},"properties":{"name":"площадь Труда","cat":"natural","kind":"Природа","website":null}},{"type":"Feature","geometry":{"type":"Point","coordinates":[42.0563472,55.569088]},"properties":{"name":"Молодёжный","cat":"natural","kind":"Природа","website":null}},{"type":"Feature","geometry":{"type":"Point","coordinates":[42.0595646,55.5793826]},"properties":{"name":"Парк культуры и отдыха (Окский парк)","cat":"natural","kind":"Природа","website":null}},{"type":"Feature","geometry":{"type":"Point","coordinates":[41.3195083,56.3779181]},"properties":{"name":"Сенная площадь","cat":"natural","kind":"Природа","website":null}},{"type":"Feature","geometry":{"type":"Point","coordinates":[38.7023246,56.3951396]},"properties":{"name":"Emmanuel Pentecostal","cat":"natural","kind":"Природа","website":null}},{"type":"Feature","geometry":{"type":"Point","coordinates":[38.6999828,56.3083971]},"properties":{"name":"площадь Лермонтова","cat":"natural","kind":"Природа","website":null}},{"type":"Feature","geometry":{"type":"Point","coordinates":[40.6357336,56.1405128]},"properties":{"name":"Заводь Лопата","cat":"natural","kind":"Природа","website":null}},{"type":"Feature","geometry":{"type":"Point","coordinates":[38.6995656,56.3145]},"properties":{"name":"Городской парк","cat":"natural","kind":"Природа","website":null}},{"type":"Feature","geometry":{"type":"Point","coordinates":[39.6644159,56.5084452]},"properties":{"name":"Парк Победы (Козий)","cat":"natural","kind":"Природа","website":null}},{"type":"Feature","geometry":{"type":"Point","coordinates":[40.9244325,56.3546537]},"properties":{"name":"Школьный сад","cat":"natural","kind":"Природа","website":null}},{"type":"Feature","geometry":{"type":"Point","coordinates":[40.9766786,56.0809493]},"properties":{"name":"Болото Камышовое","cat":"natural","kind":"Природа","website":null}},{"type":"Feature","geometry":{"type":"Point","coordinates":[40.9565143,56.1801792]},"properties":{"name":"Болото Мошное","cat":"natural","kind":"Природа","website":null}},{"type":"Feature","geometry":{"type":"Point","coordinates":[40.9666359,56.0801621]},"properties":{"name":"болото Соковино","cat":"natural","kind":"Природа","website":null}},{"type":"Feature","geometry":{"type":"Point","coordinates":[40.917841,56.076959]},"properties":{"name":"Болото Клюквенное","cat":"natural","kind":"Природа","website":null}},{"type":"Feature","geometry":{"type":"Point","coordinates":[40.9338207,56.0798772]},"properties":{"name":"Болото Огуречное","cat":"natural","kind":"Природа","website":null}},{"type":"Feature","geometry":{"type":"Point","coordinates":[40.9224881,56.0484642]},"properties":{"name":"Болото Светлое","cat":"natural","kind":"Природа","website":null}},{"type":"Feature","geometry":{"type":"Point","coordinates":[41.7680895,55.860693]},"properties":{"name":"Красногорочка","cat":"natural","kind":"Природа","website":null}},{"type":"Feature","geometry":{"type":"Point","coordinates":[41.7605521,55.8640807]},"properties":{"name":"Надречный парк","cat":"natural","kind":"Природа","website":null}},{"type":"Feature","geometry":{"type":"Point","coordinates":[42.3597317,56.337748]},"properties":{"name":"Клязьминско-Лухский заказник","cat":"natural","kind":"Природа","website":"https://edoopt.ru/"}},{"type":"Feature","geometry":{"type":"Point","coordinates":[40.8647919,55.952397]},"properties":{"name":"Поляна сказок","cat":"natural","kind":"Природа","website":null}},{"type":"Feature","geometry":{"type":"Point","coordinates":[39.5013033,56.6832586]},"properties":{"name":"Ольгина Мыза","cat":"natural","kind":"Природа","website":null}},{"type":"Feature","geometry":{"type":"Point","coordinates":[42.0614204,55.5491928]},"properties":{"name":"парк 30 лет Победы","cat":"natural","kind":"Природа","website":null}},{"type":"Feature","geometry":{"type":"Point","coordinates":[42.0389232,56.3547421]},"properties":{"name":"( Андреевские владения )","cat":"natural","kind":"Природа","website":null}},{"type":"Feature","geometry":{"type":"Point","coordinates":[41.6352349,55.3381925]},"properties":{"name":"Парк отдыха","cat":"natural","kind":"Природа","website":null}},{"type":"Feature","geometry":{"type":"Point","coordinates":[41.6106718,55.3379706]},"properties":{"name":"Школьный парк","cat":"natural","kind":"Природа","website":null}},{"type":"Feature","geometry":{"type":"Point","coordinates":[41.6083026,55.3381714]},"properties":{"name":"Школьный парк","cat":"natural","kind":"Природа","website":null}},{"type":"Feature","geometry":{"type":"Point","coordinates":[41.607274,55.3453282]},"properties":{"name":"Приклонский парк","cat":"natural","kind":"Природа","website":null}},{"type":"Feature","geometry":{"type":"Point","coordinates":[40.9951545,56.079503]},"properties":{"name":"Болото Патрина Продуха","cat":"natural","kind":"Природа","website":null}},{"type":"Feature","geometry":{"type":"Point","coordinates":[40.0694963,55.0697332]},"properties":{"name":"Национальный парк «Мещёрский»","cat":"natural","kind":"Природа","website":null}},{"type":"Feature","geometry":{"type":"Point","coordinates":[41.5969312,55.9282723]},"properties":{"name":"Заказник \"Колпь\"","cat":"natural","kind":"Природа","website":null}},{"type":"Feature","geometry":{"type":"Point","coordinates":[42.6900422,56.2026581]},"properties":{"name":"Детский парк","cat":"natural","kind":"Природа","website":null}},{"type":"Feature","geometry":{"type":"Point","coordinates":[42.0526318,55.5784859]},"properties":{"name":"Сквер Ермакова","cat":"natural","kind":"Природа","website":null}},{"type":"Feature","geometry":{"type":"Point","coordinates":[42.0474536,55.5783566]},"properties":{"name":"Вознесенская площадь","cat":"natural","kind":"Природа","website":null}},{"type":"Feature","geometry":{"type":"Point","coordinates":[40.4275613,56.1358911]},"properties":{"name":"Андриановский сквер","cat":"natural","kind":"Природа","website":null}},{"type":"Feature","geometry":{"type":"Point","coordinates":[41.5605189,55.3895733]},"properties":{"name":"Государственный природный зоологический (мирмекологический) заказник регионального значения \"Меленковский\"","cat":"natural","kind":"Природа","website":null}},{"type":"Feature","geometry":{"type":"Point","coordinates":[41.1594858,55.9638967]},"properties":{"name":"Государственный природный зоологический (мирмекологический) заказник регионального значения \"Андреевский\"","cat":"natural","kind":"Природа","website":null}},{"type":"Feature","geometry":{"type":"Point","coordinates":[39.7501874,55.9367181]},"properties":{"name":"Заказник \"Болдинский\"","cat":"natural","kind":"Природа","website":null}},{"type":"Feature","geometry":{"type":"Point","coordinates":[40.5741298,55.5864157]},"properties":{"name":"Заказник \"Гусевской\" (мирмекологический)","cat":"natural","kind":"Природа","website":null}},{"type":"Feature","geometry":{"type":"Point","coordinates":[41.5768978,55.8548612]},"properties":{"name":"Государственный природный зоологический (мирмекологический) заказник регионального значения \"Селивановский\"","cat":"natural","kind":"Природа","website":null}},{"type":"Feature","geometry":{"type":"Point","coordinates":[40.3453361,56.1010659]},"properties":{"name":"Государственный памятник природы «Родник Казанский»","cat":"natural","kind":"Природа","website":null}},{"type":"Feature","geometry":{"type":"Point","coordinates":[40.3859132,56.1356608]},"properties":{"name":"Государственный памятник природы «Родник» на ул. Мира","cat":"natural","kind":"Природа","website":null}},{"type":"Feature","geometry":{"type":"Point","coordinates":[40.5245753,56.1169055]},"properties":{"name":"Государственный памятник природы \"Родник Никольский\"","cat":"natural","kind":"Природа","website":null}},{"type":"Feature","geometry":{"type":"Point","coordinates":[42.6197432,56.2521182]},"properties":{"name":"Памятник природы \"Гороховецкие болота\"","cat":"natural","kind":"Природа","website":null}},{"type":"Feature","geometry":{"type":"Point","coordinates":[40.9129786,56.1692345]},"properties":{"name":"Болото Краснораменское","cat":"natural","kind":"Природа","website":null}},{"type":"Feature","geometry":{"type":"Point","coordinates":[40.9526646,56.1708831]},"properties":{"name":"Болото Баснёво","cat":"natural","kind":"Природа","website":null}},{"type":"Feature","geometry":{"type":"Point","coordinates":[40.9187508,56.0850158]},"properties":{"name":"Болото Клещи","cat":"natural","kind":"Природа","website":null}},{"type":"Feature","geometry":{"type":"Point","coordinates":[40.9228492,56.0827291]},"properties":{"name":"Болото Круглое","cat":"natural","kind":"Природа","website":null}},{"type":"Feature","geometry":{"type":"Point","coordinates":[40.8941013,56.0929648]},"properties":{"name":"Памятник природы регионального значения \"Заболоченный массив\"Осиновые луга","cat":"natural","kind":"Природа","website":null}},{"type":"Feature","geometry":{"type":"Point","coordinates":[42.0575002,55.5781465]},"properties":{"name":"площадь Революции","cat":"natural","kind":"Природа","website":null}},{"type":"Feature","geometry":{"type":"Point","coordinates":[41.3155794,56.3623082]},"properties":{"name":"Сквер оружейников","cat":"natural","kind":"Природа","website":null}},{"type":"Feature","geometry":{"type":"Point","coordinates":[41.3080303,56.3547393]},"properties":{"name":"Сквер","cat":"natural","kind":"Природа","website":null}},{"type":"Feature","geometry":{"type":"Point","coordinates":[39.6661022,56.0425506]},"properties":{"name":"беседка","cat":"natural","kind":"Природа","website":null}},{"type":"Feature","geometry":{"type":"Point","coordinates":[39.3758472,56.308488]},"properties":{"name":"Парк В. И. Ленина","cat":"natural","kind":"Природа","website":null}},{"type":"Feature","geometry":{"type":"Point","coordinates":[39.38403,56.300449]},"properties":{"name":"Парк Культуры","cat":"natural","kind":"Природа","website":null}},{"type":"Feature","geometry":{"type":"Point","coordinates":[39.3773173,56.3053845]},"properties":{"name":"Комсомольский сквер","cat":"natural","kind":"Природа","website":null}},{"type":"Feature","geometry":{"type":"Point","coordinates":[39.3792502,56.2990033]},"properties":{"name":"Центральный парк","cat":"natural","kind":"Природа","website":null}},{"type":"Feature","geometry":{"type":"Point","coordinates":[38.860708,56.1626812]},"properties":{"name":"Александровский парк","cat":"natural","kind":"Природа","website":null}},{"type":"Feature","geometry":{"type":"Point","coordinates":[38.8485199,56.1805667]},"properties":{"name":"Музейно-парковая зона отдыха \"Вшивая Горка\"","cat":"natural","kind":"Природа","website":null}},{"type":"Feature","geometry":{"type":"Point","coordinates":[40.6999068,55.6259375]},"properties":{"name":"Сказка","cat":"natural","kind":"Природа","website":null}},{"type":"Feature","geometry":{"type":"Point","coordinates":[41.1228853,55.3407455]},"properties":{"name":"Гора Армянка","cat":"natural","kind":"Природа","website":null}},{"type":"Feature","geometry":{"type":"Point","coordinates":[41.105666,55.3096247]},"properties":{"name":"Родник","cat":"natural","kind":"Природа","website":null}},{"type":"Feature","geometry":{"type":"Point","coordinates":[39.348557,56.3120417]},"properties":{"name":"Массовка","cat":"natural","kind":"Природа","website":null}},{"type":"Feature","geometry":{"type":"Point","coordinates":[42.6800832,56.2031063]},"properties":{"name":"Городской парк","cat":"natural","kind":"Природа","website":null}},{"type":"Feature","geometry":{"type":"Point","coordinates":[38.8736428,56.1419102]},"properties":{"name":"Сквер им. В. И. Ленина","cat":"natural","kind":"Природа","website":null}},{"type":"Feature","geometry":{"type":"Point","coordinates":[39.6176159,55.9284219]},"properties":{"name":"Парк городского дома культуры","cat":"natural","kind":"Природа","website":null}},{"type":"Feature","geometry":{"type":"Point","coordinates":[41.5826024,56.494955]},"properties":{"name":"Клязьминский заказник","cat":"natural","kind":"Природа","website":"http://росприроднадзор-иваново.рф/klyazm.html"}},{"type":"Feature","geometry":{"type":"Point","coordinates":[40.484661,56.1411509]},"properties":{"name":"Рахмановская старица","cat":"natural","kind":"Природа","website":null}},{"type":"Feature","geometry":{"type":"Point","coordinates":[41.0611722,56.0123545]},"properties":{"name":"Дюкинский","cat":"natural","kind":"Природа","website":null}},{"type":"Feature","geometry":{"type":"Point","coordinates":[41.3902487,55.2253201]},"properties":{"name":"озеро Широха","cat":"natural","kind":"Природа","website":null}},{"type":"Feature","geometry":{"type":"Point","coordinates":[40.3971341,56.1296544]},"properties":{"name":"Первомайский сквер","cat":"natural","kind":"Природа","website":null}},{"type":"Feature","geometry":{"type":"Point","coordinates":[40.0040228,55.9567772]},"properties":{"name":"озеро Суехра","cat":"natural","kind":"Природа","website":null}},{"type":"Feature","geometry":{"type":"Point","coordinates":[40.7160526,56.1551761]},"properties":{"name":"Давыдовский заказник","cat":"natural","kind":"Природа","website":null}},{"type":"Feature","geometry":{"type":"Point","coordinates":[40.4381205,56.0985209]},"properties":{"name":"Загородный парк","cat":"natural","kind":"Природа","website":null}},{"type":"Feature","geometry":{"type":"Point","coordinates":[40.4119345,56.1423105]},"properties":{"name":"Центральный парк культуры и отдыха","cat":"natural","kind":"Природа","website":null}},{"type":"Feature","geometry":{"type":"Point","coordinates":[40.3068872,56.1027912]},"properties":{"name":"Памятник природы \"Лесной парк Дружба\"","cat":"natural","kind":"Природа","website":"https://edoopt.ru/"}},{"type":"Feature","geometry":{"type":"Point","coordinates":[40.3631898,56.1224788]},"properties":{"name":"Сквер на Чайковского","cat":"natural","kind":"Природа","website":null}},{"type":"Feature","geometry":{"type":"Point","coordinates":[40.4013997,56.1294947]},"properties":{"name":"Комсомольский сквер","cat":"natural","kind":"Природа","website":null}},{"type":"Feature","geometry":{"type":"Point","coordinates":[40.40988,56.1291813]},"properties":{"name":"Парк Липки","cat":"natural","kind":"Природа","website":null}},{"type":"Feature","geometry":{"type":"Point","coordinates":[40.4083373,56.1270586]},"properties":{"name":"парк имени Пушкина","cat":"natural","kind":"Природа","website":null}},{"type":"Feature","geometry":{"type":"Point","coordinates":[40.3718469,56.1387588]},"properties":{"name":"Козий парк (парк молодожёнов)","cat":"natural","kind":"Природа","website":null}},{"type":"Feature","geometry":{"type":"Point","coordinates":[40.4309971,56.1367268]},"properties":{"name":"Молодёжный сквер","cat":"natural","kind":"Природа","website":null}},{"type":"Feature","geometry":{"type":"Point","coordinates":[42.3950897,55.9225893]},"properties":{"name":"Муромский заказник","cat":"natural","kind":"Природа","website":null}},{"type":"Feature","geometry":{"type":"Point","coordinates":[38.7853274,56.2465203]},"properties":{"name":"Местный парк","cat":"natural","kind":"Природа","website":null}},{"type":"Feature","geometry":{"type":"Point","coordinates":[41.6341656,55.3381925]},"properties":{"name":"Парк отдыха","cat":"natural","kind":"Природа","website":null}},{"type":"Feature","geometry":{"type":"Point","coordinates":[40.4374916,56.4192499]},"properties":{"name":"Государственный заказник \"Ильинский луг\"","cat":"natural","kind":"Природа","website":null}},{"type":"Feature","geometry":{"type":"Point","coordinates":[39.361277,56.1952003]},"properties":{"name":"Заказник «Кольчугинский»","cat":"natural","kind":"Природа","website":null}},{"type":"Feature","geometry":{"type":"Point","coordinates":[41.7601023,55.4175149]},"properties":{"name":"Заказник \"Меленковский\"","cat":"natural","kind":"Природа","website":null}},{"type":"Feature","geometry":{"type":"Point","coordinates":[40.399473,56.1258555]},"properties":{"name":"Памятник природы \"Дубы черешчатые\"","cat":"natural","kind":"Природа","website":null}},{"type":"Feature","geometry":{"type":"Point","coordinates":[40.7104839,56.5669885]},"properties":{"name":"Памятник природы \"Дюковские болота\"","cat":"natural","kind":"Природа","website":null}},{"type":"Feature","geometry":{"type":"Point","coordinates":[40.877899,55.8619047]},"properties":{"name":"Памятник природы \"Судогодский заболоченный массив\"","cat":"natural","kind":"Природа","website":null}},{"type":"Feature","geometry":{"type":"Point","coordinates":[40.6747455,55.6570559]},"properties":{"name":"Заказник \"Гусевской\"","cat":"natural","kind":"Природа","website":null}},{"type":"Feature","geometry":{"type":"Point","coordinates":[41.9367272,55.3147925]},"properties":{"name":"Заказник \"Окский береговой\"","cat":"natural","kind":"Природа","website":null}},{"type":"Feature","geometry":{"type":"Point","coordinates":[38.8782341,56.328147]},"properties":{"name":"Памятник природы \"Хвойный бор\"","cat":"natural","kind":"Природа","website":null}},{"type":"Feature","geometry":{"type":"Point","coordinates":[38.5592732,56.3696488]},"properties":{"name":"Памятник природы \"Урочище Дубки\"","cat":"natural","kind":"Природа","website":null}},{"type":"Feature","geometry":{"type":"Point","coordinates":[41.146963,55.9233716]},"properties":{"name":"Памятник природы регионального значения \"Искусственные посадки К.Ф. Тюрмера\"","cat":"natural","kind":"Природа","website":null}},{"type":"Feature","geometry":{"type":"Point","coordinates":[39.9428115,56.1664135]},"properties":{"name":"Заказник Лесной массив \"Оболенский лес\"","cat":"natural","kind":"Природа","website":null}},{"type":"Feature","geometry":{"type":"Point","coordinates":[40.1433325,56.3865859]},"properties":{"name":"Заказник \"Суздальская вода\"","cat":"natural","kind":"Природа","website":null}},{"type":"Feature","geometry":{"type":"Point","coordinates":[40.1694014,56.3913692]},"properties":{"name":"Заказник \"Чистая вода\"","cat":"natural","kind":"Природа","website":null}},{"type":"Feature","geometry":{"type":"Point","coordinates":[41.3074237,56.3729934]},"properties":{"name":"Парк Экскаваторостроителей","cat":"natural","kind":"Природа","website":null}},{"type":"Feature","geometry":{"type":"Point","coordinates":[41.3029539,56.3756306]},"properties":{"name":"Парк Пушкина","cat":"natural","kind":"Природа","website":null}},{"type":"Feature","geometry":{"type":"Point","coordinates":[40.0389714,56.0008445]},"properties":{"name":"Памятник природы «Дубовая роща»","cat":"natural","kind":"Природа","website":null}},{"type":"Feature","geometry":{"type":"Point","coordinates":[40.6782402,55.628837]},"properties":{"name":"Баринова роща","cat":"natural","kind":"Природа","website":null}},{"type":"Feature","geometry":{"type":"Point","coordinates":[39.7668769,56.1852703]},"properties":{"name":"Усадьба \"Черкутино\"","cat":"natural","kind":"Природа","website":null}},{"type":"Feature","geometry":{"type":"Point","coordinates":[40.335549,56.1088541]},"properties":{"name":"Городской парк культуры и отдыха \"Дружба\"","cat":"natural","kind":"Природа","website":"https://park-druzhba.ru/"}},{"type":"Feature","geometry":{"type":"Point","coordinates":[40.9085195,56.1807615]},"properties":{"name":"Пенкинский заказник","cat":"natural","kind":"Природа","website":null}},{"type":"Feature","geometry":{"type":"Point","coordinates":[42.0340418,55.5713773]},"properties":{"name":"парк имени Гагарина","cat":"natural","kind":"Природа","website":null}},{"type":"Feature","geometry":{"type":"Point","coordinates":[40.1913727,55.9407015]},"properties":{"name":"Озеро Исихра","cat":"natural","kind":"Природа","website":null}},{"type":"Feature","geometry":{"type":"Point","coordinates":[40.6801301,55.6216938]},"properties":{"name":"Бульвар городов-побратимов","cat":"natural","kind":"Природа","website":null}},{"type":"Feature","geometry":{"type":"Point","coordinates":[38.3854998,56.4820541]},"properties":{"name":"Барская усадьба","cat":"natural","kind":"Природа","website":null}},{"type":"Feature","geometry":{"type":"Point","coordinates":[40.3931479,56.1354112]},"properties":{"name":"Военно-патриотический сквер","cat":"natural","kind":"Природа","website":null}},{"type":"Feature","geometry":{"type":"Point","coordinates":[40.3887269,56.1385083]},"properties":{"name":"Сквер имени 75-и летия Владимирской области","cat":"natural","kind":"Природа","website":null}},{"type":"Feature","geometry":{"type":"Point","coordinates":[40.3867114,56.2248881]},"properties":{"name":"Урочище \"Стрелка\"","cat":"natural","kind":"Природа","website":"http://www.oopt.aari.ru/oopt/%D0%9B%D0%B5%D1%81%D0%BD%D1%8B%D0%B5-%D0%BA%D1%83%D0%BB%D1%8C%D1%82%D1%83%D1%80%D1%8B-%D0%A3%D1%80%D0%BE%D1%87%D0%B8%D1%89%D0%B5-%C2%AB%D0%A1%D1%82%D1%80%D0%B5%D0%BB%D0%BA%D0%B0%C2%BB"}},{"type":"Feature","geometry":{"type":"Point","coordinates":[40.6711829,55.6104444]},"properties":{"name":"Хрустальный рынок","cat":"souvenir","kind":"Сувениры","website":null}},{"type":"Feature","geometry":{"type":"Point","coordinates":[40.0273895,56.1291542]},"properties":{"name":"тц Максим","cat":"souvenir","kind":"Сувениры","website":null}},{"type":"Feature","geometry":{"type":"Point","coordinates":[39.6814185,56.5001845]},"properties":{"name":"Подарки/, сувениры","cat":"souvenir","kind":"Сувениры","website":null}},{"type":"Feature","geometry":{"type":"Point","coordinates":[40.4022058,56.1277429]},"properties":{"name":"Русский сувенир","cat":"souvenir","kind":"Сувениры","website":null}},{"type":"Feature","geometry":{"type":"Point","coordinates":[40.39865,56.1272677]},"properties":{"name":"Сувениры","cat":"souvenir","kind":"Сувениры","website":null}},{"type":"Feature","geometry":{"type":"Point","coordinates":[40.4046071,56.1281936]},"properties":{"name":"Фэн-шуй подарки","cat":"souvenir","kind":"Сувениры","website":null}},{"type":"Feature","geometry":{"type":"Point","coordinates":[40.4699403,56.1603534]},"properties":{"name":"Презент","cat":"souvenir","kind":"Сувениры","website":null}},{"type":"Feature","geometry":{"type":"Point","coordinates":[40.4643056,56.1669674]},"properties":{"name":"Золотая рыбка","cat":"souvenir","kind":"Сувениры","website":null}},{"type":"Feature","geometry":{"type":"Point","coordinates":[40.4777388,56.1692514]},"properties":{"name":"Handmade with love","cat":"souvenir","kind":"Сувениры","website":null}},{"type":"Feature","geometry":{"type":"Point","coordinates":[40.479047,56.1701759]},"properties":{"name":"Магазин сувениров и подарков","cat":"souvenir","kind":"Сувениры","website":null}},{"type":"Feature","geometry":{"type":"Point","coordinates":[40.4195919,56.132671]},"properties":{"name":"Русский сувенир","cat":"souvenir","kind":"Сувениры","website":null}},{"type":"Feature","geometry":{"type":"Point","coordinates":[40.440777,56.4316155]},"properties":{"name":"Сувениры","cat":"souvenir","kind":"Сувениры","website":null}},{"type":"Feature","geometry":{"type":"Point","coordinates":[40.4436542,56.43075]},"properties":{"name":"Русский сувенир","cat":"souvenir","kind":"Сувениры","website":null}},{"type":"Feature","geometry":{"type":"Point","coordinates":[40.4409992,56.4323873]},"properties":{"name":"Лоскутное шитьё Суздаля","cat":"souvenir","kind":"Сувениры","website":null}},{"type":"Feature","geometry":{"type":"Point","coordinates":[40.4353503,56.1088218]},"properties":{"name":"Подарки для дома","cat":"souvenir","kind":"Сувениры","website":null}},{"type":"Feature","geometry":{"type":"Point","coordinates":[40.4184194,56.1441886]},"properties":{"name":"Цветы","cat":"souvenir","kind":"Сувениры","website":null}},{"type":"Feature","geometry":{"type":"Point","coordinates":[40.3661795,56.1182123]},"properties":{"name":"Берегиня","cat":"souvenir","kind":"Сувениры","website":null}},{"type":"Feature","geometry":{"type":"Point","coordinates":[40.4037947,56.1294747]},"properties":{"name":"Бусинка","cat":"souvenir","kind":"Сувениры","website":null}},{"type":"Feature","geometry":{"type":"Point","coordinates":[40.3959704,56.126385]},"properties":{"name":"Владимирский шик","cat":"souvenir","kind":"Сувениры","website":null}},{"type":"Feature","geometry":{"type":"Point","coordinates":[40.3613034,56.1249847]},"properties":{"name":"Магический кристалл","cat":"souvenir","kind":"Сувениры","website":null}},{"type":"Feature","geometry":{"type":"Point","coordinates":[40.343857,56.1120978]},"properties":{"name":"Полезные подарки","cat":"souvenir","kind":"Сувениры","website":null}},{"type":"Feature","geometry":{"type":"Point","coordinates":[40.401289,56.1280526]},"properties":{"name":"Сундук со сказками","cat":"souvenir","kind":"Сувениры","website":null}},{"type":"Feature","geometry":{"type":"Point","coordinates":[40.4012522,56.1280379]},"properties":{"name":"Твоя моя","cat":"souvenir","kind":"Сувениры","website":null}},{"type":"Feature","geometry":{"type":"Point","coordinates":[39.3699485,56.2998945]},"properties":{"name":"Подарилкин","cat":"souvenir","kind":"Сувениры","website":"https://p-o-d-a-r-k-i.ru/"}},{"type":"Feature","geometry":{"type":"Point","coordinates":[39.1752269,55.9190063]},"properties":{"name":"Сувениры с символикой Покрова","cat":"souvenir","kind":"Сувениры","website":null}},{"type":"Feature","geometry":{"type":"Point","coordinates":[39.1780793,55.9178538]},"properties":{"name":"Сувениры с символикой Покрова","cat":"souvenir","kind":"Сувениры","website":null}},{"type":"Feature","geometry":{"type":"Point","coordinates":[39.1536139,55.9142032]},"properties":{"name":"Магнитики с городами по трассе М-7","cat":"souvenir","kind":"Сувениры","website":null}},{"type":"Feature","geometry":{"type":"Point","coordinates":[40.6976182,55.6347382]},"properties":{"name":"Коробейники","cat":"souvenir","kind":"Сувениры","website":null}},{"type":"Feature","geometry":{"type":"Point","coordinates":[42.0562421,55.5511195]},"properties":{"name":"Магазин сувениров","cat":"souvenir","kind":"Сувениры","website":null}},{"type":"Feature","geometry":{"type":"Point","coordinates":[39.0646239,55.8994152]},"properties":{"name":"Сувениры","cat":"souvenir","kind":"Сувениры","website":null}},{"type":"Feature","geometry":{"type":"Point","coordinates":[40.4482487,56.4191192]},"properties":{"name":"Дымов керамика","cat":"souvenir","kind":"Сувениры","website":null}},{"type":"Feature","geometry":{"type":"Point","coordinates":[38.8814775,56.1126655]},"properties":{"name":"Посуда-Подарки","cat":"souvenir","kind":"Сувениры","website":"https://posyda-podarku33056.ru"}},{"type":"Feature","geometry":{"type":"Point","coordinates":[42.0192812,55.5656816]},"properties":{"name":"Магазин сувениров и подарков","cat":"souvenir","kind":"Сувениры","website":null}},{"type":"Feature","geometry":{"type":"Point","coordinates":[42.0429525,55.5786184]},"properties":{"name":"Ремесленная лавка Подаркофф","cat":"souvenir","kind":"Сувениры","website":null}},{"type":"Feature","geometry":{"type":"Point","coordinates":[42.0467746,55.5783159]},"properties":{"name":"Восточная Лавка","cat":"souvenir","kind":"Сувениры","website":null}},{"type":"Feature","geometry":{"type":"Point","coordinates":[42.0461894,55.5775843]},"properties":{"name":"Клубника","cat":"souvenir","kind":"Сувениры","website":null}},{"type":"Feature","geometry":{"type":"Point","coordinates":[38.8739178,56.1631772]},"properties":{"name":"MМААКК & showroom GaRDeRoB","cat":"souvenir","kind":"Сувениры","website":"https://vk.com/mmaakk_garderob"}},{"type":"Feature","geometry":{"type":"Point","coordinates":[42.0492965,55.578632]},"properties":{"name":"Магазин сувениров","cat":"souvenir","kind":"Сувениры","website":null}},{"type":"Feature","geometry":{"type":"Point","coordinates":[39.1671728,55.919146]},"properties":{"name":"Megaprint33","cat":"souvenir","kind":"Сувениры","website":"vk.com/megaprint_33"}},{"type":"Feature","geometry":{"type":"Point","coordinates":[42.0511834,55.5775915]},"properties":{"name":"Белый Кролик","cat":"souvenir","kind":"Сувениры","website":null}},{"type":"Feature","geometry":{"type":"Point","coordinates":[40.4459618,56.417078]},"properties":{"name":"Центр народного творчества","cat":"souvenir","kind":"Сувениры","website":null}},{"type":"Feature","geometry":{"type":"Point","coordinates":[38.8489563,56.1493387]},"properties":{"name":"Хобби маркет","cat":"souvenir","kind":"Сувениры","website":null}},{"type":"Feature","geometry":{"type":"Point","coordinates":[40.4482549,56.4191701]},"properties":{"name":"Гусевский хрусталь","cat":"souvenir","kind":"Сувениры","website":null}},{"type":"Feature","geometry":{"type":"Point","coordinates":[38.8741437,56.1622146]},"properties":{"name":"Котомка - Сувенир","cat":"souvenir","kind":"Сувениры","website":null}},{"type":"Feature","geometry":{"type":"Point","coordinates":[38.8525499,56.1533381]},"properties":{"name":"Котомка - Киржачские сувениры","cat":"souvenir","kind":"Сувениры","website":null}},{"type":"Feature","geometry":{"type":"Point","coordinates":[38.7151685,56.3937242]},"properties":{"name":"Фантазия","cat":"souvenir","kind":"Сувениры","website":null}},{"type":"Feature","geometry":{"type":"Point","coordinates":[40.4012289,56.1275617]},"properties":{"name":"Дом купца Белова","cat":"souvenir","kind":"Сувениры","website":"https://dom-kuptsa-belova.clients.site/"}},{"type":"Feature","geometry":{"type":"Point","coordinates":[40.4382385,56.4124911]},"properties":{"name":"Сувенирная лавка","cat":"souvenir","kind":"Сувениры","website":null}},{"type":"Feature","geometry":{"type":"Point","coordinates":[38.7422694,56.399559]},"properties":{"name":"Любава","cat":"souvenir","kind":"Сувениры","website":null}},{"type":"Feature","geometry":{"type":"Point","coordinates":[40.5260844,56.4239185]},"properties":{"name":"Сувениры","cat":"souvenir","kind":"Сувениры","website":null}},{"type":"Feature","geometry":{"type":"Point","coordinates":[42.6824477,56.2051472]},"properties":{"name":"1000 и 1 мелочь","cat":"souvenir","kind":"Сувениры","website":null}},{"type":"Feature","geometry":{"type":"Point","coordinates":[38.7418121,56.3993723]},"properties":{"name":"Сувениры","cat":"souvenir","kind":"Сувениры","website":null}},{"type":"Feature","geometry":{"type":"Point","coordinates":[42.0171005,55.5645212]},"properties":{"name":"Гастелло Н.Ф. (герой Советского Союза)","cat":"touristic","kind":"Достопримечательность","website":null}},{"type":"Feature","geometry":{"type":"Point","coordinates":[39.6785344,56.4992358]},"properties":{"name":"В. И. Ленину","cat":"touristic","kind":"Достопримечательность","website":null}},{"type":"Feature","geometry":{"type":"Point","coordinates":[39.5532688,56.6853579]},"properties":{"name":"Могила П.И. Багратиона","cat":"touristic","kind":"Достопримечательность","website":null}},{"type":"Feature","geometry":{"type":"Point","coordinates":[42.1403284,56.2462849]},"properties":{"name":"Аллея Боевой Славы","cat":"touristic","kind":"Достопримечательность","website":null}},{"type":"Feature","geometry":{"type":"Point","coordinates":[42.6087765,56.3991245]},"properties":{"name":"Звёздочка","cat":"touristic","kind":"Достопримечательность","website":null}},{"type":"Feature","geometry":{"type":"Point","coordinates":[39.0272217,56.0464919]},"properties":{"name":"Мемориал Гагарина и Серёгина","cat":"touristic","kind":"Достопримечательность","website":null}},{"type":"Feature","geometry":{"type":"Point","coordinates":[38.8568262,56.0734191]},"properties":{"name":"Жителям, погибшим в ВОВ","cat":"touristic","kind":"Достопримечательность","website":null}},{"type":"Feature","geometry":{"type":"Point","coordinates":[40.407963,56.1257608]},"properties":{"name":"Князю Владимиру и святителю Фёдору","cat":"touristic","kind":"Достопримечательность","website":null}},{"type":"Feature","geometry":{"type":"Point","coordinates":[42.1581526,56.2464187]},"properties":{"name":"В. И. Ленину","cat":"touristic","kind":"Достопримечательность","website":null}},{"type":"Feature","geometry":{"type":"Point","coordinates":[42.2443679,56.2355359]},"properties":{"name":"Ярополч","cat":"touristic","kind":"Достопримечательность","website":null}},{"type":"Feature","geometry":{"type":"Point","coordinates":[38.712615,56.4121766]},"properties":{"name":"памятник Ленинградцам","cat":"touristic","kind":"Достопримечательность","website":null}},{"type":"Feature","geometry":{"type":"Point","coordinates":[38.5784128,56.3721227]},"properties":{"name":"ВОВ","cat":"touristic","kind":"Достопримечательность","website":null}},{"type":"Feature","geometry":{"type":"Point","coordinates":[38.5875882,56.3693572]},"properties":{"name":"В. И. Ленину","cat":"touristic","kind":"Достопримечательность","website":null}},{"type":"Feature","geometry":{"type":"Point","coordinates":[41.303932,56.3749873]},"properties":{"name":"Пушкин","cat":"touristic","kind":"Достопримечательность","website":null}},{"type":"Feature","geometry":{"type":"Point","coordinates":[41.3053389,56.3727668]},"properties":{"name":"В.А. Дегтярёв","cat":"touristic","kind":"Достопримечательность","website":null}},{"type":"Feature","geometry":{"type":"Point","coordinates":[41.3025523,56.3755809]},"properties":{"name":"А. С. Пушкину","cat":"touristic","kind":"Достопримечательность","website":null}},{"type":"Feature","geometry":{"type":"Point","coordinates":[41.310348,56.3624873]},"properties":{"name":"Вечный огонь","cat":"touristic","kind":"Достопримечательность","website":null}},{"type":"Feature","geometry":{"type":"Point","coordinates":[40.4071054,56.1284469]},"properties":{"name":"Андрей Рублев","cat":"touristic","kind":"Достопримечательность","website":null}},{"type":"Feature","geometry":{"type":"Point","coordinates":[40.4065954,56.1291631]},"properties":{"name":"В. И. Ленину","cat":"touristic","kind":"Достопримечательность","website":null}},{"type":"Feature","geometry":{"type":"Point","coordinates":[38.7052177,56.3977369]},"properties":{"name":"Вечный огонь","cat":"touristic","kind":"Достопримечательность","website":null}},{"type":"Feature","geometry":{"type":"Point","coordinates":[40.3640036,56.1200336]},"properties":{"name":"Вечный огонь","cat":"touristic","kind":"Достопримечательность","website":null}},{"type":"Feature","geometry":{"type":"Point","coordinates":[40.3889267,56.1427504]},"properties":{"name":"В. И. Ленину","cat":"touristic","kind":"Достопримечательность","website":null}},{"type":"Feature","geometry":{"type":"Point","coordinates":[42.0426864,56.2186159]},"properties":{"name":"Мемориал советским воинам","cat":"touristic","kind":"Достопримечательность","website":null}},{"type":"Feature","geometry":{"type":"Point","coordinates":[42.0404946,56.2183546]},"properties":{"name":"Л. С. Седову","cat":"touristic","kind":"Достопримечательность","website":null}},{"type":"Feature","geometry":{"type":"Point","coordinates":[40.670798,55.6143625]},"properties":{"name":"Потухший вечный огонь","cat":"touristic","kind":"Достопримечательность","website":null}},{"type":"Feature","geometry":{"type":"Point","coordinates":[40.658564,55.61963]},"properties":{"name":"Памятник Мальцову","cat":"touristic","kind":"Достопримечательность","website":null}},{"type":"Feature","geometry":{"type":"Point","coordinates":[40.6702915,55.6154296]},"properties":{"name":"Памятник Ленину","cat":"touristic","kind":"Достопримечательность","website":null}},{"type":"Feature","geometry":{"type":"Point","coordinates":[40.6663266,55.6124299]},"properties":{"name":"Белый гусь","cat":"touristic","kind":"Достопримечательность","website":null}},{"type":"Feature","geometry":{"type":"Point","coordinates":[40.666886,55.6167892]},"properties":{"name":"Мостик влюбленных","cat":"touristic","kind":"Достопримечательность","website":null}},{"type":"Feature","geometry":{"type":"Point","coordinates":[40.7021428,55.631749]},"properties":{"name":"Дорожное управление","cat":"touristic","kind":"Достопримечательность","website":null}},{"type":"Feature","geometry":{"type":"Point","coordinates":[40.6984038,55.6361943]},"properties":{"name":"Гусь-Хрустальный 1756","cat":"touristic","kind":"Достопримечательность","website":null}},{"type":"Feature","geometry":{"type":"Point","coordinates":[40.6444052,55.6173753]},"properties":{"name":"Вечный огонь","cat":"touristic","kind":"Достопримечательность","website":null}},{"type":"Feature","geometry":{"type":"Point","coordinates":[40.6438918,55.6111921]},"properties":{"name":"Ф.Э. Дзержинский","cat":"touristic","kind":"Достопримечательность","website":null}},{"type":"Feature","geometry":{"type":"Point","coordinates":[40.652944,55.6151619]},"properties":{"name":"Памятник оленям","cat":"touristic","kind":"Достопримечательность","website":null}},{"type":"Feature","geometry":{"type":"Point","coordinates":[40.6696808,55.6156919]},"properties":{"name":"Жертвам репрессий","cat":"touristic","kind":"Достопримечательность","website":null}},{"type":"Feature","geometry":{"type":"Point","coordinates":[40.6707257,55.6152055]},"properties":{"name":"Врачу Корсакову","cat":"touristic","kind":"Достопримечательность","website":null}},{"type":"Feature","geometry":{"type":"Point","coordinates":[40.6694124,55.6158131]},"properties":{"name":"Чернобыльцам","cat":"touristic","kind":"Достопримечательность","website":null}},{"type":"Feature","geometry":{"type":"Point","coordinates":[42.1059105,56.2398135]},"properties":{"name":"Обелиск космонавту","cat":"touristic","kind":"Достопримечательность","website":null}},{"type":"Feature","geometry":{"type":"Point","coordinates":[38.871434,56.1619906]},"properties":{"name":"В. И. Ленину","cat":"touristic","kind":"Достопримечательность","website":null}},{"type":"Feature","geometry":{"type":"Point","coordinates":[40.0147871,56.1339496]},"properties":{"name":"Воинам ВОВ","cat":"touristic","kind":"Достопримечательность","website":null}},{"type":"Feature","geometry":{"type":"Point","coordinates":[42.0537855,55.5795011]},"properties":{"name":"В. И. Ленину","cat":"touristic","kind":"Достопримечательность","website":null}},{"type":"Feature","geometry":{"type":"Point","coordinates":[39.4010171,55.8724406]},"properties":{"name":"Заброшенное бомбоубежище","cat":"touristic","kind":"Достопримечательность","website":null}},{"type":"Feature","geometry":{"type":"Point","coordinates":[39.6809669,56.4980526]},"properties":{"name":"850 лет г. Юрьев Польскому","cat":"touristic","kind":"Достопримечательность","website":null}},{"type":"Feature","geometry":{"type":"Point","coordinates":[40.4453836,56.4174768]},"properties":{"name":"А. А. Лебедеву","cat":"touristic","kind":"Достопримечательность","website":null}},{"type":"Feature","geometry":{"type":"Point","coordinates":[40.4482278,56.4245871]},"properties":{"name":"В. И. Ленину","cat":"touristic","kind":"Достопримечательность","website":null}},{"type":"Feature","geometry":{"type":"Point","coordinates":[40.4501421,56.4206603]},"properties":{"name":"Ликвидаторам ЧАЭС","cat":"touristic","kind":"Достопримечательность","website":null}},{"type":"Feature","geometry":{"type":"Point","coordinates":[40.4501584,56.4203392]},"properties":{"name":"Вечный огонь","cat":"touristic","kind":"Достопримечательность","website":null}},{"type":"Feature","geometry":{"type":"Point","coordinates":[40.44233,56.4318748]},"properties":{"name":"Д. М.Пожарскому","cat":"touristic","kind":"Достопримечательность","website":null}},{"type":"Feature","geometry":{"type":"Point","coordinates":[39.5493865,56.6837751]},"properties":{"name":"Погибшим в ВОВ","cat":"touristic","kind":"Достопримечательность","website":null}},{"type":"Feature","geometry":{"type":"Point","coordinates":[39.548095,56.6831959]},"properties":{"name":"Дом, где умер Багратион","cat":"touristic","kind":"Достопримечательность","website":null}},{"type":"Feature","geometry":{"type":"Point","coordinates":[42.156597,56.2463542]},"properties":{"name":"Воспитанникам Вязниковского аэроклуба","cat":"touristic","kind":"Достопримечательность","website":null}},{"type":"Feature","geometry":{"type":"Point","coordinates":[42.1573705,56.2458105]},"properties":{"name":"А. С. Пушкину","cat":"touristic","kind":"Достопримечательность","website":null}},{"type":"Feature","geometry":{"type":"Point","coordinates":[42.157893,56.2457308]},"properties":{"name":"А.М.Горький","cat":"touristic","kind":"Достопримечательность","website":null}},{"type":"Feature","geometry":{"type":"Point","coordinates":[39.6776555,56.4953713]},"properties":{"name":"Памятник воинам ВОВ (ex Ленин)","cat":"touristic","kind":"Достопримечательность","website":null}},{"type":"Feature","geometry":{"type":"Point","coordinates":[39.4817504,56.7467998]},"properties":{"name":"Руины Колягинской малой ГЭС","cat":"touristic","kind":"Достопримечательность","website":null}},{"type":"Feature","geometry":{"type":"Point","coordinates":[40.4000691,56.1390259]},"properties":{"name":"Молодой Ульянов","cat":"touristic","kind":"Достопримечательность","website":null}},{"type":"Feature","geometry":{"type":"Point","coordinates":[40.3970766,56.1296326]},"properties":{"name":"Памятник Гоголю","cat":"touristic","kind":"Достопримечательность","website":null}},{"type":"Feature","geometry":{"type":"Point","coordinates":[40.3920711,56.1310773]},"properties":{"name":"Воинам-интернационалистам","cat":"touristic","kind":"Достопримечательность","website":null}},{"type":"Feature","geometry":{"type":"Point","coordinates":[40.3629678,56.1199933]},"properties":{"name":"Стела в честь воинских частей","cat":"touristic","kind":"Достопримечательность","website":"http://vgv.avo.ru/1/1/2640/0001_15.HTM"}},{"type":"Feature","geometry":{"type":"Point","coordinates":[40.0746654,55.6778293]},"properties":{"name":"Урочище Бибиково","cat":"touristic","kind":"Достопримечательность","website":null}},{"type":"Feature","geometry":{"type":"Point","coordinates":[42.6539143,56.1924286]},"properties":{"name":"Лысая гора","cat":"touristic","kind":"Достопримечательность","website":null}},{"type":"Feature","geometry":{"type":"Point","coordinates":[41.3066902,56.2591583]},"properties":{"name":"50 лет Победы","cat":"touristic","kind":"Достопримечательность","website":null}},{"type":"Feature","geometry":{"type":"Point","coordinates":[41.5303746,56.4662624]},"properties":{"name":"Реликтовый дуб","cat":"touristic","kind":"Достопримечательность","website":null}},{"type":"Feature","geometry":{"type":"Point","coordinates":[41.5046361,56.4484637]},"properties":{"name":"В честь 850-летия Стародуба","cat":"touristic","kind":"Достопримечательность","website":null}},{"type":"Feature","geometry":{"type":"Point","coordinates":[41.9665815,55.5247181]},"properties":{"name":"В. И. Ленину","cat":"touristic","kind":"Достопримечательность","website":null}},{"type":"Feature","geometry":{"type":"Point","coordinates":[40.4117055,56.1305332]},"properties":{"name":"Александру Невскому","cat":"touristic","kind":"Достопримечательность","website":null}},{"type":"Feature","geometry":{"type":"Point","coordinates":[40.4980713,56.1766609]},"properties":{"name":"Богатырь","cat":"touristic","kind":"Достопримечательность","website":null}},{"type":"Feature","geometry":{"type":"Point","coordinates":[41.3243596,56.3833195]},"properties":{"name":"Танк ИС-2","cat":"touristic","kind":"Достопримечательность","website":null}},{"type":"Feature","geometry":{"type":"Point","coordinates":[42.0505248,55.5761278]},"properties":{"name":"Неизвестному Солдату","cat":"touristic","kind":"Достопримечательность","website":null}},{"type":"Feature","geometry":{"type":"Point","coordinates":[40.397334,56.1264897]},"properties":{"name":"Козлов вал","cat":"touristic","kind":"Достопримечательность","website":null}},{"type":"Feature","geometry":{"type":"Point","coordinates":[40.4020863,56.1277475]},"properties":{"name":"М. П. Лазареву","cat":"touristic","kind":"Достопримечательность","website":null}},{"type":"Feature","geometry":{"type":"Point","coordinates":[40.3921284,56.1295983]},"properties":{"name":"Княгине Ольге","cat":"touristic","kind":"Достопримечательность","website":null}},{"type":"Feature","geometry":{"type":"Point","coordinates":[40.3969623,56.1271156]},"properties":{"name":"П. И. Лебедеву-Полянскому","cat":"touristic","kind":"Достопримечательность","website":null}},{"type":"Feature","geometry":{"type":"Point","coordinates":[41.3062619,56.3742343]},"properties":{"name":"Ветеранам боевых действий","cat":"touristic","kind":"Достопримечательность","website":null}},{"type":"Feature","geometry":{"type":"Point","coordinates":[41.3075762,56.3741274]},"properties":{"name":"В. И. Ленину","cat":"touristic","kind":"Достопримечательность","website":null}},{"type":"Feature","geometry":{"type":"Point","coordinates":[41.312581,56.3791903]},"properties":{"name":"Ковровчанам, пострадавшим в радиационных катастрофах","cat":"touristic","kind":"Достопримечательность","website":null}},{"type":"Feature","geometry":{"type":"Point","coordinates":[40.0274357,56.1280023]},"properties":{"name":"Художественная школа","cat":"touristic","kind":"Достопримечательность","website":null}},{"type":"Feature","geometry":{"type":"Point","coordinates":[40.4155073,56.1314153]},"properties":{"name":"Владимирцам, погибшим в годы репрессий в 1929-38","cat":"touristic","kind":"Достопримечательность","website":null}},{"type":"Feature","geometry":{"type":"Point","coordinates":[40.4198349,56.132113]},"properties":{"name":"Поклонный крест","cat":"touristic","kind":"Достопримечательность","website":null}},{"type":"Feature","geometry":{"type":"Point","coordinates":[40.4215082,56.130623]},"properties":{"name":"Паровоз Л0498","cat":"touristic","kind":"Достопримечательность","website":null}},{"type":"Feature","geometry":{"type":"Point","coordinates":[40.4201137,56.1341372]},"properties":{"name":"\"Бескорыстие Благородство Бессмертие\"","cat":"touristic","kind":"Достопримечательность","website":null}},{"type":"Feature","geometry":{"type":"Point","coordinates":[40.4303198,56.1373216]},"properties":{"name":"Фрунзе","cat":"touristic","kind":"Достопримечательность","website":null}},{"type":"Feature","geometry":{"type":"Point","coordinates":[41.3076841,56.3727897]},"properties":{"name":"Первому советскому экскаватору","cat":"touristic","kind":"Достопримечательность","website":null}},{"type":"Feature","geometry":{"type":"Point","coordinates":[39.7063054,56.595965]},"properties":{"name":"Мстиславль","cat":"touristic","kind":"Достопримечательность","website":null}},{"type":"Feature","geometry":{"type":"Point","coordinates":[40.430649,56.1427889]},"properties":{"name":"Александру Невскому","cat":"touristic","kind":"Достопримечательность","website":null}},{"type":"Feature","geometry":{"type":"Point","coordinates":[38.6974666,56.3081181]},"properties":{"name":"«Мы помним вас, ушедших в бой»","cat":"touristic","kind":"Достопримечательность","website":null}},{"type":"Feature","geometry":{"type":"Point","coordinates":[38.6667647,56.3738188]},"properties":{"name":"Каринское поле","cat":"touristic","kind":"Достопримечательность","website":null}},{"type":"Feature","geometry":{"type":"Point","coordinates":[40.3992527,56.1392088]},"properties":{"name":"Серп и Молот","cat":"touristic","kind":"Достопримечательность","website":null}},{"type":"Feature","geometry":{"type":"Point","coordinates":[40.3850236,56.1221237]},"properties":{"name":"С. И. Танееву","cat":"touristic","kind":"Достопримечательность","website":null}},{"type":"Feature","geometry":{"type":"Point","coordinates":[40.3641489,56.1200554]},"properties":{"name":"Мемориал памяти погибшим в ВОВ","cat":"touristic","kind":"Достопримечательность","website":null}},{"type":"Feature","geometry":{"type":"Point","coordinates":[40.3632727,56.1220764]},"properties":{"name":"П. И. Чайковскому","cat":"touristic","kind":"Достопримечательность","website":null}},{"type":"Feature","geometry":{"type":"Point","coordinates":[41.3040153,56.3689013]},"properties":{"name":"И. Ф. Рербергу","cat":"touristic","kind":"Достопримечательность","website":null}},{"type":"Feature","geometry":{"type":"Point","coordinates":[39.3759198,56.294198]},"properties":{"name":"В. И. Ленину","cat":"touristic","kind":"Достопримечательность","website":null}},{"type":"Feature","geometry":{"type":"Point","coordinates":[39.3736976,56.2939332]},"properties":{"name":"Вечный огонь","cat":"touristic","kind":"Достопримечательность","website":null}},{"type":"Feature","geometry":{"type":"Point","coordinates":[40.2574541,56.0962928]},"properties":{"name":"1941-1945","cat":"touristic","kind":"Достопримечательность","website":null}},{"type":"Feature","geometry":{"type":"Point","coordinates":[41.8060796,55.2952922]},"properties":{"name":"Тем, кто погиб, сражаясь за родину","cat":"touristic","kind":"Достопримечательность","website":null}},{"type":"Feature","geometry":{"type":"Point","coordinates":[40.3747216,56.147163]},"properties":{"name":"Дворник","cat":"touristic","kind":"Достопримечательность","website":null}},{"type":"Feature","geometry":{"type":"Point","coordinates":[40.0743264,56.0489391]},"properties":{"name":"Памятник Александру Невскому","cat":"touristic","kind":"Достопримечательность","website":null}},{"type":"Feature","geometry":{"type":"Point","coordinates":[40.367638,56.1524464]},"properties":{"name":"Владимир","cat":"touristic","kind":"Достопримечательность","website":null}},{"type":"Feature","geometry":{"type":"Point","coordinates":[40.3879146,56.1266602]},"properties":{"name":"Погибшим в ВОВ","cat":"touristic","kind":"Достопримечательность","website":null}},{"type":"Feature","geometry":{"type":"Point","coordinates":[40.3728428,56.1096334]},"properties":{"name":"А. С. Пушкину","cat":"touristic","kind":"Достопримечательность","website":null}},{"type":"Feature","geometry":{"type":"Point","coordinates":[40.3971515,56.1265697]},"properties":{"name":"Оборонительный земляной вал древнего Владимира","cat":"touristic","kind":"Достопримечательность","website":null}},{"type":"Feature","geometry":{"type":"Point","coordinates":[41.3261457,56.3573771]},"properties":{"name":"А. С. Пушкину","cat":"touristic","kind":"Достопримечательность","website":null}},{"type":"Feature","geometry":{"type":"Point","coordinates":[39.1753151,55.9180137]},"properties":{"name":"Скульптура Шоколадная фея","cat":"touristic","kind":"Достопримечательность","website":null}},{"type":"Feature","geometry":{"type":"Point","coordinates":[40.4861705,56.1696655]},"properties":{"name":"Содателям ядерного щита страны","cat":"touristic","kind":"Достопримечательность","website":null}},{"type":"Feature","geometry":{"type":"Point","coordinates":[40.9189475,56.3545737]},"properties":{"name":"Воинам, погибшим в ВОВ 1941-1945","cat":"touristic","kind":"Достопримечательность","website":null}},{"type":"Feature","geometry":{"type":"Point","coordinates":[40.3945246,56.1413917]},"properties":{"name":"Пожарный автомобиль ПМГ-19","cat":"touristic","kind":"Достопримечательность","website":null}},{"type":"Feature","geometry":{"type":"Point","coordinates":[40.8959781,55.9397644]},"properties":{"name":"Муромцево","cat":"touristic","kind":"Достопримечательность","website":null}},{"type":"Feature","geometry":{"type":"Point","coordinates":[40.8386707,55.9578365]},"properties":{"name":"Судогда","cat":"touristic","kind":"Достопримечательность","website":null}},{"type":"Feature","geometry":{"type":"Point","coordinates":[39.9524711,56.014949]},"properties":{"name":"Героям Великой Отечественной войны","cat":"touristic","kind":"Достопримечательность","website":null}},{"type":"Feature","geometry":{"type":"Point","coordinates":[39.3898546,56.3136941]},"properties":{"name":"Стела","cat":"touristic","kind":"Достопримечательность","website":null}},{"type":"Feature","geometry":{"type":"Point","coordinates":[42.7402488,56.2102191]},"properties":{"name":"Владимирская область","cat":"touristic","kind":"Достопримечательность","website":null}},{"type":"Feature","geometry":{"type":"Point","coordinates":[40.5998101,56.1566048]},"properties":{"name":"1941-1945","cat":"touristic","kind":"Достопримечательность","website":null}},{"type":"Feature","geometry":{"type":"Point","coordinates":[40.4217137,56.1307735]},"properties":{"name":"Крытый грузовой вагон","cat":"touristic","kind":"Достопримечательность","website":null}},{"type":"Feature","geometry":{"type":"Point","coordinates":[40.3988315,56.1250624]},"properties":{"name":"Площадка на крыше","cat":"touristic","kind":"Достопримечательность","website":null}},{"type":"Feature","geometry":{"type":"Point","coordinates":[40.0187016,55.9936266]},"properties":{"name":"Карл Маркс","cat":"touristic","kind":"Достопримечательность","website":null}},{"type":"Feature","geometry":{"type":"Point","coordinates":[40.0189662,55.994059]},"properties":{"name":"Мемориал памяти воинам Великой Отечественной Войны","cat":"touristic","kind":"Достопримечательность","website":null}},{"type":"Feature","geometry":{"type":"Point","coordinates":[40.5344182,56.1966221]},"properties":{"name":"1941-1945","cat":"touristic","kind":"Достопримечательность","website":null}},{"type":"Feature","geometry":{"type":"Point","coordinates":[40.8592294,55.9506492]},"properties":{"name":"Ленину","cat":"touristic","kind":"Достопримечательность","website":null}},{"type":"Feature","geometry":{"type":"Point","coordinates":[39.6205528,55.9293042]},"properties":{"name":"Советскому народу победителю - слава!","cat":"touristic","kind":"Достопримечательность","website":null}},{"type":"Feature","geometry":{"type":"Point","coordinates":[41.3126344,56.3575649]},"properties":{"name":"Памятник рабочему","cat":"touristic","kind":"Достопримечательность","website":null}},{"type":"Feature","geometry":{"type":"Point","coordinates":[42.0609462,55.5802386]},"properties":{"name":"Илья Муромец","cat":"touristic","kind":"Достопримечательность","website":null}},{"type":"Feature","geometry":{"type":"Point","coordinates":[40.3813903,56.1467157]},"properties":{"name":"Владимирский тракторный завод","cat":"touristic","kind":"Достопримечательность","website":null}},{"type":"Feature","geometry":{"type":"Point","coordinates":[40.3091685,56.107957]},"properties":{"name":"Владимир","cat":"touristic","kind":"Достопримечательность","website":null}},{"type":"Feature","geometry":{"type":"Point","coordinates":[40.8820152,55.9528972]},"properties":{"name":"Красный Химик","cat":"touristic","kind":"Достопримечательность","website":null}},{"type":"Feature","geometry":{"type":"Point","coordinates":[41.2590663,56.3937638]},"properties":{"name":"танк ИС-3","cat":"touristic","kind":"Достопримечательность","website":null}},{"type":"Feature","geometry":{"type":"Point","coordinates":[40.4220824,55.4778433]},"properties":{"name":"Памятник А. И. Солженицину","cat":"touristic","kind":"Достопримечательность","website":null}},{"type":"Feature","geometry":{"type":"Point","coordinates":[40.4282702,56.4181336]},"properties":{"name":"Владимирский научно-исследовательский институт сельского хозяйства","cat":"touristic","kind":"Достопримечательность","website":null}},{"type":"Feature","geometry":{"type":"Point","coordinates":[39.0772239,55.8655185]},"properties":{"name":"Героям Великой Отечественной войны","cat":"touristic","kind":"Достопримечательность","website":null}},{"type":"Feature","geometry":{"type":"Point","coordinates":[40.9030258,55.9305688]},"properties":{"name":"Памятник погибшим работникам техникума и жителей Муромцево во время Великой Отечественной войны","cat":"touristic","kind":"Достопримечательность","website":null}},{"type":"Feature","geometry":{"type":"Point","coordinates":[41.2595254,56.123863]},"properties":{"name":"С. И. Танееву","cat":"touristic","kind":"Достопримечательность","website":null}},{"type":"Feature","geometry":{"type":"Point","coordinates":[40.8897456,55.952843]},"properties":{"name":"ВОВ","cat":"touristic","kind":"Достопримечательность","website":null}},{"type":"Feature","geometry":{"type":"Point","coordinates":[39.4577175,55.9311465]},"properties":{"name":"Воинам-интернационалистам","cat":"touristic","kind":"Достопримечательность","website":null}},{"type":"Feature","geometry":{"type":"Point","coordinates":[39.4610836,55.9311149]},"properties":{"name":"Героям Великой Отечественной войны","cat":"touristic","kind":"Достопримечательность","website":null}},{"type":"Feature","geometry":{"type":"Point","coordinates":[39.4904852,55.9194038]},"properties":{"name":"Стела ПМК","cat":"touristic","kind":"Достопримечательность","website":null}},{"type":"Feature","geometry":{"type":"Point","coordinates":[40.5265668,56.4241454]},"properties":{"name":"1941-1945","cat":"touristic","kind":"Достопримечательность","website":null}},{"type":"Feature","geometry":{"type":"Point","coordinates":[40.4294903,56.3711999]},"properties":{"name":"Павшим в 1941-1945 гг.","cat":"touristic","kind":"Достопримечательность","website":null}},{"type":"Feature","geometry":{"type":"Point","coordinates":[42.1293723,56.2436502]},"properties":{"name":"Стела Вязники - наш город","cat":"touristic","kind":"Достопримечательность","website":null}},{"type":"Feature","geometry":{"type":"Point","coordinates":[42.1456719,56.2472137]},"properties":{"name":"Цветочек","cat":"touristic","kind":"Достопримечательность","website":null}},{"type":"Feature","geometry":{"type":"Point","coordinates":[42.69185,56.2015496]},"properties":{"name":"В. И. Ленину","cat":"touristic","kind":"Достопримечательность","website":null}},{"type":"Feature","geometry":{"type":"Point","coordinates":[40.5737025,55.4979965]},"properties":{"name":"Национальный парк «Мещёра»","cat":"touristic","kind":"Достопримечательность","website":null}},{"type":"Feature","geometry":{"type":"Point","coordinates":[40.5969161,55.5029944]},"properties":{"name":"ВОВ","cat":"touristic","kind":"Достопримечательность","website":null}},{"type":"Feature","geometry":{"type":"Point","coordinates":[41.6276236,55.3366815]},"properties":{"name":"Каманин","cat":"touristic","kind":"Достопримечательность","website":null}},{"type":"Feature","geometry":{"type":"Point","coordinates":[41.6276075,55.3368157]},"properties":{"name":"Лебедев-Полянский","cat":"touristic","kind":"Достопримечательность","website":null}},{"type":"Feature","geometry":{"type":"Point","coordinates":[41.6270657,55.3366281]},"properties":{"name":"Ликвидатором аварии на ЧАЭС","cat":"touristic","kind":"Достопримечательность","website":null}},{"type":"Feature","geometry":{"type":"Point","coordinates":[41.7607395,55.8667021]},"properties":{"name":"Вечный огонь","cat":"touristic","kind":"Достопримечательность","website":null}},{"type":"Feature","geometry":{"type":"Point","coordinates":[41.7605734,55.8667788]},"properties":{"name":"Чернобыльцам","cat":"touristic","kind":"Достопримечательность","website":null}},{"type":"Feature","geometry":{"type":"Point","coordinates":[40.5304357,56.2640949]},"properties":{"name":"1941-1945","cat":"touristic","kind":"Достопримечательность","website":null}},{"type":"Feature","geometry":{"type":"Point","coordinates":[40.2723994,56.2206899]},"properties":{"name":"Памятник Ленину","cat":"touristic","kind":"Достопримечательность","website":null}},{"type":"Feature","geometry":{"type":"Point","coordinates":[38.7559853,56.4200338]},"properties":{"name":"Памятная табличка Петру I","cat":"touristic","kind":"Достопримечательность","website":null}},{"type":"Feature","geometry":{"type":"Point","coordinates":[41.766183,55.8652706]},"properties":{"name":"Ленин","cat":"touristic","kind":"Достопримечательность","website":null}},{"type":"Feature","geometry":{"type":"Point","coordinates":[39.0707812,55.9381322]},"properties":{"name":"Санаторий \"Сосновый Бор\"","cat":"touristic","kind":"Достопримечательность","website":null}},{"type":"Feature","geometry":{"type":"Point","coordinates":[41.7592333,55.8660233]},"properties":{"name":"Станко","cat":"touristic","kind":"Достопримечательность","website":null}},{"type":"Feature","geometry":{"type":"Point","coordinates":[40.4398864,56.4333515]},"properties":{"name":"Часовня-усыпальница Д.М. Пожарского","cat":"touristic","kind":"Достопримечательность","website":null}},{"type":"Feature","geometry":{"type":"Point","coordinates":[39.0693068,55.8645629]},"properties":{"name":"Запруда","cat":"touristic","kind":"Достопримечательность","website":null}},{"type":"Feature","geometry":{"type":"Point","coordinates":[39.878137,56.1567868]},"properties":{"name":"Н. Е. Жуковскому","cat":"touristic","kind":"Достопримечательность","website":null}},{"type":"Feature","geometry":{"type":"Point","coordinates":[40.7900195,56.0718347]},"properties":{"name":"1941-1945","cat":"touristic","kind":"Достопримечательность","website":null}},{"type":"Feature","geometry":{"type":"Point","coordinates":[40.5827538,56.2070279]},"properties":{"name":"1941-1945","cat":"touristic","kind":"Достопримечательность","website":null}},{"type":"Feature","geometry":{"type":"Point","coordinates":[40.8551486,55.9707328]},"properties":{"name":"Совхоз Лаврово","cat":"touristic","kind":"Достопримечательность","website":null}},{"type":"Feature","geometry":{"type":"Point","coordinates":[40.9193735,55.9579542]},"properties":{"name":"Судогда","cat":"touristic","kind":"Достопримечательность","website":null}},{"type":"Feature","geometry":{"type":"Point","coordinates":[40.5899904,55.4586543]},"properties":{"name":"Курлово","cat":"touristic","kind":"Достопримечательность","website":null}},{"type":"Feature","geometry":{"type":"Point","coordinates":[40.7841527,56.1945528]},"properties":{"name":"Мокеева гора","cat":"touristic","kind":"Достопримечательность","website":null}},{"type":"Feature","geometry":{"type":"Point","coordinates":[40.4621305,56.2225231]},"properties":{"name":"1941-1945","cat":"touristic","kind":"Достопримечательность","website":null}},{"type":"Feature","geometry":{"type":"Point","coordinates":[40.7063325,56.288841]},"properties":{"name":"Памятник погибшим летчикам самолета Дуглас А-20G «Бостон»","cat":"touristic","kind":"Достопримечательность","website":null}},{"type":"Feature","geometry":{"type":"Point","coordinates":[40.5599374,55.9660508]},"properties":{"name":"1941-1945","cat":"touristic","kind":"Достопримечательность","website":null}},{"type":"Feature","geometry":{"type":"Point","coordinates":[38.8841135,56.1063615]},"properties":{"name":"Воинам десантникам 1941 - 1945","cat":"touristic","kind":"Достопримечательность","website":null}},{"type":"Feature","geometry":{"type":"Point","coordinates":[41.9403444,56.3602832]},"properties":{"name":"ВОВ","cat":"touristic","kind":"Достопримечательность","website":null}},{"type":"Feature","geometry":{"type":"Point","coordinates":[39.2180519,55.9578348]},"properties":{"name":"Стела Генериум","cat":"touristic","kind":"Достопримечательность","website":null}},{"type":"Feature","geometry":{"type":"Point","coordinates":[40.3993144,56.12534]},"properties":{"name":"Владимирская вишня","cat":"touristic","kind":"Достопримечательность","website":null}},{"type":"Feature","geometry":{"type":"Point","coordinates":[40.3994425,56.1258553]},"properties":{"name":"Кот-баюн","cat":"touristic","kind":"Достопримечательность","website":null}},{"type":"Feature","geometry":{"type":"Point","coordinates":[40.399454,56.1258425]},"properties":{"name":"Сова","cat":"touristic","kind":"Достопримечательность","website":null}},{"type":"Feature","geometry":{"type":"Point","coordinates":[38.699557,56.3983551]},"properties":{"name":"Москвич-400 кабриолет","cat":"touristic","kind":"Достопримечательность","website":null}},{"type":"Feature","geometry":{"type":"Point","coordinates":[38.8025441,56.0214209]},"properties":{"name":"Героям Великой Отечественной войны","cat":"touristic","kind":"Достопримечательность","website":null}},{"type":"Feature","geometry":{"type":"Point","coordinates":[40.3597554,56.2966601]},"properties":{"name":"Кедровая роща","cat":"touristic","kind":"Достопримечательность","website":null}},{"type":"Feature","geometry":{"type":"Point","coordinates":[40.440472,56.1077291]},"properties":{"name":"Красиво оформленный подъезд","cat":"touristic","kind":"Достопримечательность","website":null}},{"type":"Feature","geometry":{"type":"Point","coordinates":[38.8803884,56.1638741]},"properties":{"name":"Скорбящей матери","cat":"touristic","kind":"Достопримечательность","website":null}},{"type":"Feature","geometry":{"type":"Point","coordinates":[41.2515427,56.3884697]},"properties":{"name":"ИСУ-152","cat":"touristic","kind":"Достопримечательность","website":null}},{"type":"Feature","geometry":{"type":"Point","coordinates":[40.4208703,56.1338504]},"properties":{"name":"Воинам радиотехнических войск","cat":"touristic","kind":"Достопримечательность","website":null}},{"type":"Feature","geometry":{"type":"Point","coordinates":[40.8501091,55.9461722]},"properties":{"name":"1941-1945","cat":"touristic","kind":"Достопримечательность","website":null}},{"type":"Feature","geometry":{"type":"Point","coordinates":[40.8548099,55.9492913]},"properties":{"name":"1941-1945","cat":"touristic","kind":"Достопримечательность","website":null}},{"type":"Feature","geometry":{"type":"Point","coordinates":[40.4086461,56.2221486]},"properties":{"name":"1941-1945","cat":"touristic","kind":"Достопримечательность","website":null}},{"type":"Feature","geometry":{"type":"Point","coordinates":[40.6097913,56.3101213]},"properties":{"name":"1941-1945","cat":"touristic","kind":"Достопримечательность","website":null}},{"type":"Feature","geometry":{"type":"Point","coordinates":[40.8600213,56.2133329]},"properties":{"name":"1941-1945","cat":"touristic","kind":"Достопримечательность","website":null}},{"type":"Feature","geometry":{"type":"Point","coordinates":[40.9170129,56.1927659]},"properties":{"name":"1941-1945","cat":"touristic","kind":"Достопримечательность","website":null}},{"type":"Feature","geometry":{"type":"Point","coordinates":[40.2031847,56.0427752]},"properties":{"name":"Памятник дворнику","cat":"touristic","kind":"Достопримечательность","website":null}},{"type":"Feature","geometry":{"type":"Point","coordinates":[40.2033296,56.0414727]},"properties":{"name":"Рублёвский тотем","cat":"touristic","kind":"Достопримечательность","website":null}},{"type":"Feature","geometry":{"type":"Point","coordinates":[40.1842703,56.0609835]},"properties":{"name":"1941-1945","cat":"touristic","kind":"Достопримечательность","website":null}},{"type":"Feature","geometry":{"type":"Point","coordinates":[40.4579516,56.1738335]},"properties":{"name":"Владимир","cat":"touristic","kind":"Достопримечательность","website":null}},{"type":"Feature","geometry":{"type":"Point","coordinates":[40.6997761,56.2750233]},"properties":{"name":"1941-1945","cat":"touristic","kind":"Достопримечательность","website":null}},{"type":"Feature","geometry":{"type":"Point","coordinates":[40.7802353,56.286854]},"properties":{"name":"1941-1945","cat":"touristic","kind":"Достопримечательность","website":null}},{"type":"Feature","geometry":{"type":"Point","coordinates":[40.9643117,56.3448176]},"properties":{"name":"Камешково","cat":"touristic","kind":"Достопримечательность","website":null}},{"type":"Feature","geometry":{"type":"Point","coordinates":[40.6914886,56.3428021]},"properties":{"name":"1941-1945","cat":"touristic","kind":"Достопримечательность","website":null}},{"type":"Feature","geometry":{"type":"Point","coordinates":[40.3971278,56.1396191]},"properties":{"name":"Макет ракеты-носителя Союз-ТМ","cat":"touristic","kind":"Достопримечательность","website":null}},{"type":"Feature","geometry":{"type":"Point","coordinates":[38.6349782,56.0166538]},"properties":{"name":"Героям Великой Отечественной войны","cat":"touristic","kind":"Достопримечательность","website":null}},{"type":"Feature","geometry":{"type":"Point","coordinates":[40.362954,56.2956007]},"properties":{"name":"1941-1945","cat":"touristic","kind":"Достопримечательность","website":null}},{"type":"Feature","geometry":{"type":"Point","coordinates":[40.4371703,56.3352615]},"properties":{"name":"1941-1945","cat":"touristic","kind":"Достопримечательность","website":null}},{"type":"Feature","geometry":{"type":"Point","coordinates":[40.3837366,56.1226757]},"properties":{"name":"Венера","cat":"touristic","kind":"Достопримечательность","website":null}},{"type":"Feature","geometry":{"type":"Point","coordinates":[39.4604526,55.9313663]},"properties":{"name":"В. И. Ленину","cat":"touristic","kind":"Достопримечательность","website":null}},{"type":"Feature","geometry":{"type":"Point","coordinates":[38.7297366,56.3966806]},"properties":{"name":"Александровской республике","cat":"touristic","kind":"Достопримечательность","website":null}},{"type":"Feature","geometry":{"type":"Point","coordinates":[38.7286664,56.396504]},"properties":{"name":"Александру Невскому","cat":"touristic","kind":"Достопримечательность","website":null}},{"type":"Feature","geometry":{"type":"Point","coordinates":[41.0185487,56.4826772]},"properties":{"name":"Погибшим в 1941-1945","cat":"touristic","kind":"Достопримечательность","website":null}},{"type":"Feature","geometry":{"type":"Point","coordinates":[39.1670353,55.8869769]},"properties":{"name":"Погибшим жителям Глубоково в Великую Отечественную","cat":"touristic","kind":"Достопримечательность","website":null}},{"type":"Feature","geometry":{"type":"Point","coordinates":[40.4031806,56.1279083]},"properties":{"name":"Князь Владимир","cat":"touristic","kind":"Достопримечательность","website":null}},{"type":"Feature","geometry":{"type":"Point","coordinates":[40.4284392,56.1470503]},"properties":{"name":"Андропов Юрий Владимирович","cat":"touristic","kind":"Достопримечательность","website":null}},{"type":"Feature","geometry":{"type":"Point","coordinates":[40.4287486,56.1471088]},"properties":{"name":"Брежнев Леонид Ильич","cat":"touristic","kind":"Достопримечательность","website":null}},{"type":"Feature","geometry":{"type":"Point","coordinates":[40.4283855,56.1470401]},"properties":{"name":"Горбачёв Михаил Сергеевич","cat":"touristic","kind":"Достопримечательность","website":null}},{"type":"Feature","geometry":{"type":"Point","coordinates":[40.4286582,56.1470907]},"properties":{"name":"Сталин Иосиф Виссарионович","cat":"touristic","kind":"Достопримечательность","website":null}},{"type":"Feature","geometry":{"type":"Point","coordinates":[40.4285467,56.1470706]},"properties":{"name":"Ульянов (Ленин) Владимир Ильич","cat":"touristic","kind":"Достопримечательность","website":null}},{"type":"Feature","geometry":{"type":"Point","coordinates":[40.4287034,56.1470997]},"properties":{"name":"Хрущёв Никита Сергеевич","cat":"touristic","kind":"Достопримечательность","website":null}},{"type":"Feature","geometry":{"type":"Point","coordinates":[40.428493,56.1470604]},"properties":{"name":"Черненко Константин Устинович","cat":"touristic","kind":"Достопримечательность","website":null}},{"type":"Feature","geometry":{"type":"Point","coordinates":[40.2186627,56.0981328]},"properties":{"name":"Купол церкви","cat":"touristic","kind":"Достопримечательность","website":null}},{"type":"Feature","geometry":{"type":"Point","coordinates":[40.2747838,56.0996923]},"properties":{"name":"Вечная память павшим на боевом посту","cat":"touristic","kind":"Достопримечательность","website":null}},{"type":"Feature","geometry":{"type":"Point","coordinates":[40.3709405,56.1200937]},"properties":{"name":"Диктор Левитан","cat":"touristic","kind":"Достопримечательность","website":null}},{"type":"Feature","geometry":{"type":"Point","coordinates":[40.2890206,56.027634]},"properties":{"name":"1941-1945","cat":"touristic","kind":"Достопримечательность","website":null}},{"type":"Feature","geometry":{"type":"Point","coordinates":[40.2459998,55.9456171]},"properties":{"name":"1941-1945","cat":"touristic","kind":"Достопримечательность","website":null}},{"type":"Feature","geometry":{"type":"Point","coordinates":[39.456116,55.9293343]},"properties":{"name":"Чернобыльцам","cat":"touristic","kind":"Достопримечательность","website":null}},{"type":"Feature","geometry":{"type":"Point","coordinates":[39.1992167,55.853932]},"properties":{"name":"Героям Великой Отечественной войны","cat":"touristic","kind":"Достопримечательность","website":null}},{"type":"Feature","geometry":{"type":"Point","coordinates":[42.6909083,56.2014235]},"properties":{"name":"Неизвестному солдату","cat":"touristic","kind":"Достопримечательность","website":null}},{"type":"Feature","geometry":{"type":"Point","coordinates":[40.6565581,56.2111035]},"properties":{"name":"1941-1945","cat":"touristic","kind":"Достопримечательность","website":null}},{"type":"Feature","geometry":{"type":"Point","coordinates":[40.2695024,56.2229764]},"properties":{"name":"Памятник жителям с.Ново-Александрово погибшим в годы ВОВ","cat":"touristic","kind":"Достопримечательность","website":null}},{"type":"Feature","geometry":{"type":"Point","coordinates":[40.2672333,55.5184162]},"properties":{"name":"Запольское святилище","cat":"touristic","kind":"Достопримечательность","website":null}},{"type":"Feature","geometry":{"type":"Point","coordinates":[40.3801091,56.1464035]},"properties":{"name":"Наука","cat":"touristic","kind":"Достопримечательность","website":null}},{"type":"Feature","geometry":{"type":"Point","coordinates":[40.3560004,56.1306136]},"properties":{"name":"Балакирев","cat":"touristic","kind":"Достопримечательность","website":null}},{"type":"Feature","geometry":{"type":"Point","coordinates":[40.4007878,56.1384349]},"properties":{"name":"Панно","cat":"touristic","kind":"Достопримечательность","website":null}},{"type":"Feature","geometry":{"type":"Point","coordinates":[40.4002943,56.1274026]},"properties":{"name":"Старинный велосипед","cat":"touristic","kind":"Достопримечательность","website":null}},{"type":"Feature","geometry":{"type":"Point","coordinates":[40.3626884,56.1236933]},"properties":{"name":"Фейерверк","cat":"touristic","kind":"Достопримечательность","website":null}},{"type":"Feature","geometry":{"type":"Point","coordinates":[40.4023101,56.1272522]},"properties":{"name":"Аптекарь","cat":"touristic","kind":"Достопримечательность","website":null}},{"type":"Feature","geometry":{"type":"Point","coordinates":[40.4028052,56.1270633]},"properties":{"name":"Художник на пленэре","cat":"touristic","kind":"Достопримечательность","website":null}},{"type":"Feature","geometry":{"type":"Point","coordinates":[40.3801367,56.1460768]},"properties":{"name":"Панно","cat":"touristic","kind":"Достопримечательность","website":null}},{"type":"Feature","geometry":{"type":"Point","coordinates":[40.4075164,56.1286275]},"properties":{"name":"Я люблю Владимир","cat":"touristic","kind":"Достопримечательность","website":null}},{"type":"Feature","geometry":{"type":"Point","coordinates":[40.4088832,56.1276748]},"properties":{"name":"2000 летию Рождества Христова","cat":"touristic","kind":"Достопримечательность","website":null}},{"type":"Feature","geometry":{"type":"Point","coordinates":[42.0581092,55.5524489]},"properties":{"name":"В. К. Зворыкину","cat":"touristic","kind":"Достопримечательность","website":null}},{"type":"Feature","geometry":{"type":"Point","coordinates":[40.3655263,56.135541]},"properties":{"name":"Картина на стене","cat":"touristic","kind":"Достопримечательность","website":null}},{"type":"Feature","geometry":{"type":"Point","coordinates":[40.2099067,55.9986481]},"properties":{"name":"1941-1945","cat":"touristic","kind":"Достопримечательность","website":null}},{"type":"Feature","geometry":{"type":"Point","coordinates":[40.3626201,56.1315891]},"properties":{"name":"Владимирская гвардейская ракетная Витебская Краснознамённая армия","cat":"touristic","kind":"Достопримечательность","website":null}},{"type":"Feature","geometry":{"type":"Point","coordinates":[40.3660555,56.1196163]},"properties":{"name":"Девушка с корзинкой","cat":"touristic","kind":"Достопримечательность","website":null}},{"type":"Feature","geometry":{"type":"Point","coordinates":[40.3987137,56.1267811]},"properties":{"name":"Женские маски на крыше","cat":"touristic","kind":"Достопримечательность","website":null}},{"type":"Feature","geometry":{"type":"Point","coordinates":[40.3621099,56.1173093]},"properties":{"name":"Кошка на крыше","cat":"touristic","kind":"Достопримечательность","website":null}},{"type":"Feature","geometry":{"type":"Point","coordinates":[40.3641931,56.1382611]},"properties":{"name":"Панно на фасаде","cat":"touristic","kind":"Достопримечательность","website":null}},{"type":"Feature","geometry":{"type":"Point","coordinates":[40.2542695,56.0953577]},"properties":{"name":"Панно","cat":"touristic","kind":"Достопримечательность","website":null}},{"type":"Feature","geometry":{"type":"Point","coordinates":[40.3594441,56.1346991]},"properties":{"name":"Усечённое панно на стене","cat":"touristic","kind":"Достопримечательность","website":null}},{"type":"Feature","geometry":{"type":"Point","coordinates":[40.4206026,56.1304571]},"properties":{"name":"Приезду В. И. Ленина во Владимир","cat":"touristic","kind":"Достопримечательность","website":null}},{"type":"Feature","geometry":{"type":"Point","coordinates":[40.3780099,56.1210774]},"properties":{"name":"Бобёр","cat":"touristic","kind":"Достопримечательность","website":null}},{"type":"Feature","geometry":{"type":"Point","coordinates":[40.4358821,56.1447328]},"properties":{"name":"Борцам революции 1905 года","cat":"touristic","kind":"Достопримечательность","website":null}},{"type":"Feature","geometry":{"type":"Point","coordinates":[40.4214885,56.1306605]},"properties":{"name":"Владимирским железнодорожникам погибшим в ВОВ","cat":"touristic","kind":"Достопримечательность","website":null}},{"type":"Feature","geometry":{"type":"Point","coordinates":[40.3947008,56.125016]},"properties":{"name":"Дева Мария","cat":"touristic","kind":"Достопримечательность","website":null}},{"type":"Feature","geometry":{"type":"Point","coordinates":[40.4299389,56.1450362]},"properties":{"name":"Медведица с медвежатами","cat":"touristic","kind":"Достопримечательность","website":null}},{"type":"Feature","geometry":{"type":"Point","coordinates":[40.3972087,56.127262]},"properties":{"name":"Д. И. Менделееву","cat":"touristic","kind":"Достопримечательность","website":null}},{"type":"Feature","geometry":{"type":"Point","coordinates":[40.4213054,56.1306055]},"properties":{"name":"Панно в честь приезда В.И.Ленина в г.Владимир в 1893 году","cat":"touristic","kind":"Достопримечательность","website":null}},{"type":"Feature","geometry":{"type":"Point","coordinates":[40.349561,56.0961583]},"properties":{"name":"Работающему студенту","cat":"touristic","kind":"Достопримечательность","website":null}},{"type":"Feature","geometry":{"type":"Point","coordinates":[40.3966637,56.1272433]},"properties":{"name":"А. Г. Столетову","cat":"touristic","kind":"Достопримечательность","website":null}},{"type":"Feature","geometry":{"type":"Point","coordinates":[40.3714623,56.1188991]},"properties":{"name":"Улица Левитана","cat":"touristic","kind":"Достопримечательность","website":null}},{"type":"Feature","geometry":{"type":"Point","coordinates":[40.4549337,56.1510614]},"properties":{"name":"80 лет ГОЭЛРО","cat":"touristic","kind":"Достопримечательность","website":null}},{"type":"Feature","geometry":{"type":"Point","coordinates":[40.3969007,56.1244156]},"properties":{"name":"Велосипед","cat":"touristic","kind":"Достопримечательность","website":null}},{"type":"Feature","geometry":{"type":"Point","coordinates":[40.4358895,56.1448791]},"properties":{"name":"Вечный огонь","cat":"touristic","kind":"Достопримечательность","website":null}},{"type":"Feature","geometry":{"type":"Point","coordinates":[40.4356511,56.1448287]},"properties":{"name":"Детям, погибшим в ВОВ","cat":"touristic","kind":"Достопримечательность","website":null}},{"type":"Feature","geometry":{"type":"Point","coordinates":[40.3560063,56.1047906]},"properties":{"name":"Кошелёк","cat":"touristic","kind":"Достопримечательность","website":null}},{"type":"Feature","geometry":{"type":"Point","coordinates":[40.356836,56.1295089]},"properties":{"name":"Панно на стене","cat":"touristic","kind":"Достопримечательность","website":null}},{"type":"Feature","geometry":{"type":"Point","coordinates":[40.400347,56.1262128]},"properties":{"name":"Пожарный автомобиль-лестница","cat":"touristic","kind":"Достопримечательность","website":null}},{"type":"Feature","geometry":{"type":"Point","coordinates":[40.4005181,56.1274275]},"properties":{"name":"Такса","cat":"touristic","kind":"Достопримечательность","website":null}},{"type":"Feature","geometry":{"type":"Point","coordinates":[40.3660822,56.1196145]},"properties":{"name":"Фонтан","cat":"touristic","kind":"Достопримечательность","website":null}},{"type":"Feature","geometry":{"type":"Point","coordinates":[40.3943278,56.1262529]},"properties":{"name":"Юрий Тумаркин","cat":"touristic","kind":"Достопримечательность","website":null}},{"type":"Feature","geometry":{"type":"Point","coordinates":[40.4047996,56.1290939]},"properties":{"name":"Панно \"Владимирская область\" на стене","cat":"touristic","kind":"Достопримечательность","website":null}},{"type":"Feature","geometry":{"type":"Point","coordinates":[40.3628877,56.1201269]},"properties":{"name":"Дерево дружбы","cat":"touristic","kind":"Достопримечательность","website":null}},{"type":"Feature","geometry":{"type":"Point","coordinates":[40.4022456,56.1273126]},"properties":{"name":"Зонтик","cat":"touristic","kind":"Достопримечательность","website":null}},{"type":"Feature","geometry":{"type":"Point","coordinates":[40.8384342,55.9576518]},"properties":{"name":"200 лет","cat":"touristic","kind":"Достопримечательность","website":null}},{"type":"Feature","geometry":{"type":"Point","coordinates":[40.4023343,56.126424]},"properties":{"name":"Библиотечная лужайка","cat":"touristic","kind":"Достопримечательность","website":null}},{"type":"Feature","geometry":{"type":"Point","coordinates":[40.602919,56.1846899]},"properties":{"name":"1941-1945","cat":"touristic","kind":"Достопримечательность","website":null}},{"type":"Feature","geometry":{"type":"Point","coordinates":[42.1978784,56.2312117]},"properties":{"name":"Вертолет","cat":"touristic","kind":"Достопримечательность","website":null}},{"type":"Feature","geometry":{"type":"Point","coordinates":[40.4913054,56.0626085]},"properties":{"name":"Рельеф на стене","cat":"touristic","kind":"Достопримечательность","website":null}},{"type":"Feature","geometry":{"type":"Point","coordinates":[40.4286785,56.0361802]},"properties":{"name":"Фомкин Алексей Леонидович (1969-1996)","cat":"touristic","kind":"Достопримечательность","website":null}},{"type":"Feature","geometry":{"type":"Point","coordinates":[40.097717,55.876564]},"properties":{"name":"1941-1945","cat":"touristic","kind":"Достопримечательность","website":null}},{"type":"Feature","geometry":{"type":"Point","coordinates":[39.3515919,55.9803575]},"properties":{"name":"Руины главного дома усадьбы Костино","cat":"touristic","kind":"Достопримечательность","website":null}},{"type":"Feature","geometry":{"type":"Point","coordinates":[39.3542196,55.9851744]},"properties":{"name":"Героям Великой Отечественной войны","cat":"touristic","kind":"Достопримечательность","website":null}},{"type":"Feature","geometry":{"type":"Point","coordinates":[39.3539915,55.9817139]},"properties":{"name":"Руины усадебной школы Сабашникова","cat":"touristic","kind":"Достопримечательность","website":null}},{"type":"Feature","geometry":{"type":"Point","coordinates":[39.3552012,55.9842498]},"properties":{"name":"Жилой дом времён Сабашникова","cat":"touristic","kind":"Достопримечательность","website":null}},{"type":"Feature","geometry":{"type":"Point","coordinates":[42.6744974,56.2062313]},"properties":{"name":"Рабочий с факелом","cat":"touristic","kind":"Достопримечательность","website":null}},{"type":"Feature","geometry":{"type":"Point","coordinates":[39.0579629,56.0621508]},"properties":{"name":"Героям Великой Отечественной войны","cat":"touristic","kind":"Достопримечательность","website":null}},{"type":"Feature","geometry":{"type":"Point","coordinates":[40.4899845,56.4478617]},"properties":{"name":"Памятник колхозникам","cat":"touristic","kind":"Достопримечательность","website":null}},{"type":"Feature","geometry":{"type":"Point","coordinates":[41.4146268,55.4315342]},"properties":{"name":"ВОВ","cat":"touristic","kind":"Достопримечательность","website":null}},{"type":"Feature","geometry":{"type":"Point","coordinates":[41.4195406,55.4966161]},"properties":{"name":"ВОВ","cat":"touristic","kind":"Достопримечательность","website":null}},{"type":"Feature","geometry":{"type":"Point","coordinates":[41.4984523,55.5090769]},"properties":{"name":"Мемориал ВОВ","cat":"touristic","kind":"Достопримечательность","website":null}},{"type":"Feature","geometry":{"type":"Point","coordinates":[41.6367217,55.5315037]},"properties":{"name":"ВОВ","cat":"touristic","kind":"Достопримечательность","website":null}},{"type":"Feature","geometry":{"type":"Point","coordinates":[41.6739749,55.5092556]},"properties":{"name":"Мемориал ВОВ","cat":"touristic","kind":"Достопримечательность","website":null}},{"type":"Feature","geometry":{"type":"Point","coordinates":[41.67347,55.4313413]},"properties":{"name":"Мемориал ВОВ","cat":"touristic","kind":"Достопримечательность","website":null}},{"type":"Feature","geometry":{"type":"Point","coordinates":[41.5012273,55.6016396]},"properties":{"name":"Мемориал ВОВ","cat":"touristic","kind":"Достопримечательность","website":null}},{"type":"Feature","geometry":{"type":"Point","coordinates":[41.477971,56.1854214]},"properties":{"name":"Погибшим за нашу Родину","cat":"touristic","kind":"Достопримечательность","website":null}},{"type":"Feature","geometry":{"type":"Point","coordinates":[42.69171,56.2032781]},"properties":{"name":"Герой Советского Союза Беседин А.В.","cat":"touristic","kind":"Достопримечательность","website":null}},{"type":"Feature","geometry":{"type":"Point","coordinates":[41.1196043,55.7235578]},"properties":{"name":"ВОВ","cat":"touristic","kind":"Достопримечательность","website":null}},{"type":"Feature","geometry":{"type":"Point","coordinates":[41.1222569,55.7242535]},"properties":{"name":"Воровский","cat":"touristic","kind":"Достопримечательность","website":null}},{"type":"Feature","geometry":{"type":"Point","coordinates":[39.1707656,55.9169778]},"properties":{"name":"Мемориал Великой Отечественной войны","cat":"touristic","kind":"Достопримечательность","website":null}},{"type":"Feature","geometry":{"type":"Point","coordinates":[40.4006881,56.1276804]},"properties":{"name":"Мальчик с рогаткой","cat":"touristic","kind":"Достопримечательность","website":null}},{"type":"Feature","geometry":{"type":"Point","coordinates":[40.7328248,55.9756788]},"properties":{"name":"1941-1945","cat":"touristic","kind":"Достопримечательность","website":null}},{"type":"Feature","geometry":{"type":"Point","coordinates":[40.8105791,56.2501415]},"properties":{"name":"Совхоз Второво","cat":"touristic","kind":"Достопримечательность","website":null}},{"type":"Feature","geometry":{"type":"Point","coordinates":[40.6770299,55.5949921]},"properties":{"name":"братская могила воинов, погибших от ран во время Великой Отечественной войны 1941-1945 годов.","cat":"touristic","kind":"Достопримечательность","website":null}},{"type":"Feature","geometry":{"type":"Point","coordinates":[40.6783174,55.5940691]},"properties":{"name":"памятник Венгерским военнопленным","cat":"touristic","kind":"Достопримечательность","website":null}},{"type":"Feature","geometry":{"type":"Point","coordinates":[40.2918853,56.303923]},"properties":{"name":"1941-1945","cat":"touristic","kind":"Достопримечательность","website":null}},{"type":"Feature","geometry":{"type":"Point","coordinates":[40.4985046,56.411385]},"properties":{"name":"1941-1945","cat":"touristic","kind":"Достопримечательность","website":null}},{"type":"Feature","geometry":{"type":"Point","coordinates":[38.7048483,56.3981377]},"properties":{"name":"Кирпичное здание вокзала Александров (1903г)","cat":"touristic","kind":"Достопримечательность","website":null}},{"type":"Feature","geometry":{"type":"Point","coordinates":[40.0480394,56.1457674]},"properties":{"name":"Сквер Юбилейный","cat":"touristic","kind":"Достопримечательность","website":null}},{"type":"Feature","geometry":{"type":"Point","coordinates":[40.1624496,56.1711206]},"properties":{"name":"1941-1945","cat":"touristic","kind":"Достопримечательность","website":null}},{"type":"Feature","geometry":{"type":"Point","coordinates":[41.63198,55.3382514]},"properties":{"name":"Ленин","cat":"touristic","kind":"Достопримечательность","website":null}},{"type":"Feature","geometry":{"type":"Point","coordinates":[41.603782,55.3462793]},"properties":{"name":"Мемориал ВОВ","cat":"touristic","kind":"Достопримечательность","website":null}},{"type":"Feature","geometry":{"type":"Point","coordinates":[41.6315705,55.3374127]},"properties":{"name":"Авганцам","cat":"touristic","kind":"Достопримечательность","website":null}},{"type":"Feature","geometry":{"type":"Point","coordinates":[42.6715772,56.2058715]},"properties":{"name":"В. И. Ленину","cat":"touristic","kind":"Достопримечательность","website":null}},{"type":"Feature","geometry":{"type":"Point","coordinates":[40.3903771,56.4205235]},"properties":{"name":"ООО Племзавод Стародворский. Молочный комплекс.","cat":"touristic","kind":"Достопримечательность","website":null}},{"type":"Feature","geometry":{"type":"Point","coordinates":[38.8766365,56.1134437]},"properties":{"name":"Вечный Огонь","cat":"touristic","kind":"Достопримечательность","website":null}},{"type":"Feature","geometry":{"type":"Point","coordinates":[39.0557062,56.3489117]},"properties":{"name":"Памятник с именами погибших в войну 1941-45гг","cat":"touristic","kind":"Достопримечательность","website":null}},{"type":"Feature","geometry":{"type":"Point","coordinates":[42.0543595,55.5821598]},"properties":{"name":"Пётр и Феврония","cat":"touristic","kind":"Достопримечательность","website":null}},{"type":"Feature","geometry":{"type":"Point","coordinates":[40.1826726,55.9686022]},"properties":{"name":"Воины д.Фролиха погибшие в годы ВОВ","cat":"touristic","kind":"Достопримечательность","website":null}},{"type":"Feature","geometry":{"type":"Point","coordinates":[42.698367,56.196102]},"properties":{"name":"Дом Шорина","cat":"touristic","kind":"Достопримечательность","website":null}},{"type":"Feature","geometry":{"type":"Point","coordinates":[40.3065672,56.006467]},"properties":{"name":"Радужный","cat":"touristic","kind":"Достопримечательность","website":null}},{"type":"Feature","geometry":{"type":"Point","coordinates":[40.313188,56.0097806]},"properties":{"name":"1941-1945","cat":"touristic","kind":"Достопримечательность","website":null}},{"type":"Feature","geometry":{"type":"Point","coordinates":[41.7098174,56.2985523]},"properties":{"name":"Воинам ВОВ","cat":"touristic","kind":"Достопримечательность","website":null}},{"type":"Feature","geometry":{"type":"Point","coordinates":[40.3754787,56.36298]},"properties":{"name":"1941-1945","cat":"touristic","kind":"Достопримечательность","website":null}},{"type":"Feature","geometry":{"type":"Point","coordinates":[40.4413413,56.220915]},"properties":{"name":"Фигура женщины с колосом","cat":"touristic","kind":"Достопримечательность","website":null}},{"type":"Feature","geometry":{"type":"Point","coordinates":[40.5195309,56.2102141]},"properties":{"name":"Панно на стене","cat":"touristic","kind":"Достопримечательность","website":null}},{"type":"Feature","geometry":{"type":"Point","coordinates":[40.5131645,56.2110511]},"properties":{"name":"1941-1945","cat":"touristic","kind":"Достопримечательность","website":null}},{"type":"Feature","geometry":{"type":"Point","coordinates":[40.4102834,56.1299915]},"properties":{"name":"Сердце","cat":"touristic","kind":"Достопримечательность","website":null}},{"type":"Feature","geometry":{"type":"Point","coordinates":[40.3998894,56.1260947]},"properties":{"name":"Пожарный","cat":"touristic","kind":"Достопримечательность","website":null}},{"type":"Feature","geometry":{"type":"Point","coordinates":[40.4015732,56.1264583]},"properties":{"name":"Филёр","cat":"touristic","kind":"Достопримечательность","website":null}},{"type":"Feature","geometry":{"type":"Point","coordinates":[39.6827503,56.4986571]},"properties":{"name":"Юрий Долгорукий","cat":"touristic","kind":"Достопримечательность","website":null}},{"type":"Feature","geometry":{"type":"Point","coordinates":[40.4012098,56.1264273]},"properties":{"name":"Столб таможенный","cat":"touristic","kind":"Достопримечательность","website":null}},{"type":"Feature","geometry":{"type":"Point","coordinates":[40.4013518,56.1264951]},"properties":{"name":"Шалопай","cat":"touristic","kind":"Достопримечательность","website":null}},{"type":"Feature","geometry":{"type":"Point","coordinates":[40.4175749,56.4294402]},"properties":{"name":"1941-1945 Вечная память павшим героям!","cat":"touristic","kind":"Достопримечательность","website":null}},{"type":"Feature","geometry":{"type":"Point","coordinates":[40.3419902,56.4038485]},"properties":{"name":"1941-1945","cat":"touristic","kind":"Достопримечательность","website":null}},{"type":"Feature","geometry":{"type":"Point","coordinates":[41.3167859,56.3636371]},"properties":{"name":"Мемориал погибшим дегтярёвцам","cat":"touristic","kind":"Достопримечательность","website":null}},{"type":"Feature","geometry":{"type":"Point","coordinates":[41.3157249,56.3636491]},"properties":{"name":"Бахирев В. В.","cat":"touristic","kind":"Достопримечательность","website":null}},{"type":"Feature","geometry":{"type":"Point","coordinates":[40.402519,56.1273628]},"properties":{"name":"Коновязь","cat":"touristic","kind":"Достопримечательность","website":null}},{"type":"Feature","geometry":{"type":"Point","coordinates":[40.7295054,55.7350914]},"properties":{"name":"Жертвам репрессий 1937-1938","cat":"touristic","kind":"Достопримечательность","website":null}},{"type":"Feature","geometry":{"type":"Point","coordinates":[40.6684712,55.6163306]},"properties":{"name":"Я Люблю Гусь - Хрустальный","cat":"touristic","kind":"Достопримечательность","website":null}},{"type":"Feature","geometry":{"type":"Point","coordinates":[41.6270761,55.335414]},"properties":{"name":"Доска почета","cat":"touristic","kind":"Достопримечательность","website":null}},{"type":"Feature","geometry":{"type":"Point","coordinates":[40.142026,56.0135153]},"properties":{"name":"Олени","cat":"touristic","kind":"Достопримечательность","website":null}},{"type":"Feature","geometry":{"type":"Point","coordinates":[40.2155261,55.6797142]},"properties":{"name":"Серп и молот","cat":"touristic","kind":"Достопримечательность","website":null}},{"type":"Feature","geometry":{"type":"Point","coordinates":[40.2259886,55.6654018]},"properties":{"name":"Уршель","cat":"touristic","kind":"Достопримечательность","website":null}},{"type":"Feature","geometry":{"type":"Point","coordinates":[40.5584616,56.2386515]},"properties":{"name":"В. И. Ленину","cat":"touristic","kind":"Достопримечательность","website":null}},{"type":"Feature","geometry":{"type":"Point","coordinates":[40.4739473,56.3195096]},"properties":{"name":"Отечественная война","cat":"touristic","kind":"Достопримечательность","website":null}},{"type":"Feature","geometry":{"type":"Point","coordinates":[40.445363,55.9470446]},"properties":{"name":"Завод Электроприбор","cat":"touristic","kind":"Достопримечательность","website":null}},{"type":"Feature","geometry":{"type":"Point","coordinates":[41.6169792,55.3361383]},"properties":{"name":"Ленин","cat":"touristic","kind":"Достопримечательность","website":null}},{"type":"Feature","geometry":{"type":"Point","coordinates":[41.6332259,55.3457986]},"properties":{"name":"1941-1945","cat":"touristic","kind":"Достопримечательность","website":null}},{"type":"Feature","geometry":{"type":"Point","coordinates":[39.0725164,55.8646458]},"properties":{"name":"Старинная фабрика","cat":"touristic","kind":"Достопримечательность","website":null}},{"type":"Feature","geometry":{"type":"Point","coordinates":[39.0760891,55.8653772]},"properties":{"name":"Фабричная казарма","cat":"touristic","kind":"Достопримечательность","website":null}},{"type":"Feature","geometry":{"type":"Point","coordinates":[41.9798314,55.5329892]},"properties":{"name":"50 лет Октябрьской революции","cat":"touristic","kind":"Достопримечательность","website":null}},{"type":"Feature","geometry":{"type":"Point","coordinates":[41.5769365,55.3333069]},"properties":{"name":"1941-1945","cat":"touristic","kind":"Достопримечательность","website":null}},{"type":"Feature","geometry":{"type":"Point","coordinates":[41.63463,55.34388]},"properties":{"name":"Погибщим революционерам","cat":"touristic","kind":"Достопримечательность","website":null}},{"type":"Feature","geometry":{"type":"Point","coordinates":[38.5764816,56.3694286]},"properties":{"name":"С. М. Кирову","cat":"touristic","kind":"Достопримечательность","website":null}},{"type":"Feature","geometry":{"type":"Point","coordinates":[38.8709659,56.1613116]},"properties":{"name":"Торговые ряды","cat":"touristic","kind":"Достопримечательность","website":null}},{"type":"Feature","geometry":{"type":"Point","coordinates":[39.9450667,56.0126884]},"properties":{"name":"М. И. Лакину","cat":"touristic","kind":"Достопримечательность","website":null}},{"type":"Feature","geometry":{"type":"Point","coordinates":[39.9452132,56.0145403]},"properties":{"name":"М. Горький","cat":"touristic","kind":"Достопримечательность","website":null}},{"type":"Feature","geometry":{"type":"Point","coordinates":[39.5744852,56.7814431]},"properties":{"name":"Никольская церковь","cat":"touristic","kind":"Достопримечательность","website":null}},{"type":"Feature","geometry":{"type":"Point","coordinates":[41.9923494,55.5934826]},"properties":{"name":"Былинный камень","cat":"touristic","kind":"Достопримечательность","website":null}},{"type":"Feature","geometry":{"type":"Point","coordinates":[39.9381867,56.2259776]},"properties":{"name":"Мемориал павшим в Великой Отечественной войне.","cat":"touristic","kind":"Достопримечательность","website":null}},{"type":"Feature","geometry":{"type":"Point","coordinates":[39.1621078,55.9208022]},"properties":{"name":"Могила С.И. Фуделя","cat":"touristic","kind":"Достопримечательность","website":null}},{"type":"Feature","geometry":{"type":"Point","coordinates":[42.0338358,55.5754699]},"properties":{"name":"Монумент Труду","cat":"touristic","kind":"Достопримечательность","website":null}},{"type":"Feature","geometry":{"type":"Point","coordinates":[42.0303742,55.5804743]},"properties":{"name":"мемориал Великой Отечественной войны","cat":"touristic","kind":"Достопримечательность","website":null}},{"type":"Feature","geometry":{"type":"Point","coordinates":[42.0301472,55.5804619]},"properties":{"name":"Вечная слава героям","cat":"touristic","kind":"Достопримечательность","website":null}},{"type":"Feature","geometry":{"type":"Point","coordinates":[40.376384,56.2672949]},"properties":{"name":"1941-1945","cat":"touristic","kind":"Достопримечательность","website":null}},{"type":"Feature","geometry":{"type":"Point","coordinates":[40.9005359,55.9318091]},"properties":{"name":"1941-1945","cat":"touristic","kind":"Достопримечательность","website":null}},{"type":"Feature","geometry":{"type":"Point","coordinates":[42.678051,56.2066924]},"properties":{"name":"С. М. Патоличеву","cat":"touristic","kind":"Достопримечательность","website":null}},{"type":"Feature","geometry":{"type":"Point","coordinates":[40.4273438,56.1358373]},"properties":{"name":"Николай Андрианов","cat":"touristic","kind":"Достопримечательность","website":null}},{"type":"Feature","geometry":{"type":"Point","coordinates":[42.6928022,56.2023342]},"properties":{"name":"Высоцкий","cat":"touristic","kind":"Достопримечательность","website":null}},{"type":"Feature","geometry":{"type":"Point","coordinates":[42.0527697,55.5783164]},"properties":{"name":"А. В. Ермаков","cat":"touristic","kind":"Достопримечательность","website":null}},{"type":"Feature","geometry":{"type":"Point","coordinates":[42.0575766,55.5781266]},"properties":{"name":"Участникам революции 1905 г.","cat":"touristic","kind":"Достопримечательность","website":null}},{"type":"Feature","geometry":{"type":"Point","coordinates":[42.0561874,55.5730645]},"properties":{"name":"Союз любви - мудрый брак","cat":"touristic","kind":"Достопримечательность","website":null}},{"type":"Feature","geometry":{"type":"Point","coordinates":[40.2814525,56.4705792]},"properties":{"name":"1941-1945","cat":"touristic","kind":"Достопримечательность","website":null}},{"type":"Feature","geometry":{"type":"Point","coordinates":[40.4130739,56.4583129]},"properties":{"name":"Суворовское","cat":"touristic","kind":"Достопримечательность","website":null}},{"type":"Feature","geometry":{"type":"Point","coordinates":[40.4284483,56.4324937]},"properties":{"name":"Андрей Рублёв","cat":"touristic","kind":"Достопримечательность","website":null}},{"type":"Feature","geometry":{"type":"Point","coordinates":[39.4896752,55.8047407]},"properties":{"name":"Памятник Евпатию Коловрату","cat":"touristic","kind":"Достопримечательность","website":null}},{"type":"Feature","geometry":{"type":"Point","coordinates":[41.3118303,56.3672915]},"properties":{"name":"Ковров - город воинской славы","cat":"touristic","kind":"Достопримечательность","website":null}},{"type":"Feature","geometry":{"type":"Point","coordinates":[40.3629501,56.1111851]},"properties":{"name":"1941-1945","cat":"touristic","kind":"Достопримечательность","website":null}},{"type":"Feature","geometry":{"type":"Point","coordinates":[41.018191,55.9512303]},"properties":{"name":"Муромцевский лесход теникум 1921","cat":"touristic","kind":"Достопримечательность","website":null}},{"type":"Feature","geometry":{"type":"Point","coordinates":[41.3119465,56.3616383]},"properties":{"name":"Г. С. Шпагину","cat":"touristic","kind":"Достопримечательность","website":null}},{"type":"Feature","geometry":{"type":"Point","coordinates":[41.3119706,56.3684992]},"properties":{"name":"Завод имени В.А.Дягтерева","cat":"touristic","kind":"Достопримечательность","website":null}},{"type":"Feature","geometry":{"type":"Point","coordinates":[38.5753544,56.385869]},"properties":{"name":"Погибшим в ВОВ","cat":"touristic","kind":"Достопримечательность","website":null}},{"type":"Feature","geometry":{"type":"Point","coordinates":[41.0996094,56.415983]},"properties":{"name":"1941—1945","cat":"touristic","kind":"Достопримечательность","website":null}},{"type":"Feature","geometry":{"type":"Point","coordinates":[40.9976023,56.3460847]},"properties":{"name":"В. И. Ленину","cat":"touristic","kind":"Достопримечательность","website":null}},{"type":"Feature","geometry":{"type":"Point","coordinates":[40.4749327,56.1607196]},"properties":{"name":"Семейный доктор","cat":"touristic","kind":"Достопримечательность","website":null}},{"type":"Feature","geometry":{"type":"Point","coordinates":[40.3932208,56.1498611]},"properties":{"name":"16- пост","cat":"touristic","kind":"Достопримечательность","website":null}},{"type":"Feature","geometry":{"type":"Point","coordinates":[39.1728222,55.9205616]},"properties":{"name":"Бывшая земская больница","cat":"touristic","kind":"Достопримечательность","website":null}},{"type":"Feature","geometry":{"type":"Point","coordinates":[39.1698199,55.9205277]},"properties":{"name":"Бывшее мужское училище","cat":"touristic","kind":"Достопримечательность","website":null}},{"type":"Feature","geometry":{"type":"Point","coordinates":[39.0082532,55.9597268]},"properties":{"name":"Замок","cat":"touristic","kind":"Достопримечательность","website":null}},{"type":"Feature","geometry":{"type":"Point","coordinates":[41.9377246,56.3693348]},"properties":{"name":"Мстёра","cat":"touristic","kind":"Достопримечательность","website":null}},{"type":"Feature","geometry":{"type":"Point","coordinates":[41.8895495,55.8828306]},"properties":{"name":"Камень с конем","cat":"touristic","kind":"Достопримечательность","website":null}},{"type":"Feature","geometry":{"type":"Point","coordinates":[41.761238,55.866873]},"properties":{"name":"БМП-1П","cat":"touristic","kind":"Достопримечательность","website":null}},{"type":"Feature","geometry":{"type":"Point","coordinates":[41.998309,55.5699197]},"properties":{"name":"Крыло","cat":"touristic","kind":"Достопримечательность","website":null}},{"type":"Feature","geometry":{"type":"Point","coordinates":[42.0378367,55.6062328]},"properties":{"name":"Погибшим солдатам","cat":"touristic","kind":"Достопримечательность","website":null}},{"type":"Feature","geometry":{"type":"Point","coordinates":[42.062102,55.5800466]},"properties":{"name":"Муром","cat":"touristic","kind":"Достопримечательность","website":null}},{"type":"Feature","geometry":{"type":"Point","coordinates":[42.0796564,55.5507842]},"properties":{"name":"Мемориал Великой Отечественной войны","cat":"touristic","kind":"Достопримечательность","website":null}},{"type":"Feature","geometry":{"type":"Point","coordinates":[42.0557392,55.5620331]},"properties":{"name":"30-летие со дня Победы в Великой Отечественной войне","cat":"touristic","kind":"Достопримечательность","website":null}},{"type":"Feature","geometry":{"type":"Point","coordinates":[38.8788784,56.4254688]},"properties":{"name":"Павшим воинам","cat":"touristic","kind":"Достопримечательность","website":null}},{"type":"Feature","geometry":{"type":"Point","coordinates":[41.9653849,55.5188936]},"properties":{"name":"Воинам-Вербовчанам","cat":"touristic","kind":"Достопримечательность","website":null}},{"type":"Feature","geometry":{"type":"Point","coordinates":[41.9657148,55.5243674]},"properties":{"name":"М. И. Ермакову","cat":"touristic","kind":"Достопримечательность","website":null}},{"type":"Feature","geometry":{"type":"Point","coordinates":[39.984709,55.9425784]},"properties":{"name":"Дракон","cat":"touristic","kind":"Достопримечательность","website":null}},{"type":"Feature","geometry":{"type":"Point","coordinates":[41.9725397,55.5270198]},"properties":{"name":"50-летие Муромского приборостроительного завода","cat":"touristic","kind":"Достопримечательность","website":null}},{"type":"Feature","geometry":{"type":"Point","coordinates":[41.9763109,55.5295027]},"properties":{"name":"Место последнего барака посёлка Вербовский","cat":"touristic","kind":"Достопримечательность","website":null}},{"type":"Feature","geometry":{"type":"Point","coordinates":[40.3176248,56.1472499]},"properties":{"name":"Танкистам","cat":"touristic","kind":"Достопримечательность","website":null}},{"type":"Feature","geometry":{"type":"Point","coordinates":[40.3953405,56.1259923]},"properties":{"name":"Провинциальным актёрам","cat":"touristic","kind":"Достопримечательность","website":null}},{"type":"Feature","geometry":{"type":"Point","coordinates":[38.8765186,56.1632353]},"properties":{"name":"Бывший дом Винокуровых - Рябовых","cat":"touristic","kind":"Достопримечательность","website":null}},{"type":"Feature","geometry":{"type":"Point","coordinates":[40.5634645,55.6598986]},"properties":{"name":"В.И. Ленин","cat":"touristic","kind":"Достопримечательность","website":null}},{"type":"Feature","geometry":{"type":"Point","coordinates":[40.4024336,56.1267858]},"properties":{"name":"Подкова","cat":"touristic","kind":"Достопримечательность","website":null}},{"type":"Feature","geometry":{"type":"Point","coordinates":[38.5888089,56.3698119]},"properties":{"name":"Первому спутнику","cat":"touristic","kind":"Достопримечательность","website":null}},{"type":"Feature","geometry":{"type":"Point","coordinates":[38.5886782,56.3695403]},"properties":{"name":"100 лет комбинату","cat":"touristic","kind":"Достопримечательность","website":null}},{"type":"Feature","geometry":{"type":"Point","coordinates":[42.0305886,55.580555]},"properties":{"name":"Моряк","cat":"touristic","kind":"Достопримечательность","website":null}},{"type":"Feature","geometry":{"type":"Point","coordinates":[42.0305987,55.5804275]},"properties":{"name":"Солдат","cat":"touristic","kind":"Достопримечательность","website":null}},{"type":"Feature","geometry":{"type":"Point","coordinates":[42.033974,55.5715308]},"properties":{"name":"Белый медведь","cat":"touristic","kind":"Достопримечательность","website":null}},{"type":"Feature","geometry":{"type":"Point","coordinates":[42.0612913,55.5742375]},"properties":{"name":"Р. А. Белякову","cat":"touristic","kind":"Достопримечательность","website":null}},{"type":"Feature","geometry":{"type":"Point","coordinates":[42.0621246,55.5728377]},"properties":{"name":"Погибшим солдатам","cat":"touristic","kind":"Достопримечательность","website":null}},{"type":"Feature","geometry":{"type":"Point","coordinates":[42.069833,55.5721099]},"properties":{"name":"А. М. Краснухину","cat":"touristic","kind":"Достопримечательность","website":null}},{"type":"Feature","geometry":{"type":"Point","coordinates":[41.9754729,55.5295196]},"properties":{"name":"Флаг","cat":"touristic","kind":"Достопримечательность","website":null}},{"type":"Feature","geometry":{"type":"Point","coordinates":[42.051666,55.5798363]},"properties":{"name":"Жертвам политических репрессий","cat":"touristic","kind":"Достопримечательность","website":null}},{"type":"Feature","geometry":{"type":"Point","coordinates":[42.0452495,55.5769683]},"properties":{"name":"Пионер","cat":"touristic","kind":"Достопримечательность","website":null}},{"type":"Feature","geometry":{"type":"Point","coordinates":[42.6409475,56.1731905]},"properties":{"name":"В.И. Ленин","cat":"touristic","kind":"Достопримечательность","website":null}},{"type":"Feature","geometry":{"type":"Point","coordinates":[42.6421759,56.1721423]},"properties":{"name":"Мемориал ВОВ","cat":"touristic","kind":"Достопримечательность","website":null}},{"type":"Feature","geometry":{"type":"Point","coordinates":[41.225433,56.3682592]},"properties":{"name":"ИС-3","cat":"touristic","kind":"Достопримечательность","website":null}},{"type":"Feature","geometry":{"type":"Point","coordinates":[40.44532,56.4274255]},"properties":{"name":"Усадьба землемера Пустоханова","cat":"touristic","kind":"Достопримечательность","website":null}},{"type":"Feature","geometry":{"type":"Point","coordinates":[39.9850979,55.9432806]},"properties":{"name":"Ленин","cat":"touristic","kind":"Достопримечательность","website":null}},{"type":"Feature","geometry":{"type":"Point","coordinates":[39.9853903,55.9456238]},"properties":{"name":"База отдыха \"Крутояк\"","cat":"touristic","kind":"Достопримечательность","website":null}},{"type":"Feature","geometry":{"type":"Point","coordinates":[42.0172991,55.5637698]},"properties":{"name":"Н.К. фон Мекк","cat":"touristic","kind":"Достопримечательность","website":null}},{"type":"Feature","geometry":{"type":"Point","coordinates":[42.0198378,55.563653]},"properties":{"name":"Вагон","cat":"touristic","kind":"Достопримечательность","website":null}},{"type":"Feature","geometry":{"type":"Point","coordinates":[42.0189929,55.5636333]},"properties":{"name":"Паровоз Л-2248","cat":"touristic","kind":"Достопримечательность","website":null}},{"type":"Feature","geometry":{"type":"Point","coordinates":[38.7110995,56.3943856]},"properties":{"name":"Памятник Афганцам","cat":"touristic","kind":"Достопримечательность","website":null}},{"type":"Feature","geometry":{"type":"Point","coordinates":[40.3728408,56.1451237]},"properties":{"name":"Братья Столетовы. Картина на стене","cat":"touristic","kind":"Достопримечательность","website":null}},{"type":"Feature","geometry":{"type":"Point","coordinates":[40.6660171,55.2468258]},"properties":{"name":"Монумент погибшим воинам за нашу Родину","cat":"touristic","kind":"Достопримечательность","website":null}},{"type":"Feature","geometry":{"type":"Point","coordinates":[40.5276686,55.9923747]},"properties":{"name":"1941-1945","cat":"touristic","kind":"Достопримечательность","website":null}},{"type":"Feature","geometry":{"type":"Point","coordinates":[39.3739533,56.2940655]},"properties":{"name":"Памятник Защитникам Отечества","cat":"touristic","kind":"Достопримечательность","website":null}},{"type":"Feature","geometry":{"type":"Point","coordinates":[39.3735419,56.293803]},"properties":{"name":"Мемориал павшим в Великой Отечественной войне","cat":"touristic","kind":"Достопримечательность","website":null}},{"type":"Feature","geometry":{"type":"Point","coordinates":[39.3852998,56.3018807]},"properties":{"name":"Памятник С. Орджоникидзе","cat":"touristic","kind":"Достопримечательность","website":null}},{"type":"Feature","geometry":{"type":"Point","coordinates":[39.3820531,56.3026179]},"properties":{"name":"А. Г. Кольчугину","cat":"touristic","kind":"Достопримечательность","website":null}},{"type":"Feature","geometry":{"type":"Point","coordinates":[39.3688065,56.2972759]},"properties":{"name":"Ленин и девочка","cat":"touristic","kind":"Достопримечательность","website":null}},{"type":"Feature","geometry":{"type":"Point","coordinates":[39.3837562,56.3007585]},"properties":{"name":"В. И. Ленину","cat":"touristic","kind":"Достопримечательность","website":null}},{"type":"Feature","geometry":{"type":"Point","coordinates":[39.3825736,56.3027849]},"properties":{"name":"Металлург ЭКЗ","cat":"touristic","kind":"Достопримечательность","website":null}},{"type":"Feature","geometry":{"type":"Point","coordinates":[39.3829287,56.3028573]},"properties":{"name":"Медный провод","cat":"touristic","kind":"Достопримечательность","website":null}},{"type":"Feature","geometry":{"type":"Point","coordinates":[39.3795903,56.3032713]},"properties":{"name":"Старая заводская телега","cat":"touristic","kind":"Достопримечательность","website":null}},{"type":"Feature","geometry":{"type":"Point","coordinates":[39.3673316,56.2967733]},"properties":{"name":"Рисунок города","cat":"touristic","kind":"Достопримечательность","website":null}},{"type":"Feature","geometry":{"type":"Point","coordinates":[38.733658,56.3992801]},"properties":{"name":"Иоанну Грозному","cat":"touristic","kind":"Достопримечательность","website":null}},{"type":"Feature","geometry":{"type":"Point","coordinates":[40.0209135,55.997103]},"properties":{"name":"Всем пограничникам России","cat":"touristic","kind":"Достопримечательность","website":null}},{"type":"Feature","geometry":{"type":"Point","coordinates":[40.0214164,55.9972882]},"properties":{"name":"Дерево любви","cat":"touristic","kind":"Достопримечательность","website":null}},{"type":"Feature","geometry":{"type":"Point","coordinates":[38.8704763,56.1454374]},"properties":{"name":"Планеристам, погибшим в годы II мировой войны","cat":"touristic","kind":"Достопримечательность","website":null}},{"type":"Feature","geometry":{"type":"Point","coordinates":[39.3767761,56.2943308]},"properties":{"name":"Я люблю Кольчугино","cat":"touristic","kind":"Достопримечательность","website":null}},{"type":"Feature","geometry":{"type":"Point","coordinates":[38.8713543,56.1406832]},"properties":{"name":"Бывшее здание больницы шёлкокомбината","cat":"touristic","kind":"Достопримечательность","website":null}},{"type":"Feature","geometry":{"type":"Point","coordinates":[38.8663081,56.1381677]},"properties":{"name":"Бывшая фабрика купцов Соловьёвых","cat":"touristic","kind":"Достопримечательность","website":null}},{"type":"Feature","geometry":{"type":"Point","coordinates":[38.8826383,56.1643126]},"properties":{"name":"Бывшее здание ремесленной школы","cat":"touristic","kind":"Достопримечательность","website":null}},{"type":"Feature","geometry":{"type":"Point","coordinates":[38.8730691,56.1617059]},"properties":{"name":"Бывшие склады Мараева","cat":"touristic","kind":"Достопримечательность","website":null}},{"type":"Feature","geometry":{"type":"Point","coordinates":[40.466659,56.1692575]},"properties":{"name":"В. Янковскому","cat":"touristic","kind":"Достопримечательность","website":null}},{"type":"Feature","geometry":{"type":"Point","coordinates":[39.3741697,56.2938962]},"properties":{"name":"Световая инсталяция Цветок","cat":"touristic","kind":"Достопримечательность","website":null}},{"type":"Feature","geometry":{"type":"Point","coordinates":[39.3776406,56.293612]},"properties":{"name":"Древо новобрачных","cat":"touristic","kind":"Достопримечательность","website":null}},{"type":"Feature","geometry":{"type":"Point","coordinates":[39.9350265,56.3740517]},"properties":{"name":"Шлем","cat":"touristic","kind":"Достопримечательность","website":null}},{"type":"Feature","geometry":{"type":"Point","coordinates":[42.0503238,55.5766867]},"properties":{"name":"Артеллеристам-муромлянам","cat":"touristic","kind":"Достопримечательность","website":null}},{"type":"Feature","geometry":{"type":"Point","coordinates":[39.457034,55.9310278]},"properties":{"name":"Петух","cat":"touristic","kind":"Достопримечательность","website":null}},{"type":"Feature","geometry":{"type":"Point","coordinates":[40.3752387,56.2590646]},"properties":{"name":"Племенной бык","cat":"touristic","kind":"Достопримечательность","website":null}},{"type":"Feature","geometry":{"type":"Point","coordinates":[41.2917294,55.2851196]},"properties":{"name":"ВОВ","cat":"touristic","kind":"Достопримечательность","website":null}},{"type":"Feature","geometry":{"type":"Point","coordinates":[40.0185424,55.9948814]},"properties":{"name":"Барельеф Ленин","cat":"touristic","kind":"Достопримечательность","website":null}},{"type":"Feature","geometry":{"type":"Point","coordinates":[41.7185745,55.1338707]},"properties":{"name":"Пушка","cat":"touristic","kind":"Достопримечательность","website":null}},{"type":"Feature","geometry":{"type":"Point","coordinates":[41.718579,55.1339024]},"properties":{"name":"Гандарейка","cat":"touristic","kind":"Достопримечательность","website":null}},{"type":"Feature","geometry":{"type":"Point","coordinates":[42.0297541,55.9180296]},"properties":{"name":"Церковь Николая Чудотворца в Старой Замотре","cat":"touristic","kind":"Достопримечательность","website":null}},{"type":"Feature","geometry":{"type":"Point","coordinates":[42.0182154,55.9309655]},"properties":{"name":"Мемориал Великой Отечественной войны","cat":"touristic","kind":"Достопримечательность","website":null}},{"type":"Feature","geometry":{"type":"Point","coordinates":[41.8504441,55.5834434]},"properties":{"name":"Церковь Василия Великого","cat":"touristic","kind":"Достопримечательность","website":null}},{"type":"Feature","geometry":{"type":"Point","coordinates":[41.6882423,55.4673876]},"properties":{"name":"Мемориал ВОВ","cat":"touristic","kind":"Достопримечательность","website":null}},{"type":"Feature","geometry":{"type":"Point","coordinates":[41.7571973,55.5588494]},"properties":{"name":"Мемориал ВОВ","cat":"touristic","kind":"Достопримечательность","website":null}},{"type":"Feature","geometry":{"type":"Point","coordinates":[41.4974916,55.5207982]},"properties":{"name":"Мемориал ВОВ","cat":"touristic","kind":"Достопримечательность","website":null}},{"type":"Feature","geometry":{"type":"Point","coordinates":[41.537334,55.4834419]},"properties":{"name":"Мемориал ВОВ","cat":"touristic","kind":"Достопримечательность","website":null}},{"type":"Feature","geometry":{"type":"Point","coordinates":[41.5862708,55.3740015]},"properties":{"name":"Мемориал ВОВ","cat":"touristic","kind":"Достопримечательность","website":null}},{"type":"Feature","geometry":{"type":"Point","coordinates":[41.9736482,55.5777879]},"properties":{"name":"Мемориал ВОВ","cat":"touristic","kind":"Достопримечательность","website":null}},{"type":"Feature","geometry":{"type":"Point","coordinates":[40.2049291,55.584221]},"properties":{"name":"Избушка Бабы Яги","cat":"touristic","kind":"Достопримечательность","website":null}},{"type":"Feature","geometry":{"type":"Point","coordinates":[40.1950693,55.5816347]},"properties":{"name":"Мельница","cat":"touristic","kind":"Достопримечательность","website":null}},{"type":"Feature","geometry":{"type":"Point","coordinates":[41.0433206,55.2818208]},"properties":{"name":"Колхоз \"Буревестник\"","cat":"touristic","kind":"Достопримечательность","website":null}},{"type":"Feature","geometry":{"type":"Point","coordinates":[40.6619051,55.7016311]},"properties":{"name":"Памятник Ленину","cat":"touristic","kind":"Достопримечательность","website":null}},{"type":"Feature","geometry":{"type":"Point","coordinates":[40.4376858,55.7805553]},"properties":{"name":"Иванищи","cat":"touristic","kind":"Достопримечательность","website":null}},{"type":"Feature","geometry":{"type":"Point","coordinates":[39.6469653,56.0305172]},"properties":{"name":"Усадьба Воронцовых-Дашковых","cat":"touristic","kind":"Достопримечательность","website":null}},{"type":"Feature","geometry":{"type":"Point","coordinates":[40.3838874,56.1495971]},"properties":{"name":"В. И. Ленину","cat":"touristic","kind":"Достопримечательность","website":null}},{"type":"Feature","geometry":{"type":"Point","coordinates":[40.8000469,55.6341919]},"properties":{"name":"Дружба","cat":"touristic","kind":"Достопримечательность","website":null}},{"type":"Feature","geometry":{"type":"Point","coordinates":[40.657104,55.6261973]},"properties":{"name":"Мать с ребенком","cat":"touristic","kind":"Достопримечательность","website":null}},{"type":"Feature","geometry":{"type":"Point","coordinates":[38.7209987,56.0024036]},"properties":{"name":"Погибли при пожаре на торфоразработках летом 1932 года","cat":"touristic","kind":"Достопримечательность","website":null}},{"type":"Feature","geometry":{"type":"Point","coordinates":[42.0883351,55.5312811]},"properties":{"name":"Дом Гущиных","cat":"touristic","kind":"Достопримечательность","website":null}},{"type":"Feature","geometry":{"type":"Point","coordinates":[40.4469739,56.4226372]},"properties":{"name":"Дом Бальзаминова","cat":"touristic","kind":"Достопримечательность","website":null}},{"type":"Feature","geometry":{"type":"Point","coordinates":[38.9805576,56.2193915]},"properties":{"name":"Героям ВОВ","cat":"touristic","kind":"Достопримечательность","website":null}},{"type":"Feature","geometry":{"type":"Point","coordinates":[40.6831241,56.0807939]},"properties":{"name":"Веселовский Сергей Валерьевич","cat":"touristic","kind":"Достопримечательность","website":null}},{"type":"Feature","geometry":{"type":"Point","coordinates":[40.3970171,56.129061]},"properties":{"name":"Книга и чернильница с пером","cat":"touristic","kind":"Достопримечательность","website":null}},{"type":"Feature","geometry":{"type":"Point","coordinates":[41.754519,55.181523]},"properties":{"name":"Вечная память мятежным санчурцам-борцам за народное счастье","cat":"touristic","kind":"Достопримечательность","website":null}},{"type":"Feature","geometry":{"type":"Point","coordinates":[41.7543977,55.1816087]},"properties":{"name":"Памятный знако на месте разрушенной церкви святого Николая Чудотворца","cat":"touristic","kind":"Достопримечательность","website":null}},{"type":"Feature","geometry":{"type":"Point","coordinates":[41.7534113,55.1761551]},"properties":{"name":"Защитникам Отечества","cat":"touristic","kind":"Достопримечательность","website":null}},{"type":"Feature","geometry":{"type":"Point","coordinates":[40.5334931,56.2423574]},"properties":{"name":"Вид на Нерль","cat":"touristic","kind":"Достопримечательность","website":null}},{"type":"Feature","geometry":{"type":"Point","coordinates":[39.7312255,56.5957012]},"properties":{"name":"В память о Липицкой битве","cat":"touristic","kind":"Достопримечательность","website":null}},{"type":"Feature","geometry":{"type":"Point","coordinates":[40.492227,56.078243]},"properties":{"name":"1941-1945","cat":"touristic","kind":"Достопримечательность","website":null}},{"type":"Feature","geometry":{"type":"Point","coordinates":[40.5611721,56.0015667]},"properties":{"name":"1941-1945","cat":"touristic","kind":"Достопримечательность","website":null}},{"type":"Feature","geometry":{"type":"Point","coordinates":[40.4500589,56.4197321]},"properties":{"name":"Парк деревянных фигур","cat":"touristic","kind":"Достопримечательность","website":null}},{"type":"Feature","geometry":{"type":"Point","coordinates":[39.0183401,56.0476259]},"properties":{"name":"МиГ-15УТИ (27.03.1968г.)","cat":"touristic","kind":"Достопримечательность","website":null}},{"type":"Feature","geometry":{"type":"Point","coordinates":[41.6272127,55.3356016]},"properties":{"name":"Пушка","cat":"touristic","kind":"Достопримечательность","website":null}},{"type":"Feature","geometry":{"type":"Point","coordinates":[41.6079136,55.3282908]},"properties":{"name":"Флаг коммунистов","cat":"touristic","kind":"Достопримечательность","website":null}},{"type":"Feature","geometry":{"type":"Point","coordinates":[41.604819,55.325381]},"properties":{"name":"Бетонный колодец","cat":"touristic","kind":"Достопримечательность","website":null}},{"type":"Feature","geometry":{"type":"Point","coordinates":[42.1690719,56.202352]},"properties":{"name":"Вязниковский соловей","cat":"touristic","kind":"Достопримечательность","website":null}},{"type":"Feature","geometry":{"type":"Point","coordinates":[39.1843218,55.9044461]},"properties":{"name":"Ветряная мельница","cat":"touristic","kind":"Достопримечательность","website":null}},{"type":"Feature","geometry":{"type":"Point","coordinates":[40.794916,56.266256]},"properties":{"name":"Героям Великой Отечественной dойны 1941-1945 гг.","cat":"touristic","kind":"Достопримечательность","website":null}},{"type":"Feature","geometry":{"type":"Point","coordinates":[38.7290806,56.3595785]},"properties":{"name":"усадьба Крутец","cat":"touristic","kind":"Достопримечательность","website":null}},{"type":"Feature","geometry":{"type":"Point","coordinates":[39.5595548,56.3940403]},"properties":{"name":"Пушкин","cat":"touristic","kind":"Достопримечательность","website":null}},{"type":"Feature","geometry":{"type":"Point","coordinates":[41.5046097,55.3816102]},"properties":{"name":"Мемориал ВОВ","cat":"touristic","kind":"Достопримечательность","website":null}},{"type":"Feature","geometry":{"type":"Point","coordinates":[41.6478629,55.3395855]},"properties":{"name":"ВОВ","cat":"touristic","kind":"Достопримечательность","website":null}},{"type":"Feature","geometry":{"type":"Point","coordinates":[39.9214811,55.9774819]},"properties":{"name":"Вечный огонь","cat":"touristic","kind":"Достопримечательность","website":null}},{"type":"Feature","geometry":{"type":"Point","coordinates":[38.8247906,56.3163048]},"properties":{"name":"Огромная ёлка","cat":"touristic","kind":"Достопримечательность","website":null}},{"type":"Feature","geometry":{"type":"Point","coordinates":[38.6409819,56.267393]},"properties":{"name":"ВОВ","cat":"touristic","kind":"Достопримечательность","website":null}},{"type":"Feature","geometry":{"type":"Point","coordinates":[39.8530984,56.2793027]},"properties":{"name":"Усадьба Фетинино","cat":"touristic","kind":"Достопримечательность","website":null}},{"type":"Feature","geometry":{"type":"Point","coordinates":[40.4474115,56.4133835]},"properties":{"name":"Пушка","cat":"touristic","kind":"Достопримечательность","website":null}},{"type":"Feature","geometry":{"type":"Point","coordinates":[39.5308152,56.7675022]},"properties":{"name":"Остатки декстринового завода","cat":"touristic","kind":"Достопримечательность","website":null}},{"type":"Feature","geometry":{"type":"Point","coordinates":[41.628971,55.274168]},"properties":{"name":"ВОВ","cat":"touristic","kind":"Достопримечательность","website":null}},{"type":"Feature","geometry":{"type":"Point","coordinates":[40.6043282,56.1835792]},"properties":{"name":"Ленин","cat":"touristic","kind":"Достопримечательность","website":null}},{"type":"Feature","geometry":{"type":"Point","coordinates":[40.2220261,56.2606665]},"properties":{"name":"1941-1945","cat":"touristic","kind":"Достопримечательность","website":null}},{"type":"Feature","geometry":{"type":"Point","coordinates":[39.5502457,56.6833946]},"properties":{"name":"Ансамбль усадьбы князей Голицыных","cat":"touristic","kind":"Достопримечательность","website":null}},{"type":"Feature","geometry":{"type":"Point","coordinates":[41.6220521,55.235817]},"properties":{"name":"ВОВ","cat":"touristic","kind":"Достопримечательность","website":null}},{"type":"Feature","geometry":{"type":"Point","coordinates":[40.5371013,56.4974802]},"properties":{"name":"Павшим воинам Второй Мировой войны 1939-1945","cat":"touristic","kind":"Достопримечательность","website":null}},{"type":"Feature","geometry":{"type":"Point","coordinates":[40.0225111,56.239007]},"properties":{"name":"1941-1945","cat":"touristic","kind":"Достопримечательность","website":null}},{"type":"Feature","geometry":{"type":"Point","coordinates":[38.8574076,56.1566107]},"properties":{"name":"Зайчушка","cat":"touristic","kind":"Достопримечательность","website":null}},{"type":"Feature","geometry":{"type":"Point","coordinates":[38.6866324,56.3135106]},"properties":{"name":"братская могила","cat":"touristic","kind":"Достопримечательность","website":null}},{"type":"Feature","geometry":{"type":"Point","coordinates":[42.1154552,56.3278588]},"properties":{"name":"1941-1945","cat":"touristic","kind":"Достопримечательность","website":null}},{"type":"Feature","geometry":{"type":"Point","coordinates":[41.0722885,55.9411676]},"properties":{"name":"1941-1945","cat":"touristic","kind":"Достопримечательность","website":null}},{"type":"Feature","geometry":{"type":"Point","coordinates":[39.9964046,56.3639611]},"properties":{"name":"Ленин","cat":"touristic","kind":"Достопримечательность","website":null}},{"type":"Feature","geometry":{"type":"Point","coordinates":[40.1268836,56.2738277]},"properties":{"name":"1941-1945","cat":"touristic","kind":"Достопримечательность","website":null}},{"type":"Feature","geometry":{"type":"Point","coordinates":[40.0031795,56.3054349]},"properties":{"name":"1941-1945","cat":"touristic","kind":"Достопримечательность","website":null}},{"type":"Feature","geometry":{"type":"Point","coordinates":[38.5513861,56.2756222]},"properties":{"name":"ВОВ","cat":"touristic","kind":"Достопримечательность","website":null}},{"type":"Feature","geometry":{"type":"Point","coordinates":[40.9333096,56.2670409]},"properties":{"name":"1941-1945","cat":"touristic","kind":"Достопримечательность","website":null}},{"type":"Feature","geometry":{"type":"Point","coordinates":[40.9349867,56.3159821]},"properties":{"name":"1941-1945","cat":"touristic","kind":"Достопримечательность","website":null}},{"type":"Feature","geometry":{"type":"Point","coordinates":[39.9583583,56.2936231]},"properties":{"name":"1941-1945","cat":"touristic","kind":"Достопримечательность","website":null}},{"type":"Feature","geometry":{"type":"Point","coordinates":[40.8567221,56.2331379]},"properties":{"name":"1941-1945","cat":"touristic","kind":"Достопримечательность","website":null}},{"type":"Feature","geometry":{"type":"Point","coordinates":[41.038876,56.2222581]},"properties":{"name":"1942-1945","cat":"touristic","kind":"Достопримечательность","website":null}},{"type":"Feature","geometry":{"type":"Point","coordinates":[40.4519132,56.409433]},"properties":{"name":"Курган Мжарский могильник","cat":"touristic","kind":"Достопримечательность","website":null}},{"type":"Feature","geometry":{"type":"Point","coordinates":[39.2486034,55.8825051]},"properties":{"name":"Руины старого Марковского моста","cat":"touristic","kind":"Достопримечательность","website":null}},{"type":"Feature","geometry":{"type":"Point","coordinates":[42.146513,55.8925568]},"properties":{"name":"ВОВ","cat":"touristic","kind":"Достопримечательность","website":null}},{"type":"Feature","geometry":{"type":"Point","coordinates":[42.3675587,55.9616727]},"properties":{"name":"Воинам-землякам","cat":"touristic","kind":"Достопримечательность","website":null}},{"type":"Feature","geometry":{"type":"Point","coordinates":[38.71587,56.3096189]},"properties":{"name":"Мой комбинат - моя гордость","cat":"touristic","kind":"Достопримечательность","website":null}},{"type":"Feature","geometry":{"type":"Point","coordinates":[38.5885192,56.3700842]},"properties":{"name":"Доска почета","cat":"touristic","kind":"Достопримечательность","website":null}},{"type":"Feature","geometry":{"type":"Point","coordinates":[41.6252485,55.335807]},"properties":{"name":"животные","cat":"touristic","kind":"Достопримечательность","website":null}},{"type":"Feature","geometry":{"type":"Point","coordinates":[39.4464841,56.0734018]},"properties":{"name":"Усадьба Воспушка","cat":"touristic","kind":"Достопримечательность","website":null}},{"type":"Feature","geometry":{"type":"Point","coordinates":[40.6710275,55.6145811]},"properties":{"name":"Хрустальный гусь","cat":"touristic","kind":"Достопримечательность","website":null}},{"type":"Feature","geometry":{"type":"Point","coordinates":[38.8786903,56.1640986]},"properties":{"name":"Пограничникам","cat":"touristic","kind":"Достопримечательность","website":null}},{"type":"Feature","geometry":{"type":"Point","coordinates":[38.8800381,56.1644073]},"properties":{"name":"Маргелов","cat":"touristic","kind":"Достопримечательность","website":null}},{"type":"Feature","geometry":{"type":"Point","coordinates":[38.880056,56.16427]},"properties":{"name":"Военная техника","cat":"touristic","kind":"Достопримечательность","website":null}},{"type":"Feature","geometry":{"type":"Point","coordinates":[38.8736249,56.1419499]},"properties":{"name":"В. И. Ленину","cat":"touristic","kind":"Достопримечательность","website":null}},{"type":"Feature","geometry":{"type":"Point","coordinates":[40.4014852,56.1262488]},"properties":{"name":"Варенье","cat":"touristic","kind":"Достопримечательность","website":null}},{"type":"Feature","geometry":{"type":"Point","coordinates":[39.381573,56.29867]},"properties":{"name":"Водонапорная башня","cat":"touristic","kind":"Достопримечательность","website":null}},{"type":"Feature","geometry":{"type":"Point","coordinates":[40.3975163,55.648357]},"properties":{"name":"Лесной мост через реку","cat":"touristic","kind":"Достопримечательность","website":null}},{"type":"Feature","geometry":{"type":"Point","coordinates":[42.0189083,55.5748773]},"properties":{"name":"Погибшим при исполнении воинского долга","cat":"touristic","kind":"Достопримечательность","website":null}},{"type":"Feature","geometry":{"type":"Point","coordinates":[40.6922186,55.6149133]},"properties":{"name":"Памятник Ленину","cat":"touristic","kind":"Достопримечательность","website":null}},{"type":"Feature","geometry":{"type":"Point","coordinates":[40.6433351,55.6171364]},"properties":{"name":"Памятник Ф.Э. Дзержинскому","cat":"touristic","kind":"Достопримечательность","website":null}},{"type":"Feature","geometry":{"type":"Point","coordinates":[40.6439781,55.6217606]},"properties":{"name":"Памятник Ленину","cat":"touristic","kind":"Достопримечательность","website":null}},{"type":"Feature","geometry":{"type":"Point","coordinates":[38.8584495,56.1173462]},"properties":{"name":"Погибщим в 1941-1945","cat":"touristic","kind":"Достопримечательность","website":null}},{"type":"Feature","geometry":{"type":"Point","coordinates":[38.8750014,56.1427791]},"properties":{"name":"Героям, павшим в ВОВ 1941-1945","cat":"touristic","kind":"Достопримечательность","website":null}},{"type":"Feature","geometry":{"type":"Point","coordinates":[38.8951743,56.1606486]},"properties":{"name":"Погибшим в ВОВ","cat":"touristic","kind":"Достопримечательность","website":null}},{"type":"Feature","geometry":{"type":"Point","coordinates":[38.8304445,56.1661507]},"properties":{"name":"В. В. Томаровичу","cat":"touristic","kind":"Достопримечательность","website":null}},{"type":"Feature","geometry":{"type":"Point","coordinates":[41.9434948,55.6158093]},"properties":{"name":"Племзавод Нива","cat":"touristic","kind":"Достопримечательность","website":null}},{"type":"Feature","geometry":{"type":"Point","coordinates":[41.967263,55.6039019]},"properties":{"name":"Племзавод Нива","cat":"touristic","kind":"Достопримечательность","website":null}},{"type":"Feature","geometry":{"type":"Point","coordinates":[38.6923912,56.1072171]},"properties":{"name":"Воинам, павшим в ВОВ","cat":"touristic","kind":"Достопримечательность","website":null}},{"type":"Feature","geometry":{"type":"Point","coordinates":[39.0148973,56.1058067]},"properties":{"name":"Воинам, павшим в ВОВ","cat":"touristic","kind":"Достопримечательность","website":null}},{"type":"Feature","geometry":{"type":"Point","coordinates":[39.1556194,56.2594534]},"properties":{"name":"1 рубль","cat":"touristic","kind":"Достопримечательность","website":null}},{"type":"Feature","geometry":{"type":"Point","coordinates":[42.7026433,56.1976279]},"properties":{"name":"Дом Кучина","cat":"touristic","kind":"Достопримечательность","website":null}},{"type":"Feature","geometry":{"type":"Point","coordinates":[39.1780423,55.9187346]},"properties":{"name":"Крест","cat":"touristic","kind":"Достопримечательность","website":null}},{"type":"Feature","geometry":{"type":"Point","coordinates":[39.1775271,55.918367]},"properties":{"name":"В.И.Ленин","cat":"touristic","kind":"Достопримечательность","website":null}},{"type":"Feature","geometry":{"type":"Point","coordinates":[42.0066666,55.4174205]},"properties":{"name":"Мемориал ВОВ","cat":"touristic","kind":"Достопримечательность","website":null}},{"type":"Feature","geometry":{"type":"Point","coordinates":[42.0768061,55.4252857]},"properties":{"name":"Мемориал ВОВ","cat":"touristic","kind":"Достопримечательность","website":null}},{"type":"Feature","geometry":{"type":"Point","coordinates":[41.8782512,55.4392154]},"properties":{"name":"Мемориал ВОВ","cat":"touristic","kind":"Достопримечательность","website":null}},{"type":"Feature","geometry":{"type":"Point","coordinates":[41.7904888,55.206968]},"properties":{"name":"Мемориал ВОВ","cat":"touristic","kind":"Достопримечательность","website":null}},{"type":"Feature","geometry":{"type":"Point","coordinates":[41.9287818,55.3329384]},"properties":{"name":"Мемориал ВОВ","cat":"touristic","kind":"Достопримечательность","website":null}},{"type":"Feature","geometry":{"type":"Point","coordinates":[40.1671582,56.1309602]},"properties":{"name":"Памятная плита погибшим летчикам самолета Пе-2","cat":"touristic","kind":"Достопримечательность","website":null}},{"type":"Feature","geometry":{"type":"Point","coordinates":[41.9305536,55.3436982]},"properties":{"name":"Погибшим выпускникам 1941-1945 гг","cat":"touristic","kind":"Достопримечательность","website":null}},{"type":"Feature","geometry":{"type":"Point","coordinates":[38.7334813,56.3999395]},"properties":{"name":"Колоннада","cat":"touristic","kind":"Достопримечательность","website":null}},{"type":"Feature","geometry":{"type":"Point","coordinates":[38.7343141,56.3988693]},"properties":{"name":"Рыба","cat":"touristic","kind":"Достопримечательность","website":null}},{"type":"Feature","geometry":{"type":"Point","coordinates":[38.7346099,56.3981921]},"properties":{"name":"Я люблю Александров","cat":"touristic","kind":"Достопримечательность","website":null}},{"type":"Feature","geometry":{"type":"Point","coordinates":[38.8657451,56.1612714]},"properties":{"name":"Потерянные буквы","cat":"touristic","kind":"Достопримечательность","website":null}},{"type":"Feature","geometry":{"type":"Point","coordinates":[42.1916065,56.3697693]},"properties":{"name":"Деревянный олень","cat":"touristic","kind":"Достопримечательность","website":null}},{"type":"Feature","geometry":{"type":"Point","coordinates":[42.0435147,55.5779474]},"properties":{"name":"Академику живописи И.С. Куликову","cat":"touristic","kind":"Достопримечательность","website":null}},{"type":"Feature","geometry":{"type":"Point","coordinates":[41.6354353,55.2005656]},"properties":{"name":"ВОВ","cat":"touristic","kind":"Достопримечательность","website":null}},{"type":"Feature","geometry":{"type":"Point","coordinates":[38.7277739,56.4006323]},"properties":{"name":"Мемориал участникам ликвидации последствий аварии на Чернобыльской АЭС","cat":"touristic","kind":"Достопримечательность","website":null}},{"type":"Feature","geometry":{"type":"Point","coordinates":[39.3725808,56.2887876]},"properties":{"name":"Серп и Молот","cat":"touristic","kind":"Достопримечательность","website":null}},{"type":"Feature","geometry":{"type":"Point","coordinates":[39.3728703,56.2888187]},"properties":{"name":"Серп и Молот","cat":"touristic","kind":"Достопримечательность","website":null}},{"type":"Feature","geometry":{"type":"Point","coordinates":[40.4100393,56.1415893]},"properties":{"name":"Дерево любви","cat":"touristic","kind":"Достопримечательность","website":null}},{"type":"Feature","geometry":{"type":"Point","coordinates":[40.0241276,56.2032416]},"properties":{"name":"ОАО Кишлеево","cat":"touristic","kind":"Достопримечательность","website":null}},{"type":"Feature","geometry":{"type":"Point","coordinates":[40.0993332,56.0320833]},"properties":{"name":"Пилотам самолёта У-2","cat":"touristic","kind":"Достопримечательность","website":null}},{"type":"Feature","geometry":{"type":"Point","coordinates":[40.0992715,56.0320383]},"properties":{"name":"Лётчику самолёта Ла-5","cat":"touristic","kind":"Достопримечательность","website":null}},{"type":"Feature","geometry":{"type":"Point","coordinates":[41.2950057,56.4477029]},"properties":{"name":"Лётчикам ВОВ","cat":"touristic","kind":"Достопримечательность","website":null}},{"type":"Feature","geometry":{"type":"Point","coordinates":[40.2180148,56.0449116]},"properties":{"name":"Чайка","cat":"touristic","kind":"Достопримечательность","website":null}},{"type":"Feature","geometry":{"type":"Point","coordinates":[40.3910399,56.1461701]},"properties":{"name":"Девица красавица","cat":"touristic","kind":"Достопримечательность","website":null}},{"type":"Feature","geometry":{"type":"Point","coordinates":[42.6891996,56.2097374]},"properties":{"name":"Десантный бот","cat":"touristic","kind":"Достопримечательность","website":null}},{"type":"Feature","geometry":{"type":"Point","coordinates":[40.0025623,56.3296799]},"properties":{"name":"Невежино","cat":"touristic","kind":"Достопримечательность","website":null}},{"type":"Feature","geometry":{"type":"Point","coordinates":[40.3999566,56.0707165]},"properties":{"name":"Динозавр","cat":"touristic","kind":"Достопримечательность","website":null}},{"type":"Feature","geometry":{"type":"Point","coordinates":[42.0527753,55.5794371]},"properties":{"name":"Доска почёта округа Муром","cat":"touristic","kind":"Достопримечательность","website":null}},{"type":"Feature","geometry":{"type":"Point","coordinates":[39.3758696,55.8839662]},"properties":{"name":"Пляж","cat":"touristic","kind":"Достопримечательность","website":null}},{"type":"Feature","geometry":{"type":"Point","coordinates":[38.3759042,56.5261549]},"properties":{"name":"1941-1945","cat":"touristic","kind":"Достопримечательность","website":null}},{"type":"Feature","geometry":{"type":"Point","coordinates":[42.0362382,55.5789292]},"properties":{"name":"Памятник Ветеранам пожарной охраны","cat":"touristic","kind":"Достопримечательность","website":null}},{"type":"Feature","geometry":{"type":"Point","coordinates":[42.1501992,56.2205223]},"properties":{"name":"1941-1945","cat":"touristic","kind":"Достопримечательность","website":null}},{"type":"Feature","geometry":{"type":"Point","coordinates":[40.7162755,56.2359596]},"properties":{"name":"1941-1945","cat":"touristic","kind":"Достопримечательность","website":null}},{"type":"Feature","geometry":{"type":"Point","coordinates":[42.0170346,55.5638881]},"properties":{"name":"М. И. Калинину","cat":"touristic","kind":"Достопримечательность","website":null}},{"type":"Feature","geometry":{"type":"Point","coordinates":[42.0167319,55.5639164]},"properties":{"name":"140 лет Муромской железной дороге","cat":"touristic","kind":"Достопримечательность","website":null}},{"type":"Feature","geometry":{"type":"Point","coordinates":[42.0173275,55.5640469]},"properties":{"name":"236-му отдельному зенитно-артиллерийскому дивизиону","cat":"touristic","kind":"Достопримечательность","website":null}},{"type":"Feature","geometry":{"type":"Point","coordinates":[42.0377156,55.5759139]},"properties":{"name":"Награждение памятным знаменем","cat":"touristic","kind":"Достопримечательность","website":null}},{"type":"Feature","geometry":{"type":"Point","coordinates":[42.042603,55.5770954]},"properties":{"name":"Жертвователям часовни","cat":"touristic","kind":"Достопримечательность","website":null}},{"type":"Feature","geometry":{"type":"Point","coordinates":[42.0426195,55.5770923]},"properties":{"name":"Освящению часовни","cat":"touristic","kind":"Достопримечательность","website":null}},{"type":"Feature","geometry":{"type":"Point","coordinates":[42.0426776,55.5771062]},"properties":{"name":"Погибшим при исполнении долга","cat":"touristic","kind":"Достопримечательность","website":null}},{"type":"Feature","geometry":{"type":"Point","coordinates":[42.0430492,55.5772132]},"properties":{"name":"А. В. Ганину","cat":"touristic","kind":"Достопримечательность","website":null}},{"type":"Feature","geometry":{"type":"Point","coordinates":[42.0439179,55.5773851]},"properties":{"name":"И. Т. Экземплярскому","cat":"touristic","kind":"Достопримечательность","website":null}},{"type":"Feature","geometry":{"type":"Point","coordinates":[42.0439102,55.5774253]},"properties":{"name":"Учреждение полицмейсиерской конторы","cat":"touristic","kind":"Достопримечательность","website":null}},{"type":"Feature","geometry":{"type":"Point","coordinates":[42.0488107,55.5782228]},"properties":{"name":"Ямщик","cat":"touristic","kind":"Достопримечательность","website":null}},{"type":"Feature","geometry":{"type":"Point","coordinates":[42.0526086,55.5786909]},"properties":{"name":"Карета","cat":"touristic","kind":"Достопримечательность","website":null}},{"type":"Feature","geometry":{"type":"Point","coordinates":[42.0524541,55.5785986]},"properties":{"name":"Влюблённые","cat":"touristic","kind":"Достопримечательность","website":null}},{"type":"Feature","geometry":{"type":"Point","coordinates":[42.047118,55.577846]},"properties":{"name":"М. М. Жукову","cat":"touristic","kind":"Достопримечательность","website":null}},{"type":"Feature","geometry":{"type":"Point","coordinates":[41.3040782,56.366502]},"properties":{"name":"А. А. Зайцеву","cat":"touristic","kind":"Достопримечательность","website":null}},{"type":"Feature","geometry":{"type":"Point","coordinates":[41.3041179,56.3664244]},"properties":{"name":"М. Е. Исаеву и А. А. Моругину","cat":"touristic","kind":"Достопримечательность","website":null}},{"type":"Feature","geometry":{"type":"Point","coordinates":[41.3039368,56.3667873]},"properties":{"name":"А. Я. Малееву","cat":"touristic","kind":"Достопримечательность","website":null}},{"type":"Feature","geometry":{"type":"Point","coordinates":[38.8682147,56.1689101]},"properties":{"name":"Автомобиль ГАИ","cat":"touristic","kind":"Достопримечательность","website":null}},{"type":"Feature","geometry":{"type":"Point","coordinates":[38.433927,56.4615248]},"properties":{"name":"Мемориал погибшим в ВОВ","cat":"touristic","kind":"Достопримечательность","website":null}},{"type":"Feature","geometry":{"type":"Point","coordinates":[40.4618872,56.4190354]},"properties":{"name":"Васильевский монастырь","cat":"touristic","kind":"Достопримечательность","website":null}},{"type":"Feature","geometry":{"type":"Point","coordinates":[42.1659847,56.2405813]},"properties":{"name":"Усадьба Сенькова","cat":"touristic","kind":"Достопримечательность","website":null}},{"type":"Feature","geometry":{"type":"Point","coordinates":[40.4407964,56.4273971]},"properties":{"name":"Александровский монастырь","cat":"touristic","kind":"Достопримечательность","website":null}},{"type":"Feature","geometry":{"type":"Point","coordinates":[38.4262418,56.415971]},"properties":{"name":"Церковь Николая Чудотворца","cat":"touristic","kind":"Достопримечательность","website":null}},{"type":"Feature","geometry":{"type":"Point","coordinates":[41.9620429,55.7501614]},"properties":{"name":"Церковь Успения Пресвятой Богородицы","cat":"touristic","kind":"Достопримечательность","website":null}},{"type":"Feature","geometry":{"type":"Point","coordinates":[40.5367416,56.1962886]},"properties":{"name":"Боголюбский женский монастырь","cat":"touristic","kind":"Достопримечательность","website":null}},{"type":"Feature","geometry":{"type":"Point","coordinates":[42.1467351,56.2419138]},"properties":{"name":"Церковь Покрова Пресвятой Богородицы","cat":"touristic","kind":"Достопримечательность","website":null}},{"type":"Feature","geometry":{"type":"Point","coordinates":[40.4413945,56.4163937]},"properties":{"name":"Церковь Николая Чудотворца из Глотово","cat":"touristic","kind":"Достопримечательность","website":null}},{"type":"Feature","geometry":{"type":"Point","coordinates":[40.4381159,56.4123333]},"properties":{"name":"Крестьянский дом","cat":"touristic","kind":"Достопримечательность","website":null}},{"type":"Feature","geometry":{"type":"Point","coordinates":[40.4394524,56.4129845]},"properties":{"name":"Церковь Воскресения Христова","cat":"touristic","kind":"Достопримечательность","website":null}},{"type":"Feature","geometry":{"type":"Point","coordinates":[40.4426468,56.4159754]},"properties":{"name":"Архиерейские палаты","cat":"touristic","kind":"Достопримечательность","website":null}},{"type":"Feature","geometry":{"type":"Point","coordinates":[40.4397267,56.4127409]},"properties":{"name":"Крестьянская изба XIX в.","cat":"touristic","kind":"Достопримечательность","website":null}},{"type":"Feature","geometry":{"type":"Point","coordinates":[40.4468729,56.4191236]},"properties":{"name":"Входоиерусалимская церковь","cat":"touristic","kind":"Достопримечательность","website":null}},{"type":"Feature","geometry":{"type":"Point","coordinates":[40.4355866,56.4217455]},"properties":{"name":"Церковь Иконы Божией Матери Тихвинская","cat":"touristic","kind":"Достопримечательность","website":null}},{"type":"Feature","geometry":{"type":"Point","coordinates":[40.4398074,56.4132257]},"properties":{"name":"Церковь Спаса Преображения","cat":"touristic","kind":"Достопримечательность","website":null}},{"type":"Feature","geometry":{"type":"Point","coordinates":[40.4432571,56.4162432]},"properties":{"name":"Соборная колокольня","cat":"touristic","kind":"Достопримечательность","website":null}},{"type":"Feature","geometry":{"type":"Point","coordinates":[40.4382533,56.4127996]},"properties":{"name":"Дом зажиточного крестьянина","cat":"touristic","kind":"Достопримечательность","website":null}},{"type":"Feature","geometry":{"type":"Point","coordinates":[40.4467028,56.4188949]},"properties":{"name":"Пятницкая церковь","cat":"touristic","kind":"Достопримечательность","website":null}},{"type":"Feature","geometry":{"type":"Point","coordinates":[40.4428641,56.4167182]},"properties":{"name":"Собор Рождества Пресвятой Богородицы","cat":"touristic","kind":"Достопримечательность","website":null}},{"type":"Feature","geometry":{"type":"Point","coordinates":[40.4419229,56.4203844]},"properties":{"name":"Церковь Рождества Иоанна Предтечи","cat":"touristic","kind":"Достопримечательность","website":null}},{"type":"Feature","geometry":{"type":"Point","coordinates":[40.4386652,56.4129865]},"properties":{"name":"Дом крестьянина-середняка","cat":"touristic","kind":"Достопримечательность","website":null}},{"type":"Feature","geometry":{"type":"Point","coordinates":[40.4373588,56.417542]},"properties":{"name":"Церковь Илии Пророка","cat":"touristic","kind":"Достопримечательность","website":null}},{"type":"Feature","geometry":{"type":"Point","coordinates":[40.4417914,56.4206021]},"properties":{"name":"Церковь Богоявления Господня","cat":"touristic","kind":"Достопримечательность","website":null}},{"type":"Feature","geometry":{"type":"Point","coordinates":[40.4470324,56.4243008]},"properties":{"name":"Преподобенская колокольня","cat":"touristic","kind":"Достопримечательность","website":null}},{"type":"Feature","geometry":{"type":"Point","coordinates":[38.8738011,56.1620033]},"properties":{"name":"Дом аптекаря Заруцкого","cat":"touristic","kind":"Достопримечательность","website":null}},{"type":"Feature","geometry":{"type":"Point","coordinates":[40.4394053,56.4332519]},"properties":{"name":"Собор Преображения Господня","cat":"touristic","kind":"Достопримечательность","website":null}},{"type":"Feature","geometry":{"type":"Point","coordinates":[40.439338,56.432821]},"properties":{"name":"Церковь Успения Пресвятой Богородицы","cat":"touristic","kind":"Достопримечательность","website":null}},{"type":"Feature","geometry":{"type":"Point","coordinates":[42.0467147,55.580979]},"properties":{"name":"Дом купца Зворыкина","cat":"touristic","kind":"Достопримечательность","website":null}},{"type":"Feature","geometry":{"type":"Point","coordinates":[40.4479738,56.4212467]},"properties":{"name":"Церковь Николая Чудотворца Крестовская","cat":"touristic","kind":"Достопримечательность","website":null}},{"type":"Feature","geometry":{"type":"Point","coordinates":[40.4504113,56.4210506]},"properties":{"name":"Церковь Константина Царя","cat":"touristic","kind":"Достопримечательность","website":null}},{"type":"Feature","geometry":{"type":"Point","coordinates":[40.4507733,56.4214027]},"properties":{"name":"Церковь Иконы Божией Матери Всех Скорбящих Радость","cat":"touristic","kind":"Достопримечательность","website":null}},{"type":"Feature","geometry":{"type":"Point","coordinates":[40.4488064,56.4200863]},"properties":{"name":"Церковь Иконы Божией Матери Казанская","cat":"touristic","kind":"Достопримечательность","website":null}},{"type":"Feature","geometry":{"type":"Point","coordinates":[40.4488097,56.4198233]},"properties":{"name":"Церковь Воскресения Словущего","cat":"touristic","kind":"Достопримечательность","website":null}},{"type":"Feature","geometry":{"type":"Point","coordinates":[40.4482472,56.4177081]},"properties":{"name":"Церковь Иоанна Предтечи","cat":"touristic","kind":"Достопримечательность","website":null}},{"type":"Feature","geometry":{"type":"Point","coordinates":[40.4356234,56.4278718]},"properties":{"name":"Церковь Николая Чудотворца","cat":"touristic","kind":"Достопримечательность","website":null}},{"type":"Feature","geometry":{"type":"Point","coordinates":[40.4362357,56.4280011]},"properties":{"name":"Церковь Петра и Павла","cat":"touristic","kind":"Достопримечательность","website":null}},{"type":"Feature","geometry":{"type":"Point","coordinates":[40.4406594,56.4339547]},"properties":{"name":"Церковь Николая Чудотворца","cat":"touristic","kind":"Достопримечательность","website":null}},{"type":"Feature","geometry":{"type":"Point","coordinates":[40.445748,56.4179625]},"properties":{"name":"Церковь Успения Пресвятой Богородицы","cat":"touristic","kind":"Достопримечательность","website":null}},{"type":"Feature","geometry":{"type":"Point","coordinates":[40.4436882,56.4321458]},"properties":{"name":"Церковь Иконы Божией Матери Смоленская","cat":"touristic","kind":"Достопримечательность","website":null}},{"type":"Feature","geometry":{"type":"Point","coordinates":[40.4435337,56.4324474]},"properties":{"name":"Церковь Симеона Столпника","cat":"touristic","kind":"Достопримечательность","website":null}},{"type":"Feature","geometry":{"type":"Point","coordinates":[40.4475185,56.4226278]},"properties":{"name":"Церковь Антипия, епископа Пергамского","cat":"touristic","kind":"Достопримечательность","website":null}},{"type":"Feature","geometry":{"type":"Point","coordinates":[40.4475243,56.4227746]},"properties":{"name":"Церковь Лазаря Праведного Воскрешения","cat":"touristic","kind":"Достопримечательность","website":null}},{"type":"Feature","geometry":{"type":"Point","coordinates":[40.3978029,56.1307378]},"properties":{"name":"Церковь Никиты Великомученика","cat":"touristic","kind":"Достопримечательность","website":null}},{"type":"Feature","geometry":{"type":"Point","coordinates":[40.4109301,56.1292114]},"properties":{"name":"Дмитриевский собор","cat":"touristic","kind":"Достопримечательность","website":null}},{"type":"Feature","geometry":{"type":"Point","coordinates":[40.3638719,56.1206707]},"properties":{"name":"Свято-Казанский храм","cat":"touristic","kind":"Достопримечательность","website":null}},{"type":"Feature","geometry":{"type":"Point","coordinates":[38.9247773,56.0419475]},"properties":{"name":"Руины ГЭС","cat":"touristic","kind":"Достопримечательность","website":null}},{"type":"Feature","geometry":{"type":"Point","coordinates":[40.3859392,56.1317609]},"properties":{"name":"Дом дворянина А.А. Протасьева","cat":"touristic","kind":"Достопримечательность","website":null}},{"type":"Feature","geometry":{"type":"Point","coordinates":[40.3960778,56.1264551]},"properties":{"name":"Церковь Троицы Живоначальной","cat":"touristic","kind":"Достопримечательность","website":null}},{"type":"Feature","geometry":{"type":"Point","coordinates":[40.4139024,56.1312561]},"properties":{"name":"Богородице-Рождественский мужской монастырь","cat":"touristic","kind":"Достопримечательность","website":null}},{"type":"Feature","geometry":{"type":"Point","coordinates":[42.1595497,56.2437278]},"properties":{"name":"Церковь Введения во Храм Пресвятой Богородицы","cat":"touristic","kind":"Достопримечательность","website":null}},{"type":"Feature","geometry":{"type":"Point","coordinates":[41.050571,56.0900804]},"properties":{"name":"Часовня Троицы Живоначальной","cat":"touristic","kind":"Достопримечательность","website":null}},{"type":"Feature","geometry":{"type":"Point","coordinates":[41.3119162,56.3509341]},"properties":{"name":"Памятник \"200 лет Коврову\"","cat":"touristic","kind":"Достопримечательность","website":null}},{"type":"Feature","geometry":{"type":"Point","coordinates":[40.4619495,56.419139]},"properties":{"name":"Собор Василия Великого","cat":"touristic","kind":"Достопримечательность","website":null}},{"type":"Feature","geometry":{"type":"Point","coordinates":[40.4620434,56.4187331]},"properties":{"name":"Церковь Сретения Иконы Божией Матери Владимирская","cat":"touristic","kind":"Достопримечательность","website":null}},{"type":"Feature","geometry":{"type":"Point","coordinates":[40.394894,56.1249244]},"properties":{"name":"Костел Святого Розария Пресвятой Девы Марии Римско-Католической Церкви","cat":"touristic","kind":"Достопримечательность","website":null}},{"type":"Feature","geometry":{"type":"Point","coordinates":[41.3058289,56.3809469]},"properties":{"name":"Спас-Преображенский собор","cat":"touristic","kind":"Достопримечательность","website":null}},{"type":"Feature","geometry":{"type":"Point","coordinates":[40.4011699,56.1224335]},"properties":{"name":"Николо-Галейская церковь","cat":"touristic","kind":"Достопримечательность","website":null}},{"type":"Feature","geometry":{"type":"Point","coordinates":[40.3871658,56.1248649]},"properties":{"name":"Церковь Михаила Архангела","cat":"touristic","kind":"Достопримечательность","website":null}},{"type":"Feature","geometry":{"type":"Point","coordinates":[39.1200541,55.9253778]},"properties":{"name":"Собор Введения Пресвятой Богородицы","cat":"touristic","kind":"Достопримечательность","website":null}},{"type":"Feature","geometry":{"type":"Point","coordinates":[41.7537179,55.1837912]},"properties":{"name":"Вечная память защитникам родины 1941-45г.г.","cat":"touristic","kind":"Достопримечательность","website":null}},{"type":"Feature","geometry":{"type":"Point","coordinates":[40.4365509,56.1428584]},"properties":{"name":"Князь-Владимирская церковь","cat":"touristic","kind":"Достопримечательность","website":null}},{"type":"Feature","geometry":{"type":"Point","coordinates":[40.4359006,56.1448622]},"properties":{"name":"Мемориал воинской славы","cat":"touristic","kind":"Достопримечательность","website":null}},{"type":"Feature","geometry":{"type":"Point","coordinates":[40.4078424,56.1290101]},"properties":{"name":"850-лет г. Владимиру","cat":"touristic","kind":"Достопримечательность","website":null}},{"type":"Feature","geometry":{"type":"Point","coordinates":[40.4465378,56.4237844]},"properties":{"name":"Святые ворота","cat":"touristic","kind":"Достопримечательность","website":null}},{"type":"Feature","geometry":{"type":"Point","coordinates":[40.4352202,56.4140768]},"properties":{"name":"Церковь Бориса и Глеба","cat":"touristic","kind":"Достопримечательность","website":null}},{"type":"Feature","geometry":{"type":"Point","coordinates":[40.4470915,56.4092441]},"properties":{"name":"Церковь Положения Ризы Господней","cat":"touristic","kind":"Достопримечательность","website":null}},{"type":"Feature","geometry":{"type":"Point","coordinates":[40.4506256,56.4142585]},"properties":{"name":"Церковь Космы и Дамиана","cat":"touristic","kind":"Достопримечательность","website":null}},{"type":"Feature","geometry":{"type":"Point","coordinates":[40.4470807,56.4095793]},"properties":{"name":"Церковь Иконы Божией Матери Знамение","cat":"touristic","kind":"Достопримечательность","website":null}},{"type":"Feature","geometry":{"type":"Point","coordinates":[40.4466469,56.4156864]},"properties":{"name":"Церковь Рождества Христова","cat":"touristic","kind":"Достопримечательность","website":null}},{"type":"Feature","geometry":{"type":"Point","coordinates":[40.4281353,56.434028]},"properties":{"name":"Церковь Воздвижения Честного Креста Господня","cat":"touristic","kind":"Достопримечательность","website":null}},{"type":"Feature","geometry":{"type":"Point","coordinates":[40.4284744,56.433854]},"properties":{"name":"Церковь Космы и Дамиана","cat":"touristic","kind":"Достопримечательность","website":null}},{"type":"Feature","geometry":{"type":"Point","coordinates":[40.4610191,56.4093886]},"properties":{"name":"Церковь Александра Невского","cat":"touristic","kind":"Достопримечательность","website":null}},{"type":"Feature","geometry":{"type":"Point","coordinates":[40.4412588,56.4132371]},"properties":{"name":"Амбары на сваях","cat":"touristic","kind":"Достопримечательность","website":null}},{"type":"Feature","geometry":{"type":"Point","coordinates":[40.4376167,56.4130495]},"properties":{"name":"Баня","cat":"touristic","kind":"Достопримечательность","website":null}},{"type":"Feature","geometry":{"type":"Point","coordinates":[40.4467267,56.4245319]},"properties":{"name":"Церковь Сретения Господня","cat":"touristic","kind":"Достопримечательность","website":null}},{"type":"Feature","geometry":{"type":"Point","coordinates":[39.7580005,56.5190838]},"properties":{"name":"Церковь Благовещения Пресвятой Богородицы","cat":"touristic","kind":"Достопримечательность","website":null}},{"type":"Feature","geometry":{"type":"Point","coordinates":[39.8059183,56.3637674]},"properties":{"name":"Семьинское городище","cat":"touristic","kind":"Достопримечательность","website":null}},{"type":"Feature","geometry":{"type":"Point","coordinates":[39.6238771,56.5838398]},"properties":{"name":"Церковь Рождества Пресвятой Богородицы","cat":"touristic","kind":"Достопримечательность","website":null}},{"type":"Feature","geometry":{"type":"Point","coordinates":[39.7083023,56.5964627]},"properties":{"name":"Колокольня церкви Воскресения Христова","cat":"touristic","kind":"Достопримечательность","website":null}},{"type":"Feature","geometry":{"type":"Point","coordinates":[39.7023248,56.5354595]},"properties":{"name":"Церковь \"Всех Скорбящих Радость\" иконы Божией Матери","cat":"touristic","kind":"Достопримечательность","website":null}},{"type":"Feature","geometry":{"type":"Point","coordinates":[39.880392,56.5512826]},"properties":{"name":"Церковь Введения во храм Пресвятой Богородицы","cat":"touristic","kind":"Достопримечательность","website":null}},{"type":"Feature","geometry":{"type":"Point","coordinates":[40.0871088,56.4653603]},"properties":{"name":"Церковь Димитрия Солунского","cat":"touristic","kind":"Достопримечательность","website":null}},{"type":"Feature","geometry":{"type":"Point","coordinates":[40.6915053,56.3422351]},"properties":{"name":"Церковь Николая Чудотворца","cat":"touristic","kind":"Достопримечательность","website":null}},{"type":"Feature","geometry":{"type":"Point","coordinates":[38.8420012,55.9975237]},"properties":{"name":"Церковь Пантелеимона Целителя","cat":"touristic","kind":"Достопримечательность","website":null}},{"type":"Feature","geometry":{"type":"Point","coordinates":[40.654813,56.123093]},"properties":{"name":"Церковь Рождества Пресвятой Богородицы в Ковергино","cat":"touristic","kind":"Достопримечательность","website":null}},{"type":"Feature","geometry":{"type":"Point","coordinates":[39.4741853,56.1871364]},"properties":{"name":"Церковь Успения Пресвятой Богородицы","cat":"touristic","kind":"Достопримечательность","website":null}},{"type":"Feature","geometry":{"type":"Point","coordinates":[40.3776946,56.1266697]},"properties":{"name":"Храм Сретения Владимирской иконы Божей Матери","cat":"touristic","kind":"Достопримечательность","website":null}},{"type":"Feature","geometry":{"type":"Point","coordinates":[40.5964388,56.330962]},"properties":{"name":"Заполицкая МГЭС","cat":"touristic","kind":"Достопримечательность","website":null}},{"type":"Feature","geometry":{"type":"Point","coordinates":[40.637102,56.3199105]},"properties":{"name":"Церковь Воскресения Христова","cat":"touristic","kind":"Достопримечательность","website":null}},{"type":"Feature","geometry":{"type":"Point","coordinates":[40.4258091,56.3190056]},"properties":{"name":"Церковь Михаила Архангела","cat":"touristic","kind":"Достопримечательность","website":null}},{"type":"Feature","geometry":{"type":"Point","coordinates":[40.2736055,56.3676801]},"properties":{"name":"Церковь Воздвижения Креста Господня","cat":"touristic","kind":"Достопримечательность","website":null}},{"type":"Feature","geometry":{"type":"Point","coordinates":[40.220547,56.393518]},"properties":{"name":"Церковь Сергия Радонежского","cat":"touristic","kind":"Достопримечательность","website":null}},{"type":"Feature","geometry":{"type":"Point","coordinates":[40.2203127,56.393331]},"properties":{"name":"Церковь Димитрия Солунского","cat":"touristic","kind":"Достопримечательность","website":null}},{"type":"Feature","geometry":{"type":"Point","coordinates":[40.1271861,56.2740853]},"properties":{"name":"Церковь Покрова Пресвятой Богородицы","cat":"touristic","kind":"Достопримечательность","website":null}},{"type":"Feature","geometry":{"type":"Point","coordinates":[40.1140663,56.2829895]},"properties":{"name":"Церковь Николая Чудотворца","cat":"touristic","kind":"Достопримечательность","website":null}},{"type":"Feature","geometry":{"type":"Point","coordinates":[40.4987334,56.4119532]},"properties":{"name":"Церковь Богоявления Господня","cat":"touristic","kind":"Достопримечательность","website":null}},{"type":"Feature","geometry":{"type":"Point","coordinates":[40.4627797,56.2222488]},"properties":{"name":"Церковь Флора и Лавра","cat":"touristic","kind":"Достопримечательность","website":null}},{"type":"Feature","geometry":{"type":"Point","coordinates":[40.1811214,56.2021523]},"properties":{"name":"Церковь Рождества Пресвятой Богородицы","cat":"touristic","kind":"Достопримечательность","website":null}},{"type":"Feature","geometry":{"type":"Point","coordinates":[40.3087655,56.2397112]},"properties":{"name":"Церковь Воскресения Христова","cat":"touristic","kind":"Достопримечательность","website":null}},{"type":"Feature","geometry":{"type":"Point","coordinates":[40.2818896,56.260192]},"properties":{"name":"Церковь Смоленской иконы Божией Матери","cat":"touristic","kind":"Достопримечательность","website":null}},{"type":"Feature","geometry":{"type":"Point","coordinates":[40.309204,56.234285]},"properties":{"name":"Церковь Вознесения Господня","cat":"touristic","kind":"Достопримечательность","website":null}},{"type":"Feature","geometry":{"type":"Point","coordinates":[40.6187073,55.9371024]},"properties":{"name":"Церковь Рождества Пресвятой Богородицы","cat":"touristic","kind":"Достопримечательность","website":null}},{"type":"Feature","geometry":{"type":"Point","coordinates":[38.7125459,56.5036015]},"properties":{"name":"Собор Рождества Пресвятой Богородицы","cat":"touristic","kind":"Достопримечательность","website":null}},{"type":"Feature","geometry":{"type":"Point","coordinates":[38.7125705,56.5041001]},"properties":{"name":"Церковь Богоявления Господня","cat":"touristic","kind":"Достопримечательность","website":null}},{"type":"Feature","geometry":{"type":"Point","coordinates":[40.2700934,56.1332179]},"properties":{"name":"Церковь Николая Чудотворца","cat":"touristic","kind":"Достопримечательность","website":null}},{"type":"Feature","geometry":{"type":"Point","coordinates":[40.6141666,56.3420989]},"properties":{"name":"Храм Казанской иконы Божией Матери","cat":"touristic","kind":"Достопримечательность","website":null}},{"type":"Feature","geometry":{"type":"Point","coordinates":[40.5146249,56.3031456]},"properties":{"name":"Церковь Илии Пророка","cat":"touristic","kind":"Достопримечательность","website":null}},{"type":"Feature","geometry":{"type":"Point","coordinates":[40.6958432,56.2464925]},"properties":{"name":"Церковь Казанской иконы Божией Матери","cat":"touristic","kind":"Достопримечательность","website":null}},{"type":"Feature","geometry":{"type":"Point","coordinates":[39.825181,56.4730567]},"properties":{"name":"Церковь Космы и Дамиана","cat":"touristic","kind":"Достопримечательность","website":null}},{"type":"Feature","geometry":{"type":"Point","coordinates":[39.942132,56.3507426]},"properties":{"name":"Церковь Петра и Павла","cat":"touristic","kind":"Достопримечательность","website":null}},{"type":"Feature","geometry":{"type":"Point","coordinates":[40.551031,56.5117147]},"properties":{"name":"Церковь Николая Чудотворца","cat":"touristic","kind":"Достопримечательность","website":null}},{"type":"Feature","geometry":{"type":"Point","coordinates":[40.329237,56.3433747]},"properties":{"name":"Церковь Иоанна Богослова","cat":"touristic","kind":"Достопримечательность","website":null}},{"type":"Feature","geometry":{"type":"Point","coordinates":[40.3745166,56.362622]},"properties":{"name":"Церковь Иоанна и Феодора, епископов Суздальских","cat":"touristic","kind":"Достопримечательность","website":null}},{"type":"Feature","geometry":{"type":"Point","coordinates":[40.3748095,56.3625887]},"properties":{"name":"Церковь Николая Чудотворца","cat":"touristic","kind":"Достопримечательность","website":null}},{"type":"Feature","geometry":{"type":"Point","coordinates":[41.6564635,56.4034448]},"properties":{"name":"Церковь Троицы Живоначальной","cat":"touristic","kind":"Достопримечательность","website":null}},{"type":"Feature","geometry":{"type":"Point","coordinates":[41.6837262,56.3801904]},"properties":{"name":"Церковь Петра и Павла","cat":"touristic","kind":"Достопримечательность","website":null}},{"type":"Feature","geometry":{"type":"Point","coordinates":[40.4366644,56.0991475]},"properties":{"name":"Деревня Дуралеевка","cat":"touristic","kind":"Достопримечательность","website":null}},{"type":"Feature","geometry":{"type":"Point","coordinates":[40.297679,56.2974203]},"properties":{"name":"Церковь Космы и Дамиана","cat":"touristic","kind":"Достопримечательность","website":null}},{"type":"Feature","geometry":{"type":"Point","coordinates":[40.3639486,56.3298336]},"properties":{"name":"Церковь Николая Чудотворца","cat":"touristic","kind":"Достопримечательность","website":null}},{"type":"Feature","geometry":{"type":"Point","coordinates":[40.3639512,56.3300798]},"properties":{"name":"Церковь Покрова Пресвятой Богородицы","cat":"touristic","kind":"Достопримечательность","website":null}},{"type":"Feature","geometry":{"type":"Point","coordinates":[40.8597072,55.950295]},"properties":{"name":"Дом Голубева","cat":"touristic","kind":"Достопримечательность","website":null}},{"type":"Feature","geometry":{"type":"Point","coordinates":[40.9039704,55.929923]},"properties":{"name":"Усадьба Храповицкого в Муромцеве","cat":"touristic","kind":"Достопримечательность","website":null}},{"type":"Feature","geometry":{"type":"Point","coordinates":[40.3582792,56.4888663]},"properties":{"name":"Церковь Троицы Живоначальной","cat":"touristic","kind":"Достопримечательность","website":null}},{"type":"Feature","geometry":{"type":"Point","coordinates":[39.9715379,56.168632]},"properties":{"name":"Усадьба Оболенских","cat":"touristic","kind":"Достопримечательность","website":null}},{"type":"Feature","geometry":{"type":"Point","coordinates":[39.9719732,56.1679654]},"properties":{"name":"Церковь Боголюбской иконы Божией Матери","cat":"touristic","kind":"Достопримечательность","website":null}},{"type":"Feature","geometry":{"type":"Point","coordinates":[40.5097234,56.1737361]},"properties":{"name":"Городище \"Чаша\"","cat":"touristic","kind":"Достопримечательность","website":null}},{"type":"Feature","geometry":{"type":"Point","coordinates":[40.5036346,56.1753751]},"properties":{"name":"Стоянка \"Сунгирь\"","cat":"touristic","kind":"Достопримечательность","website":null}},{"type":"Feature","geometry":{"type":"Point","coordinates":[39.5799997,56.5907384]},"properties":{"name":"Церковь Вознесения Господня","cat":"touristic","kind":"Достопримечательность","website":null}},{"type":"Feature","geometry":{"type":"Point","coordinates":[39.8647027,55.8791634]},"properties":{"name":"Осовец","cat":"touristic","kind":"Достопримечательность","website":null}},{"type":"Feature","geometry":{"type":"Point","coordinates":[41.5461222,55.6124946]},"properties":{"name":"Церковь Иоанна Предтечи","cat":"touristic","kind":"Достопримечательность","website":null}},{"type":"Feature","geometry":{"type":"Point","coordinates":[41.6956454,55.6307702]},"properties":{"name":"Церковь Спаса Нерукотворного Образа","cat":"touristic","kind":"Достопримечательность","website":null}},{"type":"Feature","geometry":{"type":"Point","coordinates":[41.7402813,55.7703117]},"properties":{"name":"Церковь Успения Пресвятой Богородицы","cat":"touristic","kind":"Достопримечательность","website":null}},{"type":"Feature","geometry":{"type":"Point","coordinates":[40.264587,56.4161373]},"properties":{"name":"Церковь Михаила Архангела","cat":"touristic","kind":"Достопримечательность","website":null}},{"type":"Feature","geometry":{"type":"Point","coordinates":[40.2509139,56.3791402]},"properties":{"name":"Церковь Симеона, сродника Господня","cat":"touristic","kind":"Достопримечательность","website":null}},{"type":"Feature","geometry":{"type":"Point","coordinates":[40.264606,56.4162765]},"properties":{"name":"Церковь Константина и Елены","cat":"touristic","kind":"Достопримечательность","website":null}},{"type":"Feature","geometry":{"type":"Point","coordinates":[40.5494765,56.4040925]},"properties":{"name":"Церковь Михаила Архангела","cat":"touristic","kind":"Достопримечательность","website":null}},{"type":"Feature","geometry":{"type":"Point","coordinates":[40.3881148,56.4407426]},"properties":{"name":"Церковь Николая Чудотворца","cat":"touristic","kind":"Достопримечательность","website":null}},{"type":"Feature","geometry":{"type":"Point","coordinates":[40.3883123,56.4405695]},"properties":{"name":"Церковь Флора и Лавра","cat":"touristic","kind":"Достопримечательность","website":null}},{"type":"Feature","geometry":{"type":"Point","coordinates":[40.5232944,56.3447808]},"properties":{"name":"Церковь Николая Чудотворца","cat":"touristic","kind":"Достопримечательность","website":null}},{"type":"Feature","geometry":{"type":"Point","coordinates":[40.6723017,56.2868884]},"properties":{"name":"Церковь Троицы Живоначальной","cat":"touristic","kind":"Достопримечательность","website":null}},{"type":"Feature","geometry":{"type":"Point","coordinates":[42.6835536,56.2047699]},"properties":{"name":"Женская гимназия","cat":"touristic","kind":"Достопримечательность","website":null}},{"type":"Feature","geometry":{"type":"Point","coordinates":[42.677306,56.2049408]},"properties":{"name":"Богадельня","cat":"touristic","kind":"Достопримечательность","website":null}},{"type":"Feature","geometry":{"type":"Point","coordinates":[42.6931269,56.1945559]},"properties":{"name":"Дом А.О. Полякова","cat":"touristic","kind":"Достопримечательность","website":null}},{"type":"Feature","geometry":{"type":"Point","coordinates":[42.6746189,56.2074095]},"properties":{"name":"Дом Канунникова (Канонникова)","cat":"touristic","kind":"Достопримечательность","website":null}},{"type":"Feature","geometry":{"type":"Point","coordinates":[42.6758859,56.2077733]},"properties":{"name":"Фабрика полотняная","cat":"touristic","kind":"Достопримечательность","website":null}},{"type":"Feature","geometry":{"type":"Point","coordinates":[42.6797631,56.2056535]},"properties":{"name":"13 мая 2025 г. Старый Гороховец, как археологический памятник России город Гороховец, Владимирская область  Мы в одном из древнейших городов Владимирской области, который сам по себе сходит в список исторических поселений России, федерального значения, та","cat":"touristic","kind":"Достопримечательность","website":null}},{"type":"Feature","geometry":{"type":"Point","coordinates":[42.6768405,56.2078944]},"properties":{"name":"Дом Ознобишиных (Судоплатова)","cat":"touristic","kind":"Достопримечательность","website":null}},{"type":"Feature","geometry":{"type":"Point","coordinates":[42.6762609,56.2065245]},"properties":{"name":"Гороховецкое начальное училище","cat":"touristic","kind":"Достопримечательность","website":null}},{"type":"Feature","geometry":{"type":"Point","coordinates":[42.6772816,56.2065462]},"properties":{"name":"Торговые ряды","cat":"touristic","kind":"Достопримечательность","website":null}},{"type":"Feature","geometry":{"type":"Point","coordinates":[42.680209,56.2059798]},"properties":{"name":"Дом Семенычева","cat":"touristic","kind":"Достопримечательность","website":null}},{"type":"Feature","geometry":{"type":"Point","coordinates":[42.6934461,56.1977925]},"properties":{"name":"Дом Котунина","cat":"touristic","kind":"Достопримечательность","website":null}},{"type":"Feature","geometry":{"type":"Point","coordinates":[42.6820529,56.2086429]},"properties":{"name":"Дом Калелейкина","cat":"touristic","kind":"Достопримечательность","website":null}},{"type":"Feature","geometry":{"type":"Point","coordinates":[42.6782618,56.2070078]},"properties":{"name":"Дом Ершова (Судоплатова)","cat":"touristic","kind":"Достопримечательность","website":null}},{"type":"Feature","geometry":{"type":"Point","coordinates":[42.67559,56.2075686]},"properties":{"name":"Дом Опарина","cat":"touristic","kind":"Достопримечательность","website":null}},{"type":"Feature","geometry":{"type":"Point","coordinates":[42.6790319,56.205105]},"properties":{"name":"Дом Шориных","cat":"touristic","kind":"Достопримечательность","website":null}},{"type":"Feature","geometry":{"type":"Point","coordinates":[42.6786786,56.2060343]},"properties":{"name":"Дом Балуевой, Ларина, Шумиловой","cat":"touristic","kind":"Достопримечательность","website":null}},{"type":"Feature","geometry":{"type":"Point","coordinates":[41.7607379,55.8667205]},"properties":{"name":"Воинам-Селивановцам","cat":"touristic","kind":"Достопримечательность","website":null}},{"type":"Feature","geometry":{"type":"Point","coordinates":[41.7601207,55.8673033]},"properties":{"name":"Самолет СУ-9","cat":"touristic","kind":"Достопримечательность","website":null}},{"type":"Feature","geometry":{"type":"Point","coordinates":[40.9284536,56.2664413]},"properties":{"name":"Церковь Введения во храм Пресвятой Богородицы","cat":"touristic","kind":"Достопримечательность","website":null}},{"type":"Feature","geometry":{"type":"Point","coordinates":[40.5614202,55.9076964]},"properties":{"name":"Церковь Дмитрия Солунского","cat":"touristic","kind":"Достопримечательность","website":null}},{"type":"Feature","geometry":{"type":"Point","coordinates":[41.6914627,56.4937052]},"properties":{"name":"Церковь Преображения Господня","cat":"touristic","kind":"Достопримечательность","website":null}},{"type":"Feature","geometry":{"type":"Point","coordinates":[42.8133275,56.1588681]},"properties":{"name":"Бывшее Гороховецкое депо","cat":"touristic","kind":"Достопримечательность","website":null}},{"type":"Feature","geometry":{"type":"Point","coordinates":[40.8982666,55.9316596]},"properties":{"name":"Конюшня","cat":"touristic","kind":"Достопримечательность","website":null}},{"type":"Feature","geometry":{"type":"Point","coordinates":[40.8988509,55.9322566]},"properties":{"name":"Столовая","cat":"touristic","kind":"Достопримечательность","website":null}},{"type":"Feature","geometry":{"type":"Point","coordinates":[40.9039449,55.9317289]},"properties":{"name":"Храм Святой мученицы царицы Александры Римской","cat":"touristic","kind":"Достопримечательность","website":null}},{"type":"Feature","geometry":{"type":"Point","coordinates":[42.8158125,56.1592534]},"properties":{"name":"Багажный сарай","cat":"touristic","kind":"Достопримечательность","website":null}},{"type":"Feature","geometry":{"type":"Point","coordinates":[38.9605942,56.4431455]},"properties":{"name":"Церковь Троицы Живоначальной","cat":"touristic","kind":"Достопримечательность","website":null}},{"type":"Feature","geometry":{"type":"Point","coordinates":[41.2194499,55.9754621]},"properties":{"name":"Церковь Николая Чудотворца","cat":"touristic","kind":"Достопримечательность","website":null}},{"type":"Feature","geometry":{"type":"Point","coordinates":[39.9514744,56.2916325]},"properties":{"name":"Церковь Троицы Живоначальной","cat":"touristic","kind":"Достопримечательность","website":null}},{"type":"Feature","geometry":{"type":"Point","coordinates":[38.9399246,56.4130241]},"properties":{"name":"Церковь Николая Чудотворца","cat":"touristic","kind":"Достопримечательность","website":null}},{"type":"Feature","geometry":{"type":"Point","coordinates":[39.229874,56.3780476]},"properties":{"name":"Церковь Боголюбской иконы Божией Матери","cat":"touristic","kind":"Достопримечательность","website":null}},{"type":"Feature","geometry":{"type":"Point","coordinates":[39.5705478,56.2608772]},"properties":{"name":"Церковь Троицы Живоначальной","cat":"touristic","kind":"Достопримечательность","website":null}},{"type":"Feature","geometry":{"type":"Point","coordinates":[39.6846026,56.5119047]},"properties":{"name":"Собор Петра и Павла","cat":"touristic","kind":"Достопримечательность","website":null}},{"type":"Feature","geometry":{"type":"Point","coordinates":[40.6086224,56.5515593]},"properties":{"name":"Церковь иконы Божией Матери «Всех скорбящих Радость»","cat":"touristic","kind":"Достопримечательность","website":null}},{"type":"Feature","geometry":{"type":"Point","coordinates":[40.488265,56.4823996]},"properties":{"name":"Церковь Троицы Живоначальной","cat":"touristic","kind":"Достопримечательность","website":null}},{"type":"Feature","geometry":{"type":"Point","coordinates":[40.5607063,56.4688038]},"properties":{"name":"Церковь Иконы Божией Матери Знамение","cat":"touristic","kind":"Достопримечательность","website":null}},{"type":"Feature","geometry":{"type":"Point","coordinates":[40.5114723,56.5724779]},"properties":{"name":"Церковь Николая Чудотворца","cat":"touristic","kind":"Достопримечательность","website":null}},{"type":"Feature","geometry":{"type":"Point","coordinates":[41.999861,56.2862379]},"properties":{"name":"Церковь Успения Пресвятой Богородицы","cat":"touristic","kind":"Достопримечательность","website":null}},{"type":"Feature","geometry":{"type":"Point","coordinates":[39.522125,56.1317243]},"properties":{"name":"Церковь Успения Пресвятой Богородицы","cat":"touristic","kind":"Достопримечательность","website":null}},{"type":"Feature","geometry":{"type":"Point","coordinates":[39.5227323,56.1318023]},"properties":{"name":"Церковь Петра и Павла","cat":"touristic","kind":"Достопримечательность","website":null}},{"type":"Feature","geometry":{"type":"Point","coordinates":[39.3558927,56.3188631]},"properties":{"name":"Воинское захоронение № 33-124","cat":"touristic","kind":"Достопримечательность","website":null}},{"type":"Feature","geometry":{"type":"Point","coordinates":[40.618404,55.9376642]},"properties":{"name":"Старые ворота на кладбище","cat":"touristic","kind":"Достопримечательность","website":null}},{"type":"Feature","geometry":{"type":"Point","coordinates":[38.7854712,56.2462836]},"properties":{"name":"Павшим героям войны","cat":"touristic","kind":"Достопримечательность","website":null}},{"type":"Feature","geometry":{"type":"Point","coordinates":[38.7117097,56.5044385]},"properties":{"name":"Церковь Екатерины Великомученицы","cat":"touristic","kind":"Достопримечательность","website":null}},{"type":"Feature","geometry":{"type":"Point","coordinates":[40.2753022,56.3916824]},"properties":{"name":"Церковь Богоявления Господня","cat":"touristic","kind":"Достопримечательность","website":null}},{"type":"Feature","geometry":{"type":"Point","coordinates":[40.3204942,56.4293723]},"properties":{"name":"Церковь Илии Пророка","cat":"touristic","kind":"Достопримечательность","website":null}},{"type":"Feature","geometry":{"type":"Point","coordinates":[41.3464012,55.8476235]},"properties":{"name":"Церковь Иоанна Богослова","cat":"touristic","kind":"Достопримечательность","website":null}},{"type":"Feature","geometry":{"type":"Point","coordinates":[40.0287359,55.8024575]},"properties":{"name":"Церковь Боголюбской иконы Божией Матери","cat":"touristic","kind":"Достопримечательность","website":null}},{"type":"Feature","geometry":{"type":"Point","coordinates":[38.8747526,56.1620544]},"properties":{"name":"Жилой дом","cat":"touristic","kind":"Достопримечательность","website":null}},{"type":"Feature","geometry":{"type":"Point","coordinates":[42.0530633,55.5780245]},"properties":{"name":"Ермаковская башня","cat":"touristic","kind":"Достопримечательность","website":null}},{"type":"Feature","geometry":{"type":"Point","coordinates":[40.4773605,56.1590742]},"properties":{"name":"Церковь Константина и Елены","cat":"touristic","kind":"Достопримечательность","website":null}},{"type":"Feature","geometry":{"type":"Point","coordinates":[41.2326048,56.0615225]},"properties":{"name":"Церковь Николая Чудотворца","cat":"touristic","kind":"Достопримечательность","website":null}},{"type":"Feature","geometry":{"type":"Point","coordinates":[41.6724643,55.5107244]},"properties":{"name":"Церковь Казанской иконы Божией Матери","cat":"touristic","kind":"Достопримечательность","website":null}},{"type":"Feature","geometry":{"type":"Point","coordinates":[42.6775804,56.2059494]},"properties":{"name":"Присутственные места","cat":"touristic","kind":"Достопримечательность","website":null}},{"type":"Feature","geometry":{"type":"Point","coordinates":[42.6834806,56.2042942]},"properties":{"name":"Особняк Пришлецова","cat":"touristic","kind":"Достопримечательность","website":null}},{"type":"Feature","geometry":{"type":"Point","coordinates":[39.1847284,55.9046429]},"properties":{"name":"Церковь","cat":"touristic","kind":"Достопримечательность","website":null}},{"type":"Feature","geometry":{"type":"Point","coordinates":[39.6816083,56.4983657]},"properties":{"name":"Церковь Георгия Победоносца","cat":"touristic","kind":"Достопримечательность","website":null}},{"type":"Feature","geometry":{"type":"Point","coordinates":[39.6803671,56.4979447]},"properties":{"name":"Памятник участникам ВОВ","cat":"touristic","kind":"Достопримечательность","website":null}},{"type":"Feature","geometry":{"type":"Point","coordinates":[41.4108667,56.0740524]},"properties":{"name":"Церковь Вознесения Господня","cat":"touristic","kind":"Достопримечательность","website":null}},{"type":"Feature","geometry":{"type":"Point","coordinates":[41.4125732,56.0742415]},"properties":{"name":"Церковь Михаила Архангела","cat":"touristic","kind":"Достопримечательность","website":null}},{"type":"Feature","geometry":{"type":"Point","coordinates":[42.678647,56.2055328]},"properties":{"name":"Трактир П.И. Гладышева с усадьбой Карликовых","cat":"touristic","kind":"Достопримечательность","website":null}},{"type":"Feature","geometry":{"type":"Point","coordinates":[42.6851698,56.2090093]},"properties":{"name":"Дом Мишатина","cat":"touristic","kind":"Достопримечательность","website":null}},{"type":"Feature","geometry":{"type":"Point","coordinates":[42.678252,56.2049368]},"properties":{"name":"Дом Ершова (Судоплатова)","cat":"touristic","kind":"Достопримечательность","website":null}},{"type":"Feature","geometry":{"type":"Point","coordinates":[42.6792112,56.2058128]},"properties":{"name":"Дом Карликова","cat":"touristic","kind":"Достопримечательность","website":null}},{"type":"Feature","geometry":{"type":"Point","coordinates":[39.8951851,56.2042028]},"properties":{"name":"Церковь Троицы Живоначальной","cat":"touristic","kind":"Достопримечательность","website":null}},{"type":"Feature","geometry":{"type":"Point","coordinates":[42.0471986,55.5802812]},"properties":{"name":"Дом купца Засухина","cat":"touristic","kind":"Достопримечательность","website":null}},{"type":"Feature","geometry":{"type":"Point","coordinates":[42.0476911,55.5779283]},"properties":{"name":"Бескорыстие, Благородство, Бессмертие","cat":"touristic","kind":"Достопримечательность","website":null}},{"type":"Feature","geometry":{"type":"Point","coordinates":[41.9155085,56.391868]},"properties":{"name":"Церковь Рождества Пресвятой Богородицы","cat":"touristic","kind":"Достопримечательность","website":null}},{"type":"Feature","geometry":{"type":"Point","coordinates":[42.6770742,56.2059124]},"properties":{"name":"Каретник","cat":"touristic","kind":"Достопримечательность","website":null}},{"type":"Feature","geometry":{"type":"Point","coordinates":[41.3793824,55.3284501]},"properties":{"name":"Церковь Сергия Радонежского","cat":"touristic","kind":"Достопримечательность","website":null}},{"type":"Feature","geometry":{"type":"Point","coordinates":[41.6626988,56.334821]},"properties":{"name":"Церковь Николая Чудотворца","cat":"touristic","kind":"Достопримечательность","website":null}},{"type":"Feature","geometry":{"type":"Point","coordinates":[41.619305,56.4722902]},"properties":{"name":"Церковь Покрова Пресвятой Богородицы","cat":"touristic","kind":"Достопримечательность","website":null}},{"type":"Feature","geometry":{"type":"Point","coordinates":[42.055896,55.5801089]},"properties":{"name":"В. К. Зворыкину","cat":"touristic","kind":"Достопримечательность","website":null}},{"type":"Feature","geometry":{"type":"Point","coordinates":[42.0650438,55.5720709]},"properties":{"name":"М. И. Лакину","cat":"touristic","kind":"Достопримечательность","website":null}},{"type":"Feature","geometry":{"type":"Point","coordinates":[40.906986,55.9253365]},"properties":{"name":"Руины беседки","cat":"touristic","kind":"Достопримечательность","website":null}},{"type":"Feature","geometry":{"type":"Point","coordinates":[41.8409842,56.4580619]},"properties":{"name":"Церковь Вознесения Господня","cat":"touristic","kind":"Достопримечательность","website":null}},{"type":"Feature","geometry":{"type":"Point","coordinates":[40.1665327,56.4395784]},"properties":{"name":"Церковь Положения Ризы Божией Матери","cat":"touristic","kind":"Достопримечательность","website":null}},{"type":"Feature","geometry":{"type":"Point","coordinates":[42.6750286,56.2126418]},"properties":{"name":"Святые ворота","cat":"touristic","kind":"Достопримечательность","website":null}},{"type":"Feature","geometry":{"type":"Point","coordinates":[40.977583,56.4894066]},"properties":{"name":"Церковь Казанской иконы Божией Матери","cat":"touristic","kind":"Достопримечательность","website":null}},{"type":"Feature","geometry":{"type":"Point","coordinates":[41.3435683,55.6986191]},"properties":{"name":"Церковь Николая Чудотворца","cat":"touristic","kind":"Достопримечательность","website":null}},{"type":"Feature","geometry":{"type":"Point","coordinates":[39.0943605,56.3150091]},"properties":{"name":"Церковь Николая Чудотворца","cat":"touristic","kind":"Достопримечательность","website":null}},{"type":"Feature","geometry":{"type":"Point","coordinates":[42.3641459,56.2304255]},"properties":{"name":"Церковь Преображения Господня","cat":"touristic","kind":"Достопримечательность","website":null}},{"type":"Feature","geometry":{"type":"Point","coordinates":[40.439861,56.4330935]},"properties":{"name":"Церковь Рождества Иоанна Предтечи","cat":"touristic","kind":"Достопримечательность","website":null}},{"type":"Feature","geometry":{"type":"Point","coordinates":[40.4737104,55.6835143]},"properties":{"name":"Церковь Успения Пресвятой Богородицы","cat":"touristic","kind":"Достопримечательность","website":null}},{"type":"Feature","geometry":{"type":"Point","coordinates":[39.9487081,56.0168551]},"properties":{"name":"Памятник Ленину","cat":"touristic","kind":"Достопримечательность","website":null}},{"type":"Feature","geometry":{"type":"Point","coordinates":[38.8749955,56.1168385]},"properties":{"name":"Ленину","cat":"touristic","kind":"Достопримечательность","website":null}},{"type":"Feature","geometry":{"type":"Point","coordinates":[38.728023,56.3979298]},"properties":{"name":"В. И. Ленину","cat":"touristic","kind":"Достопримечательность","website":null}},{"type":"Feature","geometry":{"type":"Point","coordinates":[39.3754884,56.3078577]},"properties":{"name":"Памятник Ленину","cat":"touristic","kind":"Достопримечательность","website":null}},{"type":"Feature","geometry":{"type":"Point","coordinates":[39.6841562,56.5119403]},"properties":{"name":"Церковь Успения Пресвятой Богородицы","cat":"touristic","kind":"Достопримечательность","website":null}},{"type":"Feature","geometry":{"type":"Point","coordinates":[42.6821119,56.2041596]},"properties":{"name":"Дом Краснощёкова","cat":"touristic","kind":"Достопримечательность","website":null}},{"type":"Feature","geometry":{"type":"Point","coordinates":[41.4214512,55.7770572]},"properties":{"name":"Ознобишинское городище","cat":"touristic","kind":"Достопримечательность","website":null}},{"type":"Feature","geometry":{"type":"Point","coordinates":[40.561444,56.1962674]},"properties":{"name":"храм Покрова на Нерли","cat":"touristic","kind":"Достопримечательность","website":null}},{"type":"Feature","geometry":{"type":"Point","coordinates":[41.6186855,55.3351105]},"properties":{"name":"Крепость Русичи","cat":"touristic","kind":"Достопримечательность","website":null}},{"type":"Feature","geometry":{"type":"Point","coordinates":[41.9469183,55.6160994]},"properties":{"name":"Памятник героям,погибшим за Родину","cat":"touristic","kind":"Достопримечательность","website":null}},{"type":"Feature","geometry":{"type":"Point","coordinates":[39.8706673,56.008535]},"properties":{"name":"Памятник погибшим во Второй Мировой Войне","cat":"touristic","kind":"Достопримечательность","website":null}},{"type":"Feature","geometry":{"type":"Point","coordinates":[38.5553914,56.269437]},"properties":{"name":"ВОВ","cat":"touristic","kind":"Достопримечательность","website":null}},{"type":"Feature","geometry":{"type":"Point","coordinates":[42.6764426,56.2049497]},"properties":{"name":"Дом Белянина","cat":"touristic","kind":"Достопримечательность","website":null}},{"type":"Feature","geometry":{"type":"Point","coordinates":[42.6872415,56.2093383]},"properties":{"name":"Контора завода Шорина","cat":"touristic","kind":"Достопримечательность","website":null}},{"type":"Feature","geometry":{"type":"Point","coordinates":[42.5849754,56.1751225]},"properties":{"name":"Церковь Боголюбской иконы Божией Матери","cat":"touristic","kind":"Достопримечательность","website":null}},{"type":"Feature","geometry":{"type":"Point","coordinates":[42.6790072,56.2048878]},"properties":{"name":"Дом Ефимовых","cat":"touristic","kind":"Достопримечательность","website":null}},{"type":"Feature","geometry":{"type":"Point","coordinates":[42.6795408,56.2056709]},"properties":{"name":"Дом Шорина","cat":"touristic","kind":"Достопримечательность","website":null}},{"type":"Feature","geometry":{"type":"Point","coordinates":[42.6733353,56.2057211]},"properties":{"name":"Амбар","cat":"touristic","kind":"Достопримечательность","website":null}},{"type":"Feature","geometry":{"type":"Point","coordinates":[42.6967616,56.1955941]},"properties":{"name":"Особняк Шорина","cat":"touristic","kind":"Достопримечательность","website":null}},{"type":"Feature","geometry":{"type":"Point","coordinates":[41.7794995,55.211095]},"properties":{"name":"Памятник Герою Советского Союза Александру Павловичу Дмитриеву","cat":"touristic","kind":"Достопримечательность","website":null}},{"type":"Feature","geometry":{"type":"Point","coordinates":[38.8641559,56.1647977]},"properties":{"name":"Лабиринт из камней","cat":"touristic","kind":"Достопримечательность","website":null}},{"type":"Feature","geometry":{"type":"Point","coordinates":[42.6738632,56.2069913]},"properties":{"name":"Амбар","cat":"touristic","kind":"Достопримечательность","website":null}},{"type":"Feature","geometry":{"type":"Point","coordinates":[42.6721907,56.2059731]},"properties":{"name":"Палаты купцов Кармановых (Белова)","cat":"touristic","kind":"Достопримечательность","website":null}},{"type":"Feature","geometry":{"type":"Point","coordinates":[42.6773861,56.2061615]},"properties":{"name":"Караульня","cat":"touristic","kind":"Достопримечательность","website":null}},{"type":"Feature","geometry":{"type":"Point","coordinates":[42.690935,56.2072249]},"properties":{"name":"Скульптура робота","cat":"touristic","kind":"Достопримечательность","website":null}},{"type":"Feature","geometry":{"type":"Point","coordinates":[42.69125,56.2071695]},"properties":{"name":"Монумент воинам-судостроителям, погибшим в ВОВ","cat":"touristic","kind":"Достопримечательность","website":null}},{"type":"Feature","geometry":{"type":"Point","coordinates":[39.6844049,56.5117367]},"properties":{"name":"Петропавловский монастырь","cat":"touristic","kind":"Достопримечательность","website":null}},{"type":"Feature","geometry":{"type":"Point","coordinates":[38.7404542,56.4005954]},"properties":{"name":"Александровский Кремль","cat":"touristic","kind":"Достопримечательность","website":null}},{"type":"Feature","geometry":{"type":"Point","coordinates":[40.428567,56.1470745]},"properties":{"name":"Семь бюстов советских вождей","cat":"touristic","kind":"Достопримечательность","website":null}},{"type":"Feature","geometry":{"type":"Point","coordinates":[40.3988016,56.1314837]},"properties":{"name":"Успенский Княгинин монастырь","cat":"touristic","kind":"Достопримечательность","website":null}},{"type":"Feature","geometry":{"type":"Point","coordinates":[40.3987831,56.1251097]},"properties":{"name":"Бывшая водонапорная башня","cat":"touristic","kind":"Достопримечательность","website":null}},{"type":"Feature","geometry":{"type":"Point","coordinates":[40.409272,56.1274396]},"properties":{"name":"Собор Успения Пресвятой Богородицы","cat":"touristic","kind":"Достопримечательность","website":"https://eparh33.ru/"}},{"type":"Feature","geometry":{"type":"Point","coordinates":[40.3971248,56.1268673]},"properties":{"name":"Золотые ворота","cat":"touristic","kind":"Достопримечательность","website":null}},{"type":"Feature","geometry":{"type":"Point","coordinates":[40.4026401,56.1267719]},"properties":{"name":"Кузница Бородиных","cat":"touristic","kind":"Достопримечательность","website":"https://кузница33.рф"}},{"type":"Feature","geometry":{"type":"Point","coordinates":[40.4021309,56.1268793]},"properties":{"name":"Церковь Георгия Победоносца","cat":"touristic","kind":"Достопримечательность","website":null}},{"type":"Feature","geometry":{"type":"Point","coordinates":[40.448836,56.4194153]},"properties":{"name":"Торговая площадь","cat":"touristic","kind":"Достопримечательность","website":null}},{"type":"Feature","geometry":{"type":"Point","coordinates":[40.1623188,56.1724312]},"properties":{"name":"Николо-Волосовский епархиальный женский монастырь","cat":"touristic","kind":"Достопримечательность","website":null}},{"type":"Feature","geometry":{"type":"Point","coordinates":[40.9551297,55.7388506]},"properties":{"name":"Церковь Воскресения Христова","cat":"touristic","kind":"Достопримечательность","website":null}},{"type":"Feature","geometry":{"type":"Point","coordinates":[40.4421837,56.415936]},"properties":{"name":"Суздальский кремль","cat":"touristic","kind":"Достопримечательность","website":"https://www.vladmuseum.ru/"}},{"type":"Feature","geometry":{"type":"Point","coordinates":[41.4494578,56.3908946]},"properties":{"name":"Дендропарк имени И.Е.Алексеева","cat":"touristic","kind":"Достопримечательность","website":null}},{"type":"Feature","geometry":{"type":"Point","coordinates":[41.2594932,56.1237045]},"properties":{"name":"Усадьба Танеевых","cat":"touristic","kind":"Достопримечательность","website":null}},{"type":"Feature","geometry":{"type":"Point","coordinates":[40.4410372,56.4323357]},"properties":{"name":"Церковь Благовещения Пресвятой Богородицы","cat":"touristic","kind":"Достопримечательность","website":null}},{"type":"Feature","geometry":{"type":"Point","coordinates":[40.4394838,56.4331688]},"properties":{"name":"Спасо-Евфимиев мужской монастырь","cat":"touristic","kind":"Достопримечательность","website":null}}]}